10000 40000
0 1
1 2
2 3
3 4
4 5
5 6
6 7
7 8
8 9
9 10
10 11
11 12
12 13
13 14
14 15
15 16
16 17
17 18
18 19
19 20
20 21
21 22
22 23
23 24
24 25
25 26
26 27
27 28
28 29
29 30
30 31
31 32
32 33
33 34
34 35
280 281
281 282
282 283
283 284
284 285
285 286
286 287
287 288
288 289
289 290
290 291
291 292
292 293
3547 3548
3548 3549
3549 3550
7263 7264
7264 7265
7265 7266
7266 7267
8483 8484
8484 8485
8485 8486
8486 8487
8487 8488
8488 8489
8489 8490
8490 8491
1360 1361
1361 1362
1362 1363
1363 1364
1364 1365
1365 1366
1366 1367
1367 1368
1368 1369
1369 1370
1370 1371
1371 1372
1372 1373
1373 1374
1374 1375
1375 1376
1376 1377
1377 1378
1378 1379
1379 1380
1380 1381
1381 1382
1382 1383
1383 1384
1384 1385
1385 1386
1386 1387
1387 1388
1388 1389
1389 1390
1390 1391
1391 1392
1392 1393
1393 1394
1394 1395
1395 1396
1396 1397
198 199
199 200
200 201
201 202
202 203
203 204
204 205
205 206
206 207
207 208
208 209
209 210
210 211
211 212
212 213
213 214
214 215
215 216
216 217
217 218
218 219
219 220
220 221
221 222
222 223
223 224
224 225
9975 9976
9976 9977
9977 9978
9978 9979
9979 9980
9980 9981
9981 9982
9982 9983
9983 9984
9984 9985
9985 9986
9986 9987
9987 9988
9988 9989
9989 9990
9990 9991
9991 9992
9992 9993
9993 9994
9994 9995
9995 9996
9996 9997
9997 9998
9998 9999
9999 0
0 1
1 2
2 3
3 4
4 5
5 6
6 7
7 8
8 9
9 10
10 11
11 12
12 13
13 14
4273 4274
4274 4275
4275 4276
4276 4277
4277 4278
4278 4279
4279 4280
4280 4281
8281 8282
8282 8283
8283 8284
8284 8285
8285 8286
8286 8287
8287 8288
8288 8289
8289 8290
8290 8291
8291 8292
8292 8293
8293 8294
8294 8295
8295 8296
8296 8297
8297 8298
8298 8299
8299 8300
8300 8301
8301 8302
8302 8303
8303 8304
8304 8305
8305 8306
8306 8307
8307 8308
8308 8309
8309 8310
8310 8311
8311 8312
8312 8313
8313 8314
8314 8315
8315 8316
8316 8317
8317 8318
8318 8319
8319 8320
8320 8321
8321 8322
8322 8323
8323 8324
8324 8325
8325 8326
8326 8327
8327 8328
8328 8329
8329 8330
8330 8331
8331 8332
8332 8333
8333 8334
8334 8335
8335 8336
8336 8337
8337 8338
8338 8339
8339 8340
8340 8341
8341 8342
8342 8343
8343 8344
8344 8345
8345 8346
8346 8347
6129 6130
6130 6131
6131 6132
6132 6133
6133 6134
6134 6135
9583 9584
9835 9836
9836 9837
9837 9838
9838 9839
9839 9840
9840 9841
9841 9842
9842 9843
9843 9844
9844 9845
9845 9846
9846 9847
9847 9848
9848 9849
9849 9850
9850 9851
9851 9852
9852 9853
9853 9854
9854 9855
9855 9856
9856 9857
4852 4853
4853 4854
4854 4855
4855 4856
4856 4857
4857 4858
4858 4859
4859 4860
3477 3478
3478 3479
3479 3480
3480 3481
3481 3482
3482 3483
3483 3484
3484 3485
3485 3486
3486 3487
3487 3488
3488 3489
3489 3490
3490 3491
3491 3492
3492 3493
3493 3494
3494 3495
3495 3496
3496 3497
3497 3498
3498 3499
3499 3500
3500 3501
3501 3502
3502 3503
3503 3504
3504 3505
3505 3506
3506 3507
3507 3508
3508 3509
3509 3510
3510 3511
3511 3512
3512 3513
3513 3514
3514 3515
3515 3516
3516 3517
3517 3518
3518 3519
3519 3520
3520 3521
3521 3522
3522 3523
3523 3524
3524 3525
3525 3526
3526 3527
3527 3528
3528 3529
3529 3530
3530 3531
3531 3532
3532 3533
3533 3534
3534 3535
3535 3536
3536 3537
3537 3538
3538 3539
3539 3540
3540 3541
3541 3542
3542 3543
3543 3544
3544 3545
3545 3546
3546 3547
3547 3548
3548 3549
3549 3550
3550 3551
3551 3552
3552 3553
3553 3554
3554 3555
3555 3556
3556 3557
3557 3558
3558 3559
3559 3560
3560 3561
3561 3562
3562 3563
3563 3564
3564 3565
2893 2894
2894 2895
2895 2896
2896 2897
2897 2898
2898 2899
2899 2900
2900 2901
2901 2902
2902 2903
2903 2904
2904 2905
2905 2906
2906 2907
2907 2908
2908 2909
2909 2910
2910 2911
2911 2912
2912 2913
2913 2914
2914 2915
2915 2916
2916 2917
2917 2918
2918 2919
2919 2920
2920 2921
2921 2922
2922 2923
2923 2924
2924 2925
2925 2926
2926 2927
2927 2928
2928 2929
2929 2930
2930 2931
2931 2932
2932 2933
2933 2934
2934 2935
2935 2936
2936 2937
2937 2938
2938 2939
2939 2940
2940 2941
2941 2942
2942 2943
2943 2944
2944 2945
2945 2946
2946 2947
2947 2948
2948 2949
2949 2950
2950 2951
2951 2952
2952 2953
2953 2954
2954 2955
2955 2956
2956 2957
2957 2958
2958 2959
2959 2960
2960 2961
2961 2962
2962 2963
2963 2964
2964 2965
2965 2966
2966 2967
2967 2968
2968 2969
2969 2970
2970 2971
2971 2972
2972 2973
2973 2974
2974 2975
2975 2976
2976 2977
2977 2978
2978 2979
2979 2980
2980 2981
2981 2982
2982 2983
2983 2984
2984 2985
2985 2986
2986 2987
2987 2988
2988 2989
2989 2990
2990 2991
2991 2992
2992 2993
2993 2994
2994 2995
2995 2996
2996 2997
2997 2998
2998 2999
2999 3000
8536 8537
8537 8538
8538 8539
8539 8540
8540 8541
8541 8542
8542 8543
8543 8544
8544 8545
8545 8546
8546 8547
4377 4378
4378 4379
4379 4380
4380 4381
4381 4382
4382 4383
4383 4384
4384 4385
4385 4386
4386 4387
4387 4388
4388 4389
4389 4390
4390 4391
4391 4392
4392 4393
4393 4394
4394 4395
4395 4396
4396 4397
4397 4398
4398 4399
4399 4400
4400 4401
4401 4402
4402 4403
4403 4404
4404 4405
4405 4406
4406 4407
4407 4408
4408 4409
4409 4410
4410 4411
4411 4412
4412 4413
4413 4414
4414 4415
4415 4416
4416 4417
4417 4418
4418 4419
4419 4420
4420 4421
4421 4422
4422 4423
4423 4424
4424 4425
4425 4426
4426 4427
4427 4428
4428 4429
4429 4430
4430 4431
4431 4432
4432 4433
4433 4434
4434 4435
4435 4436
4436 4437
4437 4438
5073 5074
5074 5075
5075 5076
5076 5077
5077 5078
5078 5079
5079 5080
5080 5081
5081 5082
5082 5083
5083 5084
5084 5085
5085 5086
5086 5087
5087 5088
5088 5089
765 766
766 767
767 768
768 769
769 770
3208 3209
3209 3210
3210 3211
3211 3212
3212 3213
3213 3214
3214 3215
3215 3216
3216 3217
3217 3218
3696 3697
3697 3698
3698 3699
3699 3700
3700 3701
3701 3702
3702 3703
6535 6536
6536 6537
6537 6538
6538 6539
6539 6540
6540 6541
6541 6542
6542 6543
6543 6544
6544 6545
6545 6546
6546 6547
6547 6548
6548 6549
6549 6550
6550 6551
6551 6552
6552 6553
6553 6554
6554 6555
6555 6556
6556 6557
6557 6558
6558 6559
6559 6560
6560 6561
6561 6562
6562 6563
6563 6564
6564 6565
6565 6566
6566 6567
6567 6568
6568 6569
6569 6570
6570 6571
6576 6577
6577 6578
6578 6579
6579 6580
6580 6581
6581 6582
6582 6583
6913 6914
6914 6915
6915 6916
6916 6917
6917 6918
6918 6919
6919 6920
6920 6921
6921 6922
6922 6923
6923 6924
6924 6925
6925 6926
6926 6927
6927 6928
6928 6929
6929 6930
6930 6931
6931 6932
6932 6933
6933 6934
6934 6935
6935 6936
6936 6937
6937 6938
6938 6939
6939 6940
6940 6941
6941 6942
6942 6943
6943 6944
6944 6945
6945 6946
6946 6947
6947 6948
6948 6949
6949 6950
6950 6951
6951 6952
6952 6953
2216 2217
2217 2218
2218 2219
2219 2220
2220 2221
2221 2222
2222 2223
2223 2224
2224 2225
2225 2226
2226 2227
2227 2228
2228 2229
2229 2230
2230 2231
3245 3246
3246 3247
3247 3248
3248 3249
3249 3250
3250 3251
3251 3252
3252 3253
3253 3254
3254 3255
3255 3256
3256 3257
3257 3258
3258 3259
3166 3167
3167 3168
3168 3169
3169 3170
3170 3171
3171 3172
3172 3173
3173 3174
3174 3175
3175 3176
3176 3177
3177 3178
3178 3179
3179 3180
3180 3181
3181 3182
3182 3183
3305 3306
3306 3307
3307 3308
3916 3917
3917 3918
3918 3919
3919 3920
3920 3921
3921 3922
3922 3923
3923 3924
3924 3925
3925 3926
3926 3927
3927 3928
3928 3929
3929 3930
3930 3931
3931 3932
3932 3933
3933 3934
3934 3935
3935 3936
3936 3937
3937 3938
3938 3939
3939 3940
3940 3941
3941 3942
3942 3943
3943 3944
3944 3945
3945 3946
3946 3947
3947 3948
3948 3949
3949 3950
3950 3951
3951 3952
3952 3953
3953 3954
3954 3955
3955 3956
3956 3957
3957 3958
3958 3959
3959 3960
3960 3961
3961 3962
3962 3963
3963 3964
3964 3965
3965 3966
3966 3967
3967 3968
3968 3969
3969 3970
4745 4746
4746 4747
4747 4748
4748 4749
4749 4750
4750 4751
4751 4752
8878 8879
8879 8880
8880 8881
8881 8882
8882 8883
8883 8884
8884 8885
8885 8886
8886 8887
8887 8888
8888 8889
8889 8890
8890 8891
8891 8892
8892 8893
8893 8894
8894 8895
8346 8347
8347 8348
8348 8349
8349 8350
8350 8351
8351 8352
8352 8353
8353 8354
8354 8355
8355 8356
8356 8357
8357 8358
9723 9724
9724 9725
9725 9726
9726 9727
9727 9728
9728 9729
9729 9730
9730 9731
9731 9732
9732 9733
9733 9734
9734 9735
9735 9736
9736 9737
9737 9738
9738 9739
9739 9740
9740 9741
9741 9742
9742 9743
9743 9744
9744 9745
9745 9746
9746 9747
4475 4476
4476 4477
4477 4478
4478 4479
4479 4480
4480 4481
4481 4482
4482 4483
4483 4484
4484 4485
4485 4486
4486 4487
4487 4488
4488 4489
4489 4490
4490 4491
4491 4492
4492 4493
4493 4494
4494 4495
4495 4496
4496 4497
4497 4498
4498 4499
4499 4500
4500 4501
4501 4502
4502 4503
4503 4504
4504 4505
4505 4506
4506 4507
4507 4508
4508 4509
4509 4510
4510 4511
4511 4512
4512 4513
4513 4514
4514 4515
4515 4516
4516 4517
4517 4518
4518 4519
4519 4520
4520 4521
4521 4522
4522 4523
4523 4524
4524 4525
4525 4526
8039 8040
8040 8041
8041 8042
8042 8043
8043 8044
8044 8045
8045 8046
8046 8047
8047 8048
8048 8049
8049 8050
8050 8051
740 741
741 742
742 743
743 744
744 745
745 746
746 747
747 748
748 749
749 750
750 751
751 752
752 753
753 754
754 755
755 756
756 757
757 758
758 759
759 760
760 761
761 762
762 763
5205 5206
5206 5207
5207 5208
5208 5209
5209 5210
5210 5211
5211 5212
5212 5213
5213 5214
5214 5215
5215 5216
5216 5217
5217 5218
5218 5219
5219 5220
5220 5221
5221 5222
6786 6787
6787 6788
6788 6789
6789 6790
6790 6791
6791 6792
6792 6793
6793 6794
6794 6795
6795 6796
6796 6797
6797 6798
6798 6799
6799 6800
6800 6801
6801 6802
6802 6803
6803 6804
6804 6805
6805 6806
6806 6807
6807 6808
6808 6809
6809 6810
6810 6811
6811 6812
6812 6813
6813 6814
6814 6815
6815 6816
6816 6817
6817 6818
6818 6819
6819 6820
6820 6821
6821 6822
6822 6823
6823 6824
6824 6825
6825 6826
6826 6827
6827 6828
6828 6829
6829 6830
6830 6831
6831 6832
6832 6833
6833 6834
6834 6835
6835 6836
6836 6837
6837 6838
6838 6839
717 718
718 719
719 720
720 721
721 722
722 723
723 724
724 725
725 726
726 727
727 728
728 729
729 730
730 731
731 732
732 733
733 734
734 735
735 736
736 737
965 966
7798 7799
7799 7800
7800 7801
7801 7802
7802 7803
7803 7804
7804 7805
7805 7806
7806 7807
7807 7808
7808 7809
7809 7810
7810 7811
7811 7812
7812 7813
7813 7814
7814 7815
7815 7816
4783 4784
4784 4785
4785 4786
3446 3447
3447 3448
3448 3449
3449 3450
3450 3451
3451 3452
3452 3453
3453 3454
3454 3455
3455 3456
3456 3457
3457 3458
4489 4490
4490 4491
4491 4492
4492 4493
4493 4494
4494 4495
4495 4496
4496 4497
4497 4498
4498 4499
4499 4500
4500 4501
4501 4502
4502 4503
4503 4504
4504 4505
4505 4506
4506 4507
4507 4508
4508 4509
4509 4510
4510 4511
4511 4512
4512 4513
4513 4514
4514 4515
4515 4516
4516 4517
4517 4518
4518 4519
4519 4520
1027 1028
1028 1029
1029 1030
1030 1031
1031 1032
1032 1033
1033 1034
1034 1035
1035 1036
1036 1037
1037 1038
1038 1039
1039 1040
1040 1041
1041 1042
2750 2751
2751 2752
2752 2753
2753 2754
2754 2755
2755 2756
7818 7819
7819 7820
7820 7821
7821 7822
7822 7823
7823 7824
7824 7825
7825 7826
7826 7827
7827 7828
7828 7829
7829 7830
7830 7831
7831 7832
7832 7833
7833 7834
7834 7835
7835 7836
7836 7837
7837 7838
7838 7839
3973 3974
3974 3975
3975 3976
3976 3977
167 168
168 169
169 170
170 171
171 172
172 173
173 174
174 175
175 176
176 177
177 178
178 179
179 180
180 181
181 182
182 183
183 184
184 185
185 186
186 187
187 188
188 189
189 190
190 191
191 192
192 193
193 194
194 195
195 196
1197 1198
1198 1199
1199 1200
1200 1201
1201 1202
1202 1203
1203 1204
1204 1205
1205 1206
1206 1207
1207 1208
1208 1209
1209 1210
1210 1211
1211 1212
1212 1213
1213 1214
1214 1215
1215 1216
1216 1217
1217 1218
1218 1219
1219 1220
1220 1221
1221 1222
1222 1223
1223 1224
1224 1225
1225 1226
1226 1227
1227 1228
1228 1229
1229 1230
1230 1231
1231 1232
1232 1233
1233 1234
1234 1235
1235 1236
5698 5699
5699 5700
5700 5701
5701 5702
5702 5703
5703 5704
4004 4005
4005 4006
4006 4007
709 710
710 711
711 712
712 713
713 714
714 715
4470 4471
4471 4472
4472 4473
4473 4474
4474 4475
4475 4476
4476 4477
4477 4478
4478 4479
1340 1341
1341 1342
1342 1343
1343 1344
1344 1345
1345 1346
1346 1347
1347 1348
1348 1349
1349 1350
1350 1351
1351 1352
1352 1353
1353 1354
1354 1355
1355 1356
1356 1357
1357 1358
1358 1359
1359 1360
1360 1361
1361 1362
1362 1363
1363 1364
1364 1365
1365 1366
1366 1367
1367 1368
1368 1369
1369 1370
1370 1371
1371 1372
1372 1373
1373 1374
1374 1375
1375 1376
1376 1377
1377 1378
1378 1379
1379 1380
1380 1381
1381 1382
1382 1383
1383 1384
1384 1385
1385 1386
1386 1387
5026 5027
5027 5028
5028 5029
5029 5030
5030 5031
5031 5032
5032 5033
5033 5034
5034 5035
5035 5036
5036 5037
5037 5038
5038 5039
5039 5040
5040 5041
5041 5042
5042 5043
5043 5044
5044 5045
5045 5046
5046 5047
2540 2541
2541 2542
2542 2543
2543 2544
2544 2545
2545 2546
2546 2547
2547 2548
2548 2549
2549 2550
2550 2551
2551 2552
2552 2553
2553 2554
2554 2555
2555 2556
9307 9308
9308 9309
8757 8758
8758 8759
8759 8760
8760 8761
8761 8762
8762 8763
8763 8764
8764 8765
8765 8766
9643 9644
9644 9645
9645 9646
9646 9647
9647 9648
9648 9649
9649 9650
9650 9651
9651 9652
9652 9653
9653 9654
9654 9655
9655 9656
9656 9657
9657 9658
9658 9659
9659 9660
9660 9661
9661 9662
9662 9663
847 848
848 849
849 850
850 851
851 852
852 853
853 854
854 855
855 856
856 857
857 858
858 859
859 860
860 861
861 862
862 863
863 864
864 865
865 866
866 867
867 868
868 869
869 870
870 871
871 872
872 873
873 874
874 875
875 876
876 877
877 878
878 879
879 880
880 881
881 882
882 883
883 884
884 885
885 886
886 887
887 888
888 889
889 890
890 891
891 892
892 893
893 894
894 895
895 896
7192 7193
7193 7194
7194 7195
7195 7196
7196 7197
7197 7198
7198 7199
7199 7200
7200 7201
7201 7202
7202 7203
7203 7204
7204 7205
7205 7206
7206 7207
7207 7208
7208 7209
7209 7210
7210 7211
7211 7212
7212 7213
1958 1959
1959 1960
1960 1961
1961 1962
1962 1963
1963 1964
1964 1965
1965 1966
1966 1967
1967 1968
1968 1969
1969 1970
1970 1971
1971 1972
1972 1973
1973 1974
1974 1975
1975 1976
1976 1977
1977 1978
1978 1979
1979 1980
1980 1981
1981 1982
1982 1983
1983 1984
1984 1985
1985 1986
1986 1987
1987 1988
1988 1989
1989 1990
1990 1991
1991 1992
1992 1993
1993 1994
1994 1995
1995 1996
1996 1997
1997 1998
1998 1999
1999 2000
2000 2001
2001 2002
2002 2003
2003 2004
2004 2005
9622 9623
9623 9624
9624 9625
9625 9626
9626 9627
9627 9628
9628 9629
9629 9630
9630 9631
9631 9632
9632 9633
9633 9634
9634 9635
9635 9636
9636 9637
9637 9638
9638 9639
9639 9640
7920 7921
7921 7922
7922 7923
7923 7924
7924 7925
7925 7926
7926 7927
7927 7928
7928 7929
7146 7147
7147 7148
7148 7149
7149 7150
7484 7485
7485 7486
7486 7487
7487 7488
7488 7489
7489 7490
7490 7491
7491 7492
7492 7493
7493 7494
7494 7495
7495 7496
7496 7497
7497 7498
7498 7499
7499 7500
7500 7501
7501 7502
7502 7503
7503 7504
7504 7505
7505 7506
7506 7507
7507 7508
7508 7509
7509 7510
7510 7511
7511 7512
7512 7513
7513 7514
7514 7515
7515 7516
7516 7517
7517 7518
7518 7519
7519 7520
7520 7521
7521 7522
7522 7523
7523 7524
7524 7525
8356 8357
8357 8358
8358 8359
8359 8360
8360 8361
8361 8362
8362 8363
8363 8364
8364 8365
8365 8366
8366 8367
8367 8368
4419 4420
4420 4421
4421 4422
4422 4423
4423 4424
7683 7684
7684 7685
7685 7686
7686 7687
7687 7688
7688 7689
7689 7690
7690 7691
7691 7692
7692 7693
7693 7694
7694 7695
7695 7696
7696 7697
7697 7698
7698 7699
7699 7700
7700 7701
7701 7702
7702 7703
7703 7704
7704 7705
7705 7706
7706 7707
7707 7708
7708 7709
7709 7710
7710 7711
7711 7712
1518 1519
1519 1520
1520 1521
845 846
846 847
847 848
848 849
849 850
850 851
851 852
852 853
853 854
854 855
855 856
856 857
857 858
502 503
503 504
504 505
505 506
506 507
507 508
508 509
509 510
510 511
511 512
512 513
513 514
514 515
515 516
516 517
517 518
518 519
519 520
520 521
521 522
522 523
523 524
524 525
525 526
526 527
527 528
528 529
529 530
530 531
4566 4567
4567 4568
4568 4569
4569 4570
4570 4571
4571 4572
4572 4573
4573 4574
4574 4575
4575 4576
4576 4577
4577 4578
4578 4579
4579 4580
4580 4581
4581 4582
4582 4583
4583 4584
4584 4585
4585 4586
4586 4587
4587 4588
4588 4589
4589 4590
4590 4591
4591 4592
4592 4593
4593 4594
4594 4595
4595 4596
4596 4597
4597 4598
4598 4599
4599 4600
4600 4601
4601 4602
4602 4603
4603 4604
4604 4605
4605 4606
1155 1156
1156 1157
1157 1158
1158 1159
1159 1160
1160 1161
1161 1162
1162 1163
1163 1164
1164 1165
2203 2204
2204 2205
2205 2206
2206 2207
2207 2208
2208 2209
2209 2210
2210 2211
2211 2212
2212 2213
5506 5507
5507 5508
5508 5509
5509 5510
5510 5511
5511 5512
5512 5513
5304 5305
5305 5306
5306 5307
5307 5308
5308 5309
5309 5310
5310 5311
5311 5312
5312 5313
5313 5314
5314 5315
5315 5316
5316 5317
5317 5318
5318 5319
5319 5320
5320 5321
5321 5322
5322 5323
5323 5324
5324 5325
5325 5326
5326 5327
5327 5328
5328 5329
5329 5330
5330 5331
5331 5332
5332 5333
5333 5334
5334 5335
5335 5336
5336 5337
5337 5338
5338 5339
5339 5340
5340 5341
5341 5342
5342 5343
5343 5344
5344 5345
5345 5346
5346 5347
5347 5348
5348 5349
5349 5350
5350 5351
5351 5352
7851 7852
7852 7853
7853 7854
7854 7855
7855 7856
7856 7857
7857 7858
7858 7859
7859 7860
7860 7861
7861 7862
7862 7863
7863 7864
7864 7865
7865 7866
7866 7867
7867 7868
7868 7869
7869 7870
7870 7871
7871 7872
7872 7873
7873 7874
7874 7875
7875 7876
7876 7877
7877 7878
7878 7879
7879 7880
7880 7881
7881 7882
7882 7883
7883 7884
7884 7885
7885 7886
5664 5665
5665 5666
5666 5667
5667 5668
5668 5669
5669 5670
5670 5671
5671 5672
5672 5673
5673 5674
5674 5675
5675 5676
5676 5677
5677 5678
5678 5679
5679 5680
5680 5681
5681 5682
5682 5683
5683 5684
5684 5685
5685 5686
5686 5687
5687 5688
5688 5689
5689 5690
5690 5691
5691 5692
5692 5693
5693 5694
5694 5695
5695 5696
5696 5697
5697 5698
5698 5699
5699 5700
5700 5701
5701 5702
5702 5703
5703 5704
5704 5705
5705 5706
5706 5707
7894 7895
7895 7896
7896 7897
7897 7898
7898 7899
7899 7900
7900 7901
7901 7902
7902 7903
3857 3858
3858 3859
3859 3860
3860 3861
3861 3862
3862 3863
3863 3864
3864 3865
3865 3866
3866 3867
3867 3868
3868 3869
3869 3870
3870 3871
3871 3872
3872 3873
3873 3874
3874 3875
3875 3876
3876 3877
3877 3878
3878 3879
3879 3880
3880 3881
3881 3882
3882 3883
3883 3884
3884 3885
3885 3886
3886 3887
3887 3888
3888 3889
3889 3890
3890 3891
11 12
12 13
13 14
14 15
15 16
16 17
17 18
18 19
19 20
4058 4059
4059 4060
4060 4061
4061 4062
4062 4063
8654 8655
8655 8656
8656 8657
8657 8658
8658 8659
8659 8660
8660 8661
8661 8662
8662 8663
8663 8664
8664 8665
8665 8666
8666 8667
8667 8668
8668 8669
8669 8670
8670 8671
8671 8672
8672 8673
8673 8674
8674 8675
8675 8676
8676 8677
8677 8678
8678 8679
8679 8680
8680 8681
4518 4519
4519 4520
4520 4521
4521 4522
4522 4523
4523 4524
4524 4525
4525 4526
4526 4527
4527 4528
4528 4529
4529 4530
4530 4531
4531 4532
4532 4533
4533 4534
4534 4535
4535 4536
4536 4537
4537 4538
4538 4539
4539 4540
4540 4541
4541 4542
4542 4543
4543 4544
4544 4545
4545 4546
4546 4547
4547 4548
4548 4549
4549 4550
4550 4551
4551 4552
4552 4553
4553 4554
4554 4555
4555 4556
4556 4557
4557 4558
4558 4559
4559 4560
4560 4561
4561 4562
4562 4563
4563 4564
4564 4565
4565 4566
4566 4567
4567 4568
4568 4569
3242 3243
3243 3244
3244 3245
3245 3246
3246 3247
3247 3248
3248 3249
3249 3250
3250 3251
3251 3252
3252 3253
3253 3254
3254 3255
3255 3256
3256 3257
3257 3258
3258 3259
3259 3260
3260 3261
610 611
611 612
612 613
613 614
614 615
615 616
616 617
617 618
618 619
619 620
620 621
621 622
622 623
623 624
624 625
625 626
626 627
627 628
628 629
629 630
630 631
631 632
632 633
633 634
634 635
635 636
636 637
637 638
638 639
639 640
640 641
641 642
642 643
643 644
644 645
645 646
646 647
647 648
648 649
649 650
650 651
651 652
652 653
653 654
654 655
655 656
656 657
657 658
658 659
659 660
660 661
661 662
662 663
663 664
664 665
665 666
666 667
8912 8913
8913 8914
8914 8915
8915 8916
8916 8917
8917 8918
8918 8919
8919 8920
2965 2966
8349 8350
8350 8351
8351 8352
8352 8353
8353 8354
8354 8355
8355 8356
8356 8357
8357 8358
8358 8359
8359 8360
8360 8361
8361 8362
8362 8363
8363 8364
8364 8365
8365 8366
8366 8367
8367 8368
8368 8369
8369 8370
8370 8371
8371 8372
8372 8373
8373 8374
8374 8375
8375 8376
8376 8377
8377 8378
8378 8379
8379 8380
8380 8381
8381 8382
8382 8383
8383 8384
8384 8385
8385 8386
8386 8387
8387 8388
8388 8389
8389 8390
8390 8391
8391 8392
8392 8393
8393 8394
5556 5557
5557 5558
5558 5559
5559 5560
5560 5561
5561 5562
5562 5563
5563 5564
5564 5565
5565 5566
5566 5567
5567 5568
5568 5569
5569 5570
5570 5571
5571 5572
5572 5573
5573 5574
5574 5575
5575 5576
5576 5577
5577 5578
5578 5579
5579 5580
5580 5581
5581 5582
5582 5583
5583 5584
5584 5585
5585 5586
5586 5587
5587 5588
5588 5589
5589 5590
5590 5591
5591 5592
5592 5593
5593 5594
5594 5595
5595 5596
5596 5597
5597 5598
5598 5599
5599 5600
5600 5601
5601 5602
5602 5603
5603 5604
5604 5605
5605 5606
4224 4225
4225 4226
4226 4227
4227 4228
4228 4229
4229 4230
4230 4231
4231 4232
4232 4233
4233 4234
4234 4235
4235 4236
4236 4237
4237 4238
4238 4239
4239 4240
4240 4241
4241 4242
4242 4243
4243 4244
4244 4245
4245 4246
4246 4247
4247 4248
4248 4249
4249 4250
4250 4251
4251 4252
4252 4253
4253 4254
4254 4255
4255 4256
4256 4257
4257 4258
80 81
81 82
82 83
83 84
84 85
85 86
86 87
87 88
88 89
89 90
90 91
91 92
92 93
93 94
94 95
95 96
96 97
97 98
98 99
99 100
100 101
101 102
102 103
103 104
104 105
105 106
8906 8907
8907 8908
8908 8909
8909 8910
8910 8911
8911 8912
8912 8913
7389 7390
7390 7391
7391 7392
7392 7393
7393 7394
7394 7395
7395 7396
7396 7397
7397 7398
7398 7399
7399 7400
7400 7401
7401 7402
7402 7403
7403 7404
7404 7405
7405 7406
7406 7407
7407 7408
7408 7409
7409 7410
7410 7411
7411 7412
7412 7413
7413 7414
7414 7415
7415 7416
7416 7417
7417 7418
7418 7419
7419 7420
7420 7421
7421 7422
7422 7423
7423 7424
7424 7425
7425 7426
7426 7427
7427 7428
7428 7429
7429 7430
7430 7431
7431 7432
7432 7433
7433 7434
7434 7435
7435 7436
7436 7437
7437 7438
7438 7439
7439 7440
7440 7441
7441 7442
7442 7443
7443 7444
7444 7445
7445 7446
7446 7447
7447 7448
7448 7449
7449 7450
7450 7451
7451 7452
7452 7453
7453 7454
7454 7455
7455 7456
7456 7457
7457 7458
7458 7459
1667 1668
1668 1669
1669 1670
1670 1671
1671 1672
1672 1673
1673 1674
1674 1675
1675 1676
1676 1677
1677 1678
1678 1679
1679 1680
1680 1681
1681 1682
1682 1683
1683 1684
1684 1685
1685 1686
1686 1687
1687 1688
9246 9247
8637 8638
7008 7009
7009 7010
7010 7011
7011 7012
7012 7013
7013 7014
7014 7015
7015 7016
7016 7017
7017 7018
6828 6829
6829 6830
6830 6831
6831 6832
6832 6833
6833 6834
6834 6835
6835 6836
6836 6837
6837 6838
6838 6839
6839 6840
6840 6841
6841 6842
6842 6843
4085 4086
4086 4087
4087 4088
4088 4089
4089 4090
4090 4091
4091 4092
4092 4093
4093 4094
4094 4095
4095 4096
4096 4097
4097 4098
4098 4099
4099 4100
4100 4101
4101 4102
4102 4103
4103 4104
4104 4105
4105 4106
4106 4107
4107 4108
4108 4109
4109 4110
4110 4111
4111 4112
4112 4113
4113 4114
4114 4115
4115 4116
4116 4117
4117 4118
4118 4119
4119 4120
4120 4121
4121 4122
4122 4123
4123 4124
4124 4125
4125 4126
4126 4127
4127 4128
4128 4129
4129 4130
4130 4131
4131 4132
4132 4133
4133 4134
4134 4135
4135 4136
4136 4137
4137 4138
4138 4139
4139 4140
4140 4141
4141 4142
4142 4143
4143 4144
4144 4145
4145 4146
4146 4147
4147 4148
4148 4149
4149 4150
4150 4151
4151 4152
4152 4153
4153 4154
4154 4155
4155 4156
4156 4157
4157 4158
4158 4159
4159 4160
4160 4161
4161 4162
4162 4163
4163 4164
6947 6948
6948 6949
6949 6950
6950 6951
6951 6952
1735 1736
1736 1737
1737 1738
1738 1739
1739 1740
1740 1741
1741 1742
1742 1743
1743 1744
1744 1745
1745 1746
1746 1747
1747 1748
1748 1749
1749 1750
1750 1751
1751 1752
1752 1753
1753 1754
1754 1755
1755 1756
1756 1757
1757 1758
1758 1759
1759 1760
1760 1761
1761 1762
1762 1763
1763 1764
1764 1765
1765 1766
1766 1767
1767 1768
1768 1769
1769 1770
1770 1771
1771 1772
2873 2874
8331 8332
8332 8333
8333 8334
8334 8335
8335 8336
8336 8337
8337 8338
8338 8339
8339 8340
8340 8341
8341 8342
8342 8343
8343 8344
8344 8345
8345 8346
8346 8347
8347 8348
8348 8349
8349 8350
8350 8351
8351 8352
8352 8353
8353 8354
8354 8355
8355 8356
8356 8357
8357 8358
8358 8359
8359 8360
8360 8361
8361 8362
8362 8363
8363 8364
8364 8365
8365 8366
8366 8367
8367 8368
8368 8369
8369 8370
8370 8371
8371 8372
8372 8373
8373 8374
8374 8375
8375 8376
8376 8377
8377 8378
8378 8379
8379 8380
5028 5029
5029 5030
5030 5031
5031 5032
5032 5033
2051 2052
2052 2053
2053 2054
2054 2055
2055 2056
2056 2057
2057 2058
3007 3008
3008 3009
3009 3010
3010 3011
3011 3012
3012 3013
3013 3014
3014 3015
3015 3016
3016 3017
3017 3018
3018 3019
3019 3020
3020 3021
3021 3022
3022 3023
3023 3024
3024 3025
3025 3026
3026 3027
3027 3028
3028 3029
3029 3030
3030 3031
3031 3032
3032 3033
3033 3034
3034 3035
3035 3036
3036 3037
3037 3038
3038 3039
3039 3040
3040 3041
3041 3042
3042 3043
3043 3044
3044 3045
3045 3046
3046 3047
1651 1652
1652 1653
1653 1654
1654 1655
1655 1656
1656 1657
1657 1658
1658 1659
1659 1660
1660 1661
1661 1662
1662 1663
1663 1664
1664 1665
1665 1666
1666 1667
1667 1668
1668 1669
1669 1670
1670 1671
1671 1672
1672 1673
1673 1674
1674 1675
1675 1676
1676 1677
1677 1678
1678 1679
1679 1680
1680 1681
1681 1682
1682 1683
1683 1684
1684 1685
1685 1686
1686 1687
7935 7936
7936 7937
7937 7938
7938 7939
7939 7940
7940 7941
7941 7942
7942 7943
7943 7944
7944 7945
7769 7770
1541 1542
1542 1543
1543 1544
1544 1545
1545 1546
1546 1547
1547 1548
1548 1549
1549 1550
6036 6037
6037 6038
6038 6039
6039 6040
6040 6041
6041 6042
6042 6043
3678 3679
3679 3680
3680 3681
3681 3682
3682 3683
3683 3684
3684 3685
3685 3686
3686 3687
9519 9520
9520 9521
9521 9522
9522 9523
9523 9524
9524 9525
9525 9526
9526 9527
9527 9528
9528 9529
9529 9530
9530 9531
9531 9532
9532 9533
9533 9534
9534 9535
9535 9536
9536 9537
9537 9538
9538 9539
9539 9540
9540 9541
9541 9542
9542 9543
9543 9544
9544 9545
9545 9546
9546 9547
9547 9548
9548 9549
9549 9550
9550 9551
9551 9552
9552 9553
9553 9554
9554 9555
9555 9556
5057 5058
5058 5059
5059 5060
5060 5061
5061 5062
5062 5063
5063 5064
5064 5065
5065 5066
5066 5067
5067 5068
5068 5069
5069 5070
8550 8551
8551 8552
8552 8553
8553 8554
8554 8555
8555 8556
8556 8557
8557 8558
8558 8559
8559 8560
8560 8561
8561 8562
8562 8563
8563 8564
8564 8565
8565 8566
8566 8567
8567 8568
8568 8569
8569 8570
8570 8571
8571 8572
8572 8573
8573 8574
8574 8575
8575 8576
8576 8577
8577 8578
8578 8579
8579 8580
8580 8581
8581 8582
8582 8583
8583 8584
8584 8585
8585 8586
8586 8587
8587 8588
8588 8589
8589 8590
8590 8591
8591 8592
8592 8593
8593 8594
8594 8595
8595 8596
424 425
425 426
426 427
427 428
428 429
429 430
430 431
431 432
432 433
433 434
434 435
435 436
436 437
437 438
438 439
439 440
440 441
441 442
442 443
443 444
444 445
445 446
446 447
447 448
448 449
449 450
450 451
451 452
452 453
453 454
454 455
455 456
456 457
457 458
458 459
459 460
460 461
461 462
462 463
463 464
464 465
465 466
466 467
467 468
468 469
469 470
470 471
471 472
472 473
473 474
474 475
475 476
476 477
477 478
478 479
479 480
480 481
481 482
482 483
483 484
484 485
485 486
486 487
487 488
488 489
489 490
490 491
491 492
492 493
493 494
494 495
495 496
496 497
4275 4276
4276 4277
4277 4278
4278 4279
4279 4280
4280 4281
4281 4282
4282 4283
4283 4284
4284 4285
4285 4286
4286 4287
4287 4288
4288 4289
4289 4290
4290 4291
2003 2004
2004 2005
2005 2006
4994 4995
4995 4996
4996 4997
4997 4998
4998 4999
4999 5000
5000 5001
5001 5002
8146 8147
8147 8148
8148 8149
8149 8150
8150 8151
8151 8152
3595 3596
3596 3597
3597 3598
3598 3599
3599 3600
3600 3601
3601 3602
3602 3603
3603 3604
3604 3605
3605 3606
3606 3607
3607 3608
6244 6245
6245 6246
6246 6247
8102 8103
8103 8104
8104 8105
8105 8106
8106 8107
8107 8108
8108 8109
8109 8110
8110 8111
8111 8112
8112 8113
8113 8114
8114 8115
8115 8116
8116 8117
8117 8118
8118 8119
8119 8120
8120 8121
8121 8122
8122 8123
9110 9111
9111 9112
9112 9113
9113 9114
9114 9115
9115 9116
3536 3537
3537 3538
3538 3539
3539 3540
3540 3541
6879 6880
6880 6881
6881 6882
6882 6883
6883 6884
6884 6885
6885 6886
6886 6887
6887 6888
6888 6889
3144 3145
3145 3146
3146 3147
3147 3148
3148 3149
3149 3150
3150 3151
3151 3152
3152 3153
3153 3154
3154 3155
3155 3156
3156 3157
3157 3158
3158 3159
3159 3160
3160 3161
3161 3162
3162 3163
3163 3164
3164 3165
3165 3166
3166 3167
3167 3168
5156 5157
5157 5158
5158 5159
5657 5658
5658 5659
5659 5660
5660 5661
5661 5662
5662 5663
5663 5664
5664 5665
5665 5666
5666 5667
5667 5668
5668 5669
5669 5670
5670 5671
5671 5672
5672 5673
5673 5674
5674 5675
5675 5676
5676 5677
5677 5678
5678 5679
5679 5680
5680 5681
5681 5682
5682 5683
5683 5684
5684 5685
5685 5686
5686 5687
5687 5688
5688 5689
5689 5690
5690 5691
5691 5692
5692 5693
5693 5694
5694 5695
5695 5696
5696 5697
5697 5698
5698 5699
5699 5700
5700 5701
5701 5702
5702 5703
5628 5629
5629 5630
5630 5631
5631 5632
5632 5633
5633 5634
5634 5635
5635 5636
5636 5637
5637 5638
5638 5639
5639 5640
5640 5641
5641 5642
5642 5643
5643 5644
5644 5645
5645 5646
5646 5647
5647 5648
5648 5649
5649 5650
5650 5651
5651 5652
5652 5653
5653 5654
5654 5655
5655 5656
5656 5657
5657 5658
5658 5659
5659 5660
5660 5661
5661 5662
5662 5663
1448 1449
1449 1450
1450 1451
1451 1452
1452 1453
1453 1454
1454 1455
1455 1456
1456 1457
1457 1458
1458 1459
1459 1460
1460 1461
1461 1462
1462 1463
1463 1464
1464 1465
1465 1466
1466 1467
1467 1468
1468 1469
1469 1470
1470 1471
1471 1472
1472 1473
1473 1474
1474 1475
1475 1476
1476 1477
4897 4898
4898 4899
4899 4900
4900 4901
4901 4902
4902 4903
4903 4904
4904 4905
4905 4906
4906 4907
4907 4908
4908 4909
4909 4910
4910 4911
4911 4912
4912 4913
4913 4914
4914 4915
4915 4916
4916 4917
4917 4918
2120 2121
2121 2122
2122 2123
2123 2124
2124 2125
2125 2126
8505 8506
8506 8507
277 278
278 279
279 280
280 281
281 282
282 283
283 284
284 285
285 286
286 287
287 288
288 289
289 290
290 291
291 292
292 293
293 294
294 295
295 296
296 297
297 298
298 299
299 300
300 301
301 302
302 303
303 304
304 305
305 306
306 307
307 308
308 309
309 310
310 311
311 312
312 313
313 314
314 315
315 316
316 317
317 318
318 319
319 320
320 321
321 322
322 323
323 324
324 325
325 326
326 327
327 328
328 329
329 330
330 331
331 332
332 333
333 334
334 335
335 336
336 337
337 338
338 339
339 340
340 341
341 342
342 343
343 344
344 345
345 346
346 347
347 348
348 349
349 350
350 351
351 352
352 353
353 354
354 355
355 356
356 357
357 358
358 359
359 360
4736 4737
4737 4738
4738 4739
4739 4740
4740 4741
4741 4742
4742 4743
4743 4744
4744 4745
4745 4746
8106 8107
8107 8108
8108 8109
8109 8110
8110 8111
8111 8112
6783 6784
3265 3266
3266 3267
3267 3268
3268 3269
3269 3270
3270 3271
3271 3272
3272 3273
3273 3274
3274 3275
3275 3276
3276 3277
3277 3278
3278 3279
3279 3280
3280 3281
3281 3282
3282 3283
3283 3284
3284 3285
3285 3286
3286 3287
3287 3288
3288 3289
3289 3290
3290 3291
3291 3292
3292 3293
3293 3294
3294 3295
3295 3296
3296 3297
3297 3298
3298 3299
3299 3300
3300 3301
3301 3302
3302 3303
3303 3304
3304 3305
3305 3306
3306 3307
3307 3308
3308 3309
3309 3310
3310 3311
3311 3312
3312 3313
3313 3314
3314 3315
3315 3316
3316 3317
3317 3318
2983 2984
2984 2985
2985 2986
2986 2987
2987 2988
2988 2989
2989 2990
2990 2991
2991 2992
2992 2993
2993 2994
2994 2995
2995 2996
2996 2997
2375 2376
2376 2377
2377 2378
2378 2379
2379 2380
2380 2381
2381 2382
2382 2383
2383 2384
2384 2385
2385 2386
2386 2387
2387 2388
2388 2389
6517 6518
6518 6519
6519 6520
9708 9709
9709 9710
9710 9711
9711 9712
9712 9713
9713 9714
9714 9715
9715 9716
9716 9717
9717 9718
9718 9719
9719 9720
9720 9721
9721 9722
9722 9723
9723 9724
9724 9725
9725 9726
9726 9727
9727 9728
9728 9729
9729 9730
9730 9731
9731 9732
9732 9733
9733 9734
9734 9735
9735 9736
9736 9737
9737 9738
9738 9739
380 381
381 382
382 383
2013 2014
5437 5438
5438 5439
5439 5440
5440 5441
5441 5442
5442 5443
5443 5444
5444 5445
5445 5446
5446 5447
5447 5448
5448 5449
5449 5450
5450 5451
5451 5452
5452 5453
5453 5454
5454 5455
5455 5456
5456 5457
5457 5458
5458 5459
5459 5460
5460 5461
5461 5462
5462 5463
5463 5464
5464 5465
5465 5466
5466 5467
5467 5468
5468 5469
5469 5470
5470 5471
5471 5472
5472 5473
5473 5474
5474 5475
5475 5476
5476 5477
5477 5478
5478 5479
5479 5480
5480 5481
5481 5482
5482 5483
5483 5484
5484 5485
5485 5486
5486 5487
5487 5488
5488 5489
5489 5490
5490 5491
5491 5492
5492 5493
5493 5494
5494 5495
5495 5496
5496 5497
5497 5498
5498 5499
5499 5500
5500 5501
5501 5502
5502 5503
5503 5504
5504 5505
5505 5506
5506 5507
5507 5508
5508 5509
5509 5510
5510 5511
5511 5512
5512 5513
5513 5514
5514 5515
5515 5516
5516 5517
5517 5518
5518 5519
5519 5520
5520 5521
5521 5522
5522 5523
5523 5524
5524 5525
5525 5526
5526 5527
5527 5528
5528 5529
5529 5530
5530 5531
5531 5532
5532 5533
5533 5534
3141 3142
3142 3143
3143 3144
3144 3145
3145 3146
3146 3147
3147 3148
3148 3149
3149 3150
3150 3151
3151 3152
3152 3153
3153 3154
3154 3155
3155 3156
3156 3157
3157 3158
3158 3159
3277 3278
3278 3279
3279 3280
3280 3281
3281 3282
3282 3283
3283 3284
3284 3285
3285 3286
3286 3287
3287 3288
3288 3289
3289 3290
3290 3291
3291 3292
3292 3293
3293 3294
3294 3295
3295 3296
3296 3297
3297 3298
3298 3299
3299 3300
3300 3301
3301 3302
3302 3303
3303 3304
3304 3305
3305 3306
3306 3307
3307 3308
3308 3309
3309 3310
3310 3311
3311 3312
3312 3313
3313 3314
3314 3315
3315 3316
3316 3317
3317 3318
3318 3319
3319 3320
3320 3321
3321 3322
3322 3323
3323 3324
3324 3325
3325 3326
3326 3327
3327 3328
3328 3329
6711 6712
6712 6713
6713 6714
6714 6715
6715 6716
6716 6717
6717 6718
6718 6719
6719 6720
6720 6721
6721 6722
6722 6723
6723 6724
6724 6725
6725 6726
6726 6727
6727 6728
6728 6729
6729 6730
6730 6731
6731 6732
6732 6733
6733 6734
6734 6735
6735 6736
6736 6737
6737 6738
6738 6739
6739 6740
6740 6741
6741 6742
6742 6743
6743 6744
6744 6745
6745 6746
6746 6747
6747 6748
6748 6749
6749 6750
6750 6751
6751 6752
6752 6753
6753 6754
6754 6755
6755 6756
6756 6757
6757 6758
6758 6759
6759 6760
6760 6761
6761 6762
6762 6763
6763 6764
6764 6765
6765 6766
6766 6767
6767 6768
6768 6769
6769 6770
6770 6771
6771 6772
6772 6773
6773 6774
6774 6775
6775 6776
6776 6777
6777 6778
6778 6779
6779 6780
6780 6781
6781 6782
6782 6783
6783 6784
6784 6785
6785 6786
6786 6787
6787 6788
6788 6789
6789 6790
6790 6791
6791 6792
6792 6793
6793 6794
6794 6795
6795 6796
6796 6797
6797 6798
6798 6799
6799 6800
6800 6801
6801 6802
6802 6803
6803 6804
6804 6805
6805 6806
6806 6807
6807 6808
6808 6809
6809 6810
6810 6811
6811 6812
6812 6813
6813 6814
6814 6815
6815 6816
6816 6817
6817 6818
6818 6819
6819 6820
6820 6821
6821 6822
6822 6823
6823 6824
6824 6825
6825 6826
6826 6827
6827 6828
6828 6829
6829 6830
6830 6831
6831 6832
6832 6833
6833 6834
8463 8464
8464 8465
8465 8466
8466 8467
8467 8468
5401 5402
5402 5403
5403 5404
5404 5405
5405 5406
5406 5407
5407 5408
5408 5409
5409 5410
5410 5411
5411 5412
5412 5413
5413 5414
5414 5415
5415 5416
5416 5417
5417 5418
5418 5419
5419 5420
5420 5421
5421 5422
5422 5423
5423 5424
5424 5425
5425 5426
5426 5427
5427 5428
5428 5429
5429 5430
5430 5431
5431 5432
5432 5433
5433 5434
5434 5435
5435 5436
8880 8881
8881 8882
8882 8883
8883 8884
8884 8885
4738 4739
4739 4740
4740 4741
4741 4742
4742 4743
4743 4744
4744 4745
4745 4746
4746 4747
4747 4748
4748 4749
4749 4750
4750 4751
4751 4752
4752 4753
4753 4754
4754 4755
4755 4756
4756 4757
4757 4758
4758 4759
4759 4760
4760 4761
4761 4762
4762 4763
4763 4764
4764 4765
4765 4766
4766 4767
4767 4768
4768 4769
4769 4770
4770 4771
4771 4772
4772 4773
4773 4774
4774 4775
4775 4776
4776 4777
4777 4778
4778 4779
4779 4780
4780 4781
2116 2117
2117 2118
2118 2119
2119 2120
2120 2121
662 663
663 664
664 665
665 666
666 667
667 668
668 669
669 670
670 671
671 672
672 673
673 674
674 675
9851 9852
9852 9853
9853 9854
3629 3630
3630 3631
3631 3632
3632 3633
3633 3634
3634 3635
3635 3636
3636 3637
3637 3638
3638 3639
3639 3640
3640 3641
3641 3642
3642 3643
3643 3644
3644 3645
3645 3646
3646 3647
3647 3648
3648 3649
3649 3650
3650 3651
3651 3652
3652 3653
3653 3654
3654 3655
3655 3656
3656 3657
3657 3658
3658 3659
3659 3660
3660 3661
3661 3662
3662 3663
3663 3664
3664 3665
3665 3666
4776 4777
4777 4778
4778 4779
4779 4780
4780 4781
4781 4782
4782 4783
4783 4784
4784 4785
4785 4786
4786 4787
4787 4788
4788 4789
4789 4790
4790 4791
4791 4792
4792 4793
4793 4794
4794 4795
4795 4796
4796 4797
4797 4798
4798 4799
4799 4800
4800 4801
2945 2946
2946 2947
2947 2948
2948 2949
2949 2950
2950 2951
2951 2952
2952 2953
2953 2954
2954 2955
2955 2956
2956 2957
2957 2958
2958 2959
2959 2960
2960 2961
2961 2962
2962 2963
2963 2964
2964 2965
2965 2966
2966 2967
2967 2968
2968 2969
2969 2970
2970 2971
2971 2972
2972 2973
2973 2974
2974 2975
2975 2976
2976 2977
2977 2978
2978 2979
2979 2980
2980 2981
2981 2982
2982 2983
2983 2984
2984 2985
2985 2986
2986 2987
2987 2988
2988 2989
2989 2990
2990 2991
2991 2992
2992 2993
4774 4775
4775 4776
4776 4777
4777 4778
4778 4779
4779 4780
4780 4781
4781 4782
4782 4783
4783 4784
4784 4785
4785 4786
4786 4787
4787 4788
4788 4789
4789 4790
4790 4791
4791 4792
4792 4793
4793 4794
4794 4795
4795 4796
4796 4797
4797 4798
4798 4799
4799 4800
4800 4801
4801 4802
4802 4803
4803 4804
4804 4805
4805 4806
8057 8058
8058 8059
8059 8060
8060 8061
8061 8062
8062 8063
8063 8064
8064 8065
8065 8066
8066 8067
8067 8068
8068 8069
8069 8070
8070 8071
8071 8072
8072 8073
8073 8074
8074 8075
8075 8076
8076 8077
2624 2625
2625 2626
2626 2627
2627 2628
2628 2629
2629 2630
2630 2631
2631 2632
2632 2633
2633 2634
2634 2635
2635 2636
2636 2637
2637 2638
2638 2639
2639 2640
2640 2641
2641 2642
2642 2643
2643 2644
2644 2645
2645 2646
2646 2647
2647 2648
2648 2649
2649 2650
2650 2651
2651 2652
2652 2653
2653 2654
2654 2655
2655 2656
2656 2657
2657 2658
2658 2659
2659 2660
2660 2661
2661 2662
2662 2663
2663 2664
2664 2665
2665 2666
2666 2667
2667 2668
2668 2669
2669 2670
2670 2671
2671 2672
2672 2673
2673 2674
2674 2675
2675 2676
2676 2677
2677 2678
2678 2679
2679 2680
2680 2681
2681 2682
2682 2683
2683 2684
2684 2685
2685 2686
2686 2687
2687 2688
2688 2689
2689 2690
2690 2691
2691 2692
2692 2693
9967 9968
9968 9969
9969 9970
9970 9971
9971 9972
9972 9973
9973 9974
9974 9975
9975 9976
9976 9977
9977 9978
9978 9979
9979 9980
9980 9981
9981 9982
9982 9983
9983 9984
9984 9985
9985 9986
9986 9987
9987 9988
9988 9989
9989 9990
9990 9991
9991 9992
9992 9993
9993 9994
9994 9995
9995 9996
9996 9997
9997 9998
9998 9999
9999 0
0 1
5180 5181
5181 5182
5182 5183
5183 5184
5184 5185
5185 5186
5186 5187
5187 5188
5188 5189
5189 5190
5190 5191
5191 5192
5192 5193
5193 5194
5194 5195
5195 5196
5196 5197
5197 5198
5198 5199
5199 5200
5200 5201
5201 5202
5202 5203
5203 5204
5204 5205
5205 5206
5206 5207
5207 5208
7097 7098
7098 7099
7099 7100
7100 7101
7101 7102
7102 7103
7103 7104
7104 7105
7105 7106
7106 7107
7107 7108
7108 7109
7109 7110
7110 7111
7111 7112
7112 7113
7113 7114
7114 7115
7115 7116
7116 7117
7117 7118
7118 7119
7119 7120
7120 7121
7121 7122
7122 7123
7123 7124
7124 7125
7125 7126
7126 7127
7127 7128
7128 7129
7129 7130
7130 7131
7131 7132
7132 7133
40 41
41 42
42 43
43 44
44 45
45 46
46 47
47 48
48 49
9931 9932
9932 9933
9933 9934
9934 9935
9935 9936
9936 9937
9937 9938
9938 9939
9939 9940
9940 9941
9941 9942
9942 9943
9943 9944
9944 9945
9945 9946
9946 9947
9947 9948
9948 9949
9949 9950
9950 9951
9951 9952
9952 9953
9953 9954
9954 9955
9955 9956
9956 9957
9957 9958
9958 9959
9959 9960
9960 9961
9961 9962
9962 9963
9963 9964
9964 9965
9965 9966
9966 9967
9967 9968
9968 9969
9969 9970
9623 9624
9624 9625
7171 7172
7172 7173
7173 7174
7174 7175
7175 7176
7176 7177
7177 7178
7178 7179
7179 7180
7180 7181
7181 7182
7182 7183
7183 7184
7184 7185
7185 7186
7186 7187
7187 7188
7188 7189
7189 7190
7190 7191
7191 7192
7192 7193
7193 7194
7194 7195
7195 7196
7196 7197
7197 7198
7198 7199
7199 7200
7200 7201
7201 7202
7202 7203
7203 7204
7204 7205
7205 7206
7206 7207
7207 7208
7208 7209
7209 7210
7210 7211
7211 7212
7212 7213
7213 7214
7214 7215
7215 7216
7216 7217
7217 7218
7218 7219
7219 7220
7220 7221
7221 7222
7222 7223
7223 7224
7224 7225
7225 7226
7226 7227
7227 7228
7228 7229
7229 7230
7230 7231
7231 7232
7232 7233
7233 7234
7234 7235
7235 7236
7236 7237
7237 7238
7238 7239
7239 7240
7240 7241
2096 2097
2097 2098
2098 2099
2099 2100
2100 2101
2101 2102
2102 2103
2103 2104
2104 2105
2105 2106
2106 2107
2107 2108
2108 2109
2109 2110
2110 2111
6873 6874
5245 5246
5246 5247
5247 5248
5248 5249
5249 5250
5250 5251
5251 5252
5252 5253
5253 5254
5254 5255
5255 5256
5256 5257
5257 5258
5258 5259
5259 5260
5260 5261
5261 5262
5262 5263
5263 5264
5264 5265
5265 5266
5266 5267
5267 5268
5268 5269
5269 5270
5270 5271
5271 5272
5272 5273
5273 5274
5274 5275
5275 5276
5276 5277
5277 5278
5278 5279
5279 5280
5280 5281
5281 5282
5282 5283
5283 5284
5284 5285
5285 5286
5286 5287
5287 5288
5288 5289
5289 5290
5290 5291
5291 5292
5292 5293
5293 5294
5294 5295
5295 5296
5296 5297
5297 5298
5298 5299
5299 5300
5300 5301
5301 5302
5302 5303
5303 5304
5304 5305
5305 5306
5306 5307
5307 5308
5308 5309
5309 5310
5310 5311
5311 5312
5312 5313
5313 5314
5314 5315
5315 5316
2062 2063
2063 2064
2064 2065
2065 2066
2066 2067
2067 2068
2068 2069
2069 2070
2070 2071
2071 2072
2072 2073
2073 2074
2074 2075
2075 2076
2076 2077
6304 6305
6305 6306
6306 6307
6307 6308
6308 6309
6309 6310
6310 6311
6311 6312
6312 6313
6313 6314
6314 6315
6315 6316
6316 6317
6317 6318
6318 6319
5280 5281
5281 5282
5282 5283
5283 5284
5284 5285
5285 5286
5286 5287
5287 5288
5288 5289
5289 5290
2659 2660
2660 2661
2661 2662
2662 2663
2663 2664
2664 2665
2665 2666
2666 2667
2667 2668
2668 2669
2669 2670
2670 2671
2671 2672
2672 2673
2673 2674
2674 2675
2675 2676
2676 2677
2677 2678
2678 2679
2679 2680
2680 2681
2681 2682
2682 2683
2683 2684
2684 2685
2685 2686
2686 2687
2687 2688
2688 2689
2689 2690
2690 2691
2691 2692
2692 2693
2693 2694
2694 2695
2695 2696
2696 2697
2697 2698
2698 2699
2699 2700
2700 2701
8162 8163
8163 8164
8164 8165
8165 8166
8166 8167
8167 8168
8168 8169
8169 8170
8170 8171
8171 8172
8172 8173
8173 8174
8174 8175
8175 8176
8176 8177
8177 8178
8178 8179
8179 8180
8180 8181
2769 2770
2770 2771
5607 5608
5608 5609
5609 5610
5610 5611
5611 5612
5612 5613
5613 5614
5614 5615
5615 5616
5616 5617
5617 5618
5618 5619
5619 5620
5620 5621
5621 5622
5622 5623
3380 3381
3381 3382
3382 3383
3383 3384
3384 3385
3385 3386
3386 3387
3387 3388
3388 3389
3389 3390
3390 3391
3391 3392
3392 3393
3393 3394
3394 3395
3395 3396
3396 3397
3397 3398
3398 3399
3399 3400
203 204
204 205
205 206
206 207
207 208
208 209
209 210
210 211
211 212
212 213
213 214
214 215
215 216
216 217
217 218
218 219
219 220
7037 7038
7038 7039
7039 7040
7040 7041
7041 7042
7042 7043
7043 7044
7044 7045
8644 8645
8645 8646
8646 8647
8647 8648
8648 8649
8649 8650
8650 8651
8651 8652
8652 8653
8653 8654
8654 8655
8655 8656
8656 8657
8657 8658
8658 8659
8659 8660
8660 8661
8661 8662
8662 8663
8663 8664
8664 8665
8665 8666
8666 8667
8667 8668
8668 8669
8669 8670
8670 8671
8671 8672
8672 8673
8673 8674
8674 8675
8675 8676
8676 8677
8677 8678
8678 8679
8679 8680
8680 8681
8681 8682
8682 8683
8683 8684
8684 8685
8685 8686
8686 8687
8687 8688
8279 8280
8280 8281
8281 8282
8282 8283
8283 8284
8284 8285
8285 8286
8286 8287
8287 8288
8288 8289
8289 8290
8290 8291
8291 8292
8292 8293
8293 8294
8294 8295
4488 4489
4489 4490
4490 4491
4491 4492
4492 4493
4493 4494
4494 4495
5273 5274
5274 5275
5275 5276
5276 5277
5277 5278
5278 5279
5279 5280
5108 5109
5109 5110
5110 5111
5111 5112
5112 5113
5113 5114
5114 5115
5115 5116
5116 5117
5117 5118
5118 5119
5119 5120
5120 5121
5121 5122
5122 5123
5123 5124
5124 5125
5125 5126
5126 5127
5127 5128
5128 5129
5129 5130
5130 5131
5131 5132
5132 5133
5133 5134
5134 5135
5135 5136
5136 5137
5137 5138
5138 5139
5139 5140
5140 5141
5141 5142
5142 5143
5143 5144
5144 5145
5145 5146
5146 5147
5147 5148
5148 5149
5149 5150
5150 5151
5151 5152
5152 5153
5153 5154
5154 5155
5155 5156
5156 5157
5157 5158
5158 5159
5159 5160
5160 5161
5161 5162
5162 5163
5163 5164
5164 5165
5165 5166
5166 5167
5167 5168
5168 5169
5169 5170
5170 5171
5171 5172
5172 5173
5173 5174
5174 5175
5175 5176
5176 5177
8149 8150
8150 8151
8151 8152
8152 8153
8153 8154
8154 8155
8155 8156
8156 8157
8157 8158
8158 8159
8159 8160
8160 8161
8161 8162
8162 8163
8163 8164
8164 8165
8165 8166
8166 8167
8167 8168
8168 8169
8169 8170
8170 8171
8171 8172
8172 8173
8173 8174
8174 8175
8175 8176
8176 8177
8177 8178
8178 8179
8179 8180
8180 8181
8181 8182
8182 8183
8183 8184
8184 8185
8185 8186
8186 8187
8187 8188
8188 8189
8189 8190
8190 8191
8191 8192
8192 8193
8193 8194
8194 8195
8195 8196
8196 8197
8197 8198
8198 8199
8199 8200
8200 8201
8201 8202
8202 8203
8203 8204
8204 8205
8205 8206
8206 8207
8207 8208
532 533
533 534
534 535
535 536
536 537
537 538
538 539
539 540
540 541
541 542
542 543
543 544
544 545
545 546
546 547
547 548
548 549
549 550
550 551
551 552
552 553
553 554
554 555
555 556
556 557
557 558
558 559
559 560
560 561
561 562
562 563
563 564
564 565
565 566
566 567
7249 7250
7250 7251
7251 7252
7252 7253
7253 7254
7254 7255
7255 7256
7256 7257
7257 7258
8894 8895
8895 8896
8896 8897
8897 8898
8898 8899
8899 8900
8900 8901
8901 8902
8902 8903
8903 8904
8904 8905
8905 8906
8906 8907
8907 8908
8908 8909
8909 8910
8910 8911
8911 8912
8912 8913
8913 8914
8914 8915
8915 8916
8916 8917
8917 8918
8918 8919
8919 8920
8920 8921
8921 8922
8922 8923
2560 2561
2561 2562
2562 2563
2563 2564
2564 2565
2565 2566
2566 2567
2567 2568
2568 2569
2569 2570
2570 2571
2571 2572
2572 2573
2573 2574
2574 2575
2575 2576
2576 2577
2577 2578
6580 6581
6581 6582
6582 6583
6583 6584
6584 6585
6585 6586
6586 6587
6587 6588
6588 6589
6589 6590
6590 6591
6591 6592
6592 6593
6593 6594
6594 6595
6595 6596
6596 6597
6597 6598
6598 6599
6599 6600
6600 6601
6601 6602
6602 6603
705 706
706 707
707 708
708 709
4898 4899
4899 4900
4900 4901
4901 4902
4902 4903
4903 4904
4904 4905
4905 4906
4906 4907
4907 4908
4908 4909
4909 4910
4910 4911
4911 4912
4912 4913
4913 4914
4914 4915
4915 4916
4916 4917
4917 4918
4918 4919
4919 4920
4920 4921
5916 5917
5917 5918
5918 5919
5919 5920
5920 5921
5921 5922
3455 3456
3456 3457
3457 3458
3458 3459
3459 3460
3460 3461
3461 3462
3462 3463
3463 3464
3464 3465
3465 3466
3466 3467
3467 3468
3468 3469
3469 3470
3470 3471
3471 3472
3472 3473
9929 9930
9930 9931
9931 9932
9932 9933
9933 9934
9934 9935
9935 9936
9936 9937
9937 9938
9938 9939
9939 9940
9940 9941
9941 9942
9942 9943
9943 9944
9944 9945
9945 9946
9946 9947
9947 9948
9948 9949
9949 9950
9950 9951
9951 9952
9952 9953
9953 9954
9954 9955
9955 9956
9956 9957
9957 9958
9958 9959
9959 9960
9960 9961
9961 9962
7432 7433
7433 7434
7434 7435
7435 7436
7436 7437
7437 7438
7438 7439
7439 7440
7440 7441
7441 7442
7442 7443
7443 7444
7444 7445
7445 7446
7446 7447
7447 7448
7448 7449
7449 7450
7450 7451
7451 7452
7452 7453
7453 7454
7454 7455
7455 7456
7456 7457
7457 7458
7458 7459
7459 7460
7460 7461
7461 7462
7462 7463
7463 7464
7092 7093
7093 7094
7094 7095
7095 7096
7096 7097
7097 7098
7098 7099
7099 7100
7100 7101
7101 7102
6930 6931
6931 6932
6932 6933
6933 6934
6934 6935
6935 6936
6936 6937
6937 6938
6938 6939
6939 6940
6940 6941
6941 6942
6942 6943
6943 6944
6944 6945
6945 6946
6946 6947
6947 6948
6948 6949
6949 6950
6950 6951
6951 6952
6952 6953
6953 6954
6954 6955
6955 6956
6956 6957
381 382
382 383
383 384
384 385
385 386
386 387
387 388
388 389
389 390
390 391
4276 4277
4277 4278
4278 4279
4279 4280
4280 4281
4281 4282
4282 4283
4283 4284
4284 4285
4285 4286
4286 4287
4287 4288
4288 4289
4289 4290
4290 4291
4291 4292
4292 4293
4293 4294
4294 4295
4295 4296
4296 4297
4297 4298
4298 4299
4299 4300
4300 4301
4301 4302
4302 4303
4303 4304
4304 4305
4305 4306
4306 4307
4307 4308
4308 4309
4309 4310
4310 4311
4311 4312
4312 4313
4313 4314
4314 4315
439 440
440 441
441 442
442 443
443 444
444 445
445 446
446 447
447 448
448 449
5213 5214
5214 5215
5215 5216
5216 5217
5217 5218
5218 5219
5219 5220
5220 5221
5221 5222
5222 5223
5223 5224
5224 5225
5225 5226
5226 5227
5227 5228
5228 5229
5229 5230
5230 5231
5231 5232
5232 5233
5233 5234
5234 5235
5235 5236
5236 5237
5237 5238
5238 5239
5239 5240
5240 5241
5241 5242
5242 5243
5243 5244
5244 5245
5245 5246
5246 5247
5247 5248
5248 5249
5249 5250
5250 5251
5251 5252
5252 5253
5253 5254
5254 5255
5255 5256
5256 5257
5257 5258
5258 5259
5259 5260
5260 5261
5261 5262
5262 5263
5263 5264
5264 5265
5265 5266
588 589
589 590
590 591
591 592
592 593
593 594
594 595
595 596
596 597
597 598
598 599
599 600
600 601
601 602
602 603
603 604
604 605
605 606
606 607
607 608
608 609
609 610
610 611
611 612
612 613
613 614
614 615
615 616
616 617
617 618
618 619
619 620
620 621
621 622
796 797
797 798
798 799
7010 7011
7011 7012
7012 7013
7013 7014
7014 7015
7015 7016
7016 7017
7017 7018
7018 7019
7019 7020
7020 7021
7021 7022
7022 7023
7023 7024
7024 7025
7025 7026
7026 7027
7027 7028
7028 7029
7029 7030
7030 7031
7031 7032
7032 7033
7033 7034
7034 7035
7035 7036
7036 7037
7037 7038
7038 7039
7039 7040
7040 7041
7041 7042
7042 7043
7043 7044
7044 7045
7045 7046
7046 7047
7047 7048
7048 7049
7049 7050
7050 7051
7051 7052
7052 7053
7053 7054
7054 7055
7055 7056
7056 7057
7057 7058
7058 7059
7059 7060
7060 7061
7061 7062
7062 7063
7063 7064
7064 7065
7065 7066
7066 7067
7067 7068
7068 7069
7069 7070
7070 7071
7071 7072
7072 7073
2 3
3 4
4 5
5 6
6 7
7 8
8 9
9 10
10 11
11 12
12 13
13 14
14 15
15 16
7005 7006
7006 7007
7007 7008
8339 8340
8340 8341
8341 8342
8342 8343
8343 8344
8344 8345
8345 8346
8346 8347
8347 8348
8348 8349
8349 8350
8350 8351
8351 8352
8352 8353
8353 8354
8354 8355
8355 8356
7040 7041
7041 7042
7042 7043
7043 7044
7044 7045
7045 7046
7046 7047
7047 7048
7048 7049
7049 7050
7050 7051
7051 7052
7052 7053
7053 7054
7054 7055
7055 7056
7056 7057
7057 7058
7058 7059
7059 7060
7060 7061
7061 7062
7062 7063
7063 7064
7064 7065
7065 7066
7066 7067
7067 7068
7068 7069
7069 7070
7070 7071
7071 7072
7072 7073
7073 7074
7074 7075
7075 7076
7076 7077
7077 7078
7078 7079
7079 7080
7080 7081
7081 7082
7082 7083
7083 7084
7084 7085
7085 7086
7086 7087
7087 7088
7088 7089
7089 7090
7090 7091
7091 7092
7092 7093
7093 7094
7094 7095
7095 7096
7096 7097
7097 7098
7098 7099
7099 7100
7100 7101
7101 7102
7102 7103
7103 7104
7104 7105
7105 7106
7106 7107
7107 7108
7108 7109
5349 5350
5350 5351
5351 5352
5352 5353
5353 5354
5354 5355
5355 5356
216 217
217 218
218 219
219 220
220 221
221 222
222 223
223 224
224 225
225 226
9473 9474
9474 9475
9475 9476
9476 9477
9477 9478
9478 9479
9479 9480
9480 9481
9481 9482
9482 9483
9483 9484
9484 9485
9485 9486
9486 9487
9487 9488
9488 9489
9489 9490
9490 9491
9491 9492
9492 9493
9493 9494
9494 9495
1412 1413
298 299
196 197
197 198
198 199
199 200
200 201
201 202
202 203
203 204
9577 9578
9578 9579
9579 9580
9580 9581
9581 9582
9582 9583
9583 9584
9584 9585
9585 9586
9586 9587
9587 9588
9588 9589
9589 9590
9590 9591
9591 9592
9592 9593
9593 9594
9594 9595
9595 9596
9596 9597
9597 9598
9598 9599
9599 9600
9600 9601
9601 9602
9602 9603
9603 9604
9604 9605
9605 9606
9606 9607
9607 9608
9608 9609
9609 9610
9610 9611
9611 9612
9612 9613
9613 9614
9614 9615
9615 9616
9616 9617
9617 9618
9952 9953
9953 9954
9954 9955
9955 9956
9956 9957
9957 9958
9958 9959
9959 9960
9960 9961
9961 9962
9962 9963
9963 9964
9964 9965
9965 9966
9966 9967
9967 9968
9968 9969
9969 9970
9970 9971
9971 9972
9972 9973
9973 9974
9974 9975
9975 9976
9976 9977
9977 9978
9978 9979
9979 9980
9980 9981
9981 9982
9982 9983
9983 9984
9984 9985
9985 9986
9986 9987
9987 9988
9988 9989
9989 9990
9990 9991
9991 9992
9992 9993
9993 9994
9994 9995
9995 9996
9996 9997
9997 9998
9998 9999
9999 0
0 1
1 2
2 3
3 4
4 5
5 6
6 7
7 8
8 9
9 10
10 11
11 12
12 13
13 14
14 15
15 16
16 17
17 18
18 19
19 20
20 21
21 22
22 23
23 24
24 25
25 26
1312 1313
1313 1314
1314 1315
1315 1316
1316 1317
1317 1318
1318 1319
1319 1320
7458 7459
7459 7460
7460 7461
7461 7462
7462 7463
7463 7464
7464 7465
7465 7466
7466 7467
7467 7468
7468 7469
7469 7470
7470 7471
7471 7472
7472 7473
7473 7474
7474 7475
7475 7476
7476 7477
7477 7478
7478 7479
7479 7480
7480 7481
7481 7482
7482 7483
7483 7484
7484 7485
7485 7486
7486 7487
7487 7488
7488 7489
7489 7490
7490 7491
7491 7492
7492 7493
7493 7494
7494 7495
7495 7496
7496 7497
7497 7498
7498 7499
7499 7500
7500 7501
7501 7502
3017 3018
3018 3019
3019 3020
3020 3021
3021 3022
3022 3023
3023 3024
3024 3025
3025 3026
3026 3027
3027 3028
3028 3029
3029 3030
3030 3031
2628 2629
2182 2183
2183 2184
2184 2185
2185 2186
2186 2187
2187 2188
2188 2189
2189 2190
5309 5310
2203 2204
2204 2205
2205 2206
2206 2207
2207 2208
2208 2209
2209 2210
2210 2211
2211 2212
2212 2213
2213 2214
2214 2215
2215 2216
2216 2217
2217 2218
2218 2219
2219 2220
2220 2221
8646 8647
8647 8648
8648 8649
8649 8650
8650 8651
8036 8037
8037 8038
8038 8039
8039 8040
8040 8041
8041 8042
8042 8043
8043 8044
8044 8045
8045 8046
8046 8047
8047 8048
8048 8049
8049 8050
8050 8051
8051 8052
8052 8053
8053 8054
8054 8055
8055 8056
8056 8057
8057 8058
8058 8059
8059 8060
8060 8061
8061 8062
8062 8063
8063 8064
8064 8065
8065 8066
8066 8067
8067 8068
8068 8069
8069 8070
8070 8071
8071 8072
8072 8073
8073 8074
8074 8075
8075 8076
8076 8077
8077 8078
8078 8079
3690 3691
3691 3692
3692 3693
3693 3694
3694 3695
3695 3696
3696 3697
3697 3698
3698 3699
3699 3700
3700 3701
3701 3702
3702 3703
3703 3704
3704 3705
3705 3706
3706 3707
3707 3708
3708 3709
3709 3710
3710 3711
3711 3712
3712 3713
3713 3714
3714 3715
3715 3716
3716 3717
3717 3718
3718 3719
3719 3720
3720 3721
3721 3722
3722 3723
3723 3724
3724 3725
3725 3726
3726 3727
3727 3728
3728 3729
3729 3730
3264 3265
3265 3266
3266 3267
3267 3268
3268 3269
3269 3270
3270 3271
3271 3272
3272 3273
3273 3274
3274 3275
3275 3276
3276 3277
3277 3278
3278 3279
3279 3280
3280 3281
3281 3282
3282 3283
3283 3284
7406 7407
7407 7408
7408 7409
7409 7410
7410 7411
7411 7412
7412 7413
7413 7414
7414 7415
7415 7416
7416 7417
7417 7418
7418 7419
7419 7420
7420 7421
7421 7422
7422 7423
7423 7424
7424 7425
7425 7426
7426 7427
7427 7428
7428 7429
7429 7430
7430 7431
7431 7432
7432 7433
7433 7434
7434 7435
7435 7436
7436 7437
7437 7438
7438 7439
7439 7440
7440 7441
7441 7442
7442 7443
7443 7444
7444 7445
7445 7446
7446 7447
7447 7448
7448 7449
7449 7450
7450 7451
7324 7325
7325 7326
7326 7327
7327 7328
7328 7329
7329 7330
7330 7331
7331 7332
7332 7333
7333 7334
7334 7335
7335 7336
7336 7337
7337 7338
7338 7339
7339 7340
7340 7341
7341 7342
7342 7343
7343 7344
7344 7345
7345 7346
7346 7347
7347 7348
7348 7349
7349 7350
7350 7351
7351 7352
7352 7353
7353 7354
7354 7355
7355 7356
7356 7357
7357 7358
7358 7359
7359 7360
1070 1071
1071 1072
1072 1073
1073 1074
1074 1075
1075 1076
1076 1077
1077 1078
1078 1079
1079 1080
1080 1081
1081 1082
1082 1083
6362 6363
6363 6364
6364 6365
6365 6366
6366 6367
6367 6368
6368 6369
6369 6370
6370 6371
6371 6372
6372 6373
6373 6374
6374 6375
6375 6376
6376 6377
6377 6378
6378 6379
6379 6380
7294 7295
7295 7296
7296 7297
7297 7298
7298 7299
7299 7300
7300 7301
7301 7302
7302 7303
7303 7304
7304 7305
7305 7306
7306 7307
7307 7308
7308 7309
7309 7310
7310 7311
7311 7312
4300 4301
4301 4302
4302 4303
4303 4304
4304 4305
4305 4306
4306 4307
4307 4308
4308 4309
4309 4310
4310 4311
4311 4312
4312 4313
4313 4314
4314 4315
7438 7439
7439 7440
7440 7441
7441 7442
7442 7443
7443 7444
7444 7445
7445 7446
7446 7447
7447 7448
7448 7449
7449 7450
301 302
302 303
303 304
304 305
7526 7527
7527 7528
7528 7529
4647 4648
4648 4649
4649 4650
4650 4651
4651 4652
4652 4653
4653 4654
4654 4655
4655 4656
4656 4657
4657 4658
4658 4659
4659 4660
4660 4661
4661 4662
4662 4663
4663 4664
4664 4665
4665 4666
4666 4667
4667 4668
4668 4669
4669 4670
4670 4671
4671 4672
4672 4673
4673 4674
4674 4675
4675 4676
4676 4677
4677 4678
4678 4679
4679 4680
4680 4681
4681 4682
4682 4683
4683 4684
4684 4685
4685 4686
4686 4687
4687 4688
4688 4689
4689 4690
4690 4691
4691 4692
4692 4693
4693 4694
4694 4695
4695 4696
4696 4697
4697 4698
4698 4699
4699 4700
4700 4701
4701 4702
4702 4703
4703 4704
4704 4705
4705 4706
4706 4707
4707 4708
4708 4709
4709 4710
4710 4711
4711 4712
4712 4713
4713 4714
4714 4715
4715 4716
4716 4717
4717 4718
4718 4719
4719 4720
4720 4721
1511 1512
1512 1513
1513 1514
1514 1515
1515 1516
1516 1517
1517 1518
1518 1519
1519 1520
1520 1521
1521 1522
1522 1523
4340 4341
4341 4342
4342 4343
4343 4344
4344 4345
4345 4346
2553 2554
2554 2555
2555 2556
2556 2557
2557 2558
2558 2559
2559 2560
2560 2561
2561 2562
2562 2563
2563 2564
2564 2565
2565 2566
2566 2567
2567 2568
2568 2569
2569 2570
2570 2571
2571 2572
2572 2573
2573 2574
2574 2575
2575 2576
2576 2577
2577 2578
2578 2579
2579 2580
2580 2581
2581 2582
2582 2583
2583 2584
2584 2585
2585 2586
2586 2587
2587 2588
2588 2589
2589 2590
2590 2591
2591 2592
2592 2593
2593 2594
2594 2595
2595 2596
2596 2597
2597 2598
2598 2599
2599 2600
2600 2601
2601 2602
2602 2603
7303 7304
1017 1018
1018 1019
1019 1020
1020 1021
1021 1022
5982 5983
5983 5984
5984 5985
5985 5986
5986 5987
5987 5988
2249 2250
2250 2251
2251 2252
2252 2253
2253 2254
2254 2255
2255 2256
2256 2257
2257 2258
2258 2259
2259 2260
2260 2261
2261 2262
2262 2263
2263 2264
2264 2265
2265 2266
2266 2267
2267 2268
2268 2269
2269 2270
2270 2271
2271 2272
2272 2273
2273 2274
2274 2275
2275 2276
2276 2277
2277 2278
2278 2279
2279 2280
2280 2281
2281 2282
2282 2283
2283 2284
2284 2285
2285 2286
2286 2287
2287 2288
2288 2289
2289 2290
2290 2291
2291 2292
2292 2293
2293 2294
2294 2295
2295 2296
2296 2297
2297 2298
2298 2299
174 175
175 176
176 177
177 178
178 179
179 180
180 181
181 182
182 183
183 184
184 185
185 186
186 187
187 188
188 189
189 190
190 191
191 192
192 193
193 194
194 195
195 196
196 197
197 198
198 199
199 200
200 201
201 202
202 203
203 204
204 205
205 206
206 207
207 208
208 209
209 210
210 211
211 212
9079 9080
9080 9081
9081 9082
9082 9083
9083 9084
9084 9085
9085 9086
9086 9087
9087 9088
9088 9089
9089 9090
9090 9091
9091 9092
9092 9093
9093 9094
9094 9095
9095 9096
9096 9097
9097 9098
9098 9099
9099 9100
9100 9101
9101 9102
9102 9103
9103 9104
9104 9105
9105 9106
9106 9107
9107 9108
9108 9109
9109 9110
9110 9111
9111 9112
9112 9113
9113 9114
9114 9115
9115 9116
9116 9117
9117 9118
9118 9119
9119 9120
9120 9121
9121 9122
9122 9123
9123 9124
9124 9125
9125 9126
9126 9127
9127 9128
9128 9129
9129 9130
9130 9131
9131 9132
9132 9133
9133 9134
9134 9135
9135 9136
9136 9137
9137 9138
9138 9139
9139 9140
9140 9141
9141 9142
9142 9143
9143 9144
9144 9145
9145 9146
9146 9147
9147 9148
9148 9149
9149 9150
9150 9151
9151 9152
8902 8903
8903 8904
8904 8905
8905 8906
8906 8907
8907 8908
8908 8909
8909 8910
8910 8911
8911 8912
8912 8913
8913 8914
8914 8915
8915 8916
8916 8917
8917 8918
8918 8919
8919 8920
8920 8921
8921 8922
8922 8923
8923 8924
8924 8925
8925 8926
8926 8927
8927 8928
8928 8929
8929 8930
8930 8931
8931 8932
8932 8933
8933 8934
8934 8935
8935 8936
8936 8937
8937 8938
8938 8939
8939 8940
8940 8941
8941 8942
8443 8444
8444 8445
8445 8446
8446 8447
8447 8448
9411 9412
9412 9413
9413 9414
9414 9415
9415 9416
9416 9417
9417 9418
1976 1977
1605 1606
1606 1607
1607 1608
1608 1609
1609 1610
1610 1611
1611 1612
1612 1613
1613 1614
1614 1615
1615 1616
1616 1617
1617 1618
2991 2992
2992 2993
2993 2994
2994 2995
2995 2996
2996 2997
2997 2998
2998 2999
4925 4926
4926 4927
4927 4928
4928 4929
4929 4930
4930 4931
4931 4932
4932 4933
4933 4934
4934 4935
4935 4936
4936 4937
5457 5458
5458 5459
5459 5460
5460 5461
5461 5462
5462 5463
5463 5464
5464 5465
5465 5466
5466 5467
5467 5468
5468 5469
5469 5470
5470 5471
5471 5472
5472 5473
5473 5474
5474 5475
5475 5476
5476 5477
5477 5478
5478 5479
5479 5480
5480 5481
5481 5482
5482 5483
5483 5484
5484 5485
5485 5486
5486 5487
5487 5488
5488 5489
5489 5490
5490 5491
5491 5492
5492 5493
5493 5494
5494 5495
5495 5496
5496 5497
5497 5498
5498 5499
5499 5500
5500 5501
5501 5502
5502 5503
5503 5504
6355 6356
6356 6357
6357 6358
1304 1305
1305 1306
1306 1307
1307 1308
1308 1309
1309 1310
1310 1311
1311 1312
1312 1313
1313 1314
1314 1315
1315 1316
1316 1317
1317 1318
1318 1319
1319 1320
1320 1321
1321 1322
1322 1323
1323 1324
1324 1325
1325 1326
1326 1327
1327 1328
1328 1329
1329 1330
1330 1331
1331 1332
1332 1333
1333 1334
1334 1335
1335 1336
1336 1337
1337 1338
1338 1339
1339 1340
1340 1341
1341 1342
1342 1343
1343 1344
1344 1345
1345 1346
1346 1347
1347 1348
1348 1349
1349 1350
1350 1351
1351 1352
1352 1353
1353 1354
1354 1355
1355 1356
1356 1357
1357 1358
1358 1359
1359 1360
1360 1361
1361 1362
1362 1363
1363 1364
1364 1365
1365 1366
1366 1367
1367 1368
1368 1369
1369 1370
1370 1371
1371 1372
1372 1373
1373 1374
1374 1375
1375 1376
1376 1377
1377 1378
1378 1379
1379 1380
1380 1381
1381 1382
1382 1383
1383 1384
1384 1385
1385 1386
1386 1387
1387 1388
1388 1389
1389 1390
1390 1391
1391 1392
1392 1393
1393 1394
1394 1395
1395 1396
1396 1397
1397 1398
1398 1399
1399 1400
1400 1401
1401 1402
1402 1403
1403 1404
1404 1405
1405 1406
1406 1407
1407 1408
1408 1409
1409 1410
1410 1411
1411 1412
1412 1413
1413 1414
1414 1415
1415 1416
1416 1417
7540 7541
7541 7542
7542 7543
7543 7544
7544 7545
7545 7546
7546 7547
7547 7548
7548 7549
7549 7550
7550 7551
7551 7552
7552 7553
7553 7554
7554 7555
7555 7556
7556 7557
7557 7558
7558 7559
7559 7560
7560 7561
7561 7562
7562 7563
7563 7564
7564 7565
7565 7566
7566 7567
7567 7568
7568 7569
7569 7570
7570 7571
7571 7572
7572 7573
7573 7574
7574 7575
7575 7576
7576 7577
7577 7578
7578 7579
7579 7580
7580 7581
7581 7582
7582 7583
7583 7584
7584 7585
7585 7586
7586 7587
7587 7588
7588 7589
7589 7590
7590 7591
7591 7592
7592 7593
7593 7594
7594 7595
7595 7596
7596 7597
7597 7598
7598 7599
7599 7600
7600 7601
7601 7602
7602 7603
7603 7604
7604 7605
7605 7606
7606 7607
7607 7608
7608 7609
7609 7610
7610 7611
7611 7612
7612 7613
7613 7614
7614 7615
7615 7616
7616 7617
7617 7618
7618 7619
7619 7620
7620 7621
7621 7622
7622 7623
7623 7624
7624 7625
7625 7626
7626 7627
7627 7628
7628 7629
7629 7630
7630 7631
3639 3640
3640 3641
3641 3642
3642 3643
3643 3644
3644 3645
3645 3646
3646 3647
3647 3648
3648 3649
3649 3650
3650 3651
3651 3652
3652 3653
3653 3654
3654 3655
3655 3656
3656 3657
3657 3658
3658 3659
3659 3660
3660 3661
3661 3662
4826 4827
4827 4828
4828 4829
4829 4830
4830 4831
4831 4832
4832 4833
4833 4834
4834 4835
4835 4836
4836 4837
4837 4838
4838 4839
4839 4840
4840 4841
4841 4842
4842 4843
4843 4844
4844 4845
4845 4846
4846 4847
4847 4848
4848 4849
4849 4850
4850 4851
4851 4852
4852 4853
4853 4854
4854 4855
4855 4856
4856 4857
4857 4858
4858 4859
4859 4860
4860 4861
4861 4862
4862 4863
4863 4864
4864 4865
4865 4866
4866 4867
4867 4868
4868 4869
4869 4870
4870 4871
4871 4872
4872 4873
4873 4874
4874 4875
4875 4876
4876 4877
4877 4878
4878 4879
4879 4880
4880 4881
4881 4882
4882 4883
4883 4884
4884 4885
4885 4886
4886 4887
4887 4888
4888 4889
4889 4890
4890 4891
4891 4892
4892 4893
4893 4894
301 302
302 303
303 304
304 305
305 306
306 307
307 308
308 309
309 310
310 311
311 312
312 313
313 314
314 315
315 316
316 317
317 318
318 319
319 320
320 321
321 322
322 323
323 324
324 325
325 326
326 327
327 328
328 329
329 330
330 331
331 332
332 333
333 334
334 335
335 336
336 337
337 338
338 339
339 340
340 341
71 72
72 73
73 74
74 75
75 76
76 77
77 78
78 79
79 80
80 81
81 82
82 83
83 84
84 85
85 86
86 87
87 88
88 89
89 90
3475 3476
3476 3477
3477 3478
3478 3479
3479 3480
3480 3481
3481 3482
3482 3483
3483 3484
3484 3485
3485 3486
3486 3487
3487 3488
3488 3489
3489 3490
3490 3491
3491 3492
3492 3493
3493 3494
3494 3495
3495 3496
3496 3497
3497 3498
3498 3499
3499 3500
3500 3501
3501 3502
3502 3503
3503 3504
3504 3505
3505 3506
3506 3507
3507 3508
3508 3509
3509 3510
3510 3511
3511 3512
3512 3513
3513 3514
3514 3515
3515 3516
3516 3517
3517 3518
3518 3519
3519 3520
3520 3521
3521 3522
3522 3523
3523 3524
3524 3525
3525 3526
3526 3527
3527 3528
3528 3529
3529 3530
3530 3531
3531 3532
3532 3533
3533 3534
3534 3535
3535 3536
3536 3537
3537 3538
3538 3539
3539 3540
3540 3541
3541 3542
3542 3543
3543 3544
3544 3545
3545 3546
3546 3547
3547 3548
3548 3549
3549 3550
3550 3551
3551 3552
3552 3553
3553 3554
3554 3555
3555 3556
3556 3557
3557 3558
3558 3559
3559 3560
3560 3561
3561 3562
3562 3563
3563 3564
3564 3565
3565 3566
3566 3567
3567 3568
3568 3569
3569 3570
3570 3571
3571 3572
7617 7618
7618 7619
7619 7620
7620 7621
7621 7622
7622 7623
7623 7624
7624 7625
7625 7626
7626 7627
7627 7628
7628 7629
7629 7630
7630 7631
7631 7632
7632 7633
7633 7634
7634 7635
7635 7636
7636 7637
7637 7638
7638 7639
1997 1998
1998 1999
1999 2000
2000 2001
2001 2002
2002 2003
2003 2004
2004 2005
2005 2006
2006 2007
839 840
840 841
841 842
842 843
843 844
844 845
845 846
846 847
847 848
848 849
849 850
850 851
851 852
852 853
853 854
854 855
855 856
856 857
857 858
858 859
859 860
860 861
861 862
862 863
863 864
3009 3010
3010 3011
3011 3012
3012 3013
3013 3014
3014 3015
3015 3016
3016 3017
3017 3018
3018 3019
3019 3020
3020 3021
3021 3022
320 321
321 322
322 323
323 324
8280 8281
8281 8282
8282 8283
8283 8284
8284 8285
8285 8286
8286 8287
8287 8288
8288 8289
8289 8290
8290 8291
8291 8292
8292 8293
8293 8294
8294 8295
8295 8296
8296 8297
8297 8298
8298 8299
8299 8300
8300 8301
8301 8302
8302 8303
8303 8304
8304 8305
8305 8306
8306 8307
8307 8308
8308 8309
8309 8310
8310 8311
8311 8312
8312 8313
8313 8314
8314 8315
8315 8316
8316 8317
8317 8318
8318 8319
8319 8320
8320 8321
8321 8322
8322 8323
8323 8324
8324 8325
8325 8326
8326 8327
8327 8328
8328 8329
8329 8330
8330 8331
8331 8332
8332 8333
8333 8334
8334 8335
8335 8336
8336 8337
8337 8338
8338 8339
8339 8340
8340 8341
8341 8342
8342 8343
8343 8344
8344 8345
8345 8346
9070 9071
9071 9072
9072 9073
9073 9074
9074 9075
9075 9076
9076 9077
9077 9078
9078 9079
9079 9080
9080 9081
9081 9082
9082 9083
9083 9084
9084 9085
9085 9086
9086 9087
9087 9088
9088 9089
9089 9090
9090 9091
9091 9092
9092 9093
9093 9094
9094 9095
9095 9096
9096 9097
9097 9098
9098 9099
9099 9100
9100 9101
9101 9102
9102 9103
9103 9104
9104 9105
9105 9106
9106 9107
9107 9108
8165 8166
8166 8167
8167 8168
8168 8169
8169 8170
8170 8171
8171 8172
8172 8173
8173 8174
8174 8175
8175 8176
8176 8177
8177 8178
8178 8179
8179 8180
8180 8181
8181 8182
8182 8183
8183 8184
8184 8185
8185 8186
8186 8187
8187 8188
8188 8189
8189 8190
8190 8191
8191 8192
8192 8193
8193 8194
8230 8231
8231 8232
8232 8233
8233 8234
8234 8235
8235 8236
8236 8237
8237 8238
8238 8239
8239 8240
8240 8241
8241 8242
8242 8243
8243 8244
8244 8245
8245 8246
8246 8247
8247 8248
8248 8249
8249 8250
8250 8251
8251 8252
8252 8253
8253 8254
8254 8255
8255 8256
8256 8257
8257 8258
8258 8259
8259 8260
8260 8261
8261 8262
8262 8263
8263 8264
8264 8265
8265 8266
8266 8267
8267 8268
8268 8269
8269 8270
8270 8271
6477 6478
6478 6479
6479 6480
6480 6481
6481 6482
6482 6483
6483 6484
6484 6485
6485 6486
6486 6487
6487 6488
6488 6489
6489 6490
6490 6491
5743 5744
5744 5745
5745 5746
5746 5747
5747 5748
5748 5749
5749 5750
5750 5751
5751 5752
5752 5753
8008 8009
8009 8010
8010 8011
8011 8012
8012 8013
8013 8014
8014 8015
8015 8016
8016 8017
8017 8018
8018 8019
8019 8020
8020 8021
8021 8022
8022 8023
8023 8024
8024 8025
8025 8026
8026 8027
8027 8028
8028 8029
8029 8030
8030 8031
8031 8032
8032 8033
8033 8034
8034 8035
8035 8036
8036 8037
1805 1806
1806 1807
1807 1808
1808 1809
1809 1810
1810 1811
1811 1812
1812 1813
1813 1814
1814 1815
1815 1816
1816 1817
1817 1818
1818 1819
1819 1820
1820 1821
1821 1822
1822 1823
1823 1824
2240 2241
2241 2242
2242 2243
2243 2244
2244 2245
2245 2246
2246 2247
7631 7632
7632 7633
9436 9437
9437 9438
9438 9439
9439 9440
9440 9441
9441 9442
9442 9443
9443 9444
7159 7160
7160 7161
7161 7162
7162 7163
7163 7164
7164 7165
7165 7166
7166 7167
7167 7168
7168 7169
7169 7170
7170 7171
5051 5052
5052 5053
5053 5054
5054 5055
5055 5056
5056 5057
5057 5058
5058 5059
5059 5060
5060 5061
5061 5062
5062 5063
5063 5064
5064 5065
5065 5066
5066 5067
5067 5068
5068 5069
5069 5070
5070 5071
5071 5072
5072 5073
5073 5074
5074 5075
5075 5076
5076 5077
5077 5078
5078 5079
5079 5080
5080 5081
5081 5082
5082 5083
5083 5084
5084 5085
5085 5086
5086 5087
5087 5088
5088 5089
5089 5090
5090 5091
5091 5092
5092 5093
5093 5094
5094 5095
5095 5096
5096 5097
5097 5098
5098 5099
5099 5100
5100 5101
5101 5102
48 49
49 50
50 51
51 52
52 53
53 54
54 55
55 56
56 57
57 58
58 59
59 60
60 61
61 62
62 63
63 64
64 65
65 66
66 67
4495 4496
4496 4497
4497 4498
4498 4499
4499 4500
4500 4501
4501 4502
4502 4503
4503 4504
4504 4505
4505 4506
4506 4507
4507 4508
4508 4509
4509 4510
4974 4975
823 824
824 825
825 826
826 827
827 828
828 829
829 830
830 831
831 832
832 833
833 834
834 835
835 836
836 837
837 838
838 839
839 840
840 841
841 842
842 843
5468 5469
5469 5470
5470 5471
5471 5472
5472 5473
5473 5474
5474 5475
5475 5476
5476 5477
5477 5478
5478 5479
5479 5480
5984 5985
5985 5986
5986 5987
5987 5988
6643 6644
6644 6645
6645 6646
6646 6647
6647 6648
6648 6649
6649 6650
6650 6651
6651 6652
6652 6653
6653 6654
9338 9339
9339 9340
9340 9341
9341 9342
9342 9343
9343 9344
9344 9345
9345 9346
9346 9347
9347 9348
9348 9349
9349 9350
9350 9351
9351 9352
9352 9353
9353 9354
9354 9355
9355 9356
9356 9357
9357 9358
9358 9359
9359 9360
9360 9361
9361 9362
9362 9363
9363 9364
9364 9365
9365 9366
9366 9367
9367 9368
9368 9369
9369 9370
9370 9371
9371 9372
9372 9373
9373 9374
9374 9375
9375 9376
9376 9377
9377 9378
9378 9379
9379 9380
9380 9381
9381 9382
9382 9383
9383 9384
9384 9385
9385 9386
9386 9387
9387 9388
9388 9389
9389 9390
9390 9391
9391 9392
9392 9393
9393 9394
9394 9395
9395 9396
9396 9397
9397 9398
9398 9399
9399 9400
9400 9401
9401 9402
9402 9403
7423 7424
7424 7425
7425 7426
7426 7427
1302 1303
1303 1304
1304 1305
1305 1306
1306 1307
1307 1308
1308 1309
1309 1310
1310 1311
1311 1312
1312 1313
1313 1314
1314 1315
1315 1316
1316 1317
1317 1318
1318 1319
1319 1320
1320 1321
1321 1322
1322 1323
1323 1324
1324 1325
1325 1326
1326 1327
1327 1328
1328 1329
1329 1330
1330 1331
1331 1332
1332 1333
1333 1334
1334 1335
1335 1336
1336 1337
1337 1338
1338 1339
1339 1340
1340 1341
1341 1342
1342 1343
1343 1344
1344 1345
1345 1346
1346 1347
1347 1348
1348 1349
1349 1350
1350 1351
1351 1352
1352 1353
1353 1354
1354 1355
1355 1356
1356 1357
1357 1358
1358 1359
1359 1360
1360 1361
1361 1362
1362 1363
1363 1364
1364 1365
1365 1366
1366 1367
1367 1368
1368 1369
1369 1370
1370 1371
1371 1372
1372 1373
1373 1374
1374 1375
1375 1376
1376 1377
1377 1378
1378 1379
1379 1380
1380 1381
1381 1382
1382 1383
1383 1384
1384 1385
1385 1386
1386 1387
1387 1388
1388 1389
1389 1390
1390 1391
1391 1392
1392 1393
1393 1394
1394 1395
1395 1396
1396 1397
1397 1398
1398 1399
1399 1400
1400 1401
1401 1402
1402 1403
1403 1404
1404 1405
1405 1406
1406 1407
1407 1408
1408 1409
1409 1410
1410 1411
1411 1412
1412 1413
1413 1414
1414 1415
1415 1416
1416 1417
1417 1418
1418 1419
1419 1420
1420 1421
1421 1422
1422 1423
1423 1424
1424 1425
1425 1426
1426 1427
1427 1428
1428 1429
1429 1430
8884 8885
8885 8886
8886 8887
8887 8888
8888 8889
8889 8890
8890 8891
8891 8892
8892 8893
8893 8894
8894 8895
8895 8896
8896 8897
8897 8898
8898 8899
8899 8900
8900 8901
8901 8902
8902 8903
8903 8904
8904 8905
8905 8906
8906 8907
8907 8908
8908 8909
8909 8910
8910 8911
3325 3326
3326 3327
8562 8563
8563 8564
8564 8565
8565 8566
8566 8567
8567 8568
8568 8569
8569 8570
8570 8571
8571 8572
8572 8573
8573 8574
8574 8575
8575 8576
8576 8577
8577 8578
8578 8579
8579 8580
8580 8581
8581 8582
8582 8583
8583 8584
8584 8585
8585 8586
8586 8587
8587 8588
8588 8589
8589 8590
8590 8591
8591 8592
8592 8593
8593 8594
8594 8595
1915 1916
1916 1917
1917 1918
1918 1919
1919 1920
1920 1921
1921 1922
1922 1923
463 464
464 465
465 466
466 467
467 468
468 469
469 470
470 471
471 472
472 473
473 474
1695 1696
1696 1697
1697 1698
1698 1699
1699 1700
1700 1701
1701 1702
1702 1703
1703 1704
1704 1705
1705 1706
1706 1707
1707 1708
1708 1709
1709 1710
1710 1711
1711 1712
1712 1713
1713 1714
1714 1715
1715 1716
1716 1717
1717 1718
1718 1719
1719 1720
1720 1721
1721 1722
1722 1723
1723 1724
1724 1725
1725 1726
1726 1727
1727 1728
1728 1729
1729 1730
1730 1731
1731 1732
1732 1733
1733 1734
1734 1735
1735 1736
1736 1737
1737 1738
1738 1739
1739 1740
1740 1741
1741 1742
1742 1743
1743 1744
1744 1745
1745 1746
1746 1747
1747 1748
1748 1749
1749 1750
1750 1751
1751 1752
1752 1753
1753 1754
1754 1755
1755 1756
1756 1757
1757 1758
1758 1759
1759 1760
1760 1761
1761 1762
1762 1763
1763 1764
1764 1765
1765 1766
5584 5585
5585 5586
5586 5587
5587 5588
5588 5589
5589 5590
5590 5591
5591 5592
5592 5593
5593 5594
5594 5595
5595 5596
5596 5597
5597 5598
5598 5599
5599 5600
5600 5601
5601 5602
5602 5603
5603 5604
5604 5605
5605 5606
5606 5607
5607 5608
5608 5609
5609 5610
5610 5611
5611 5612
5612 5613
5613 5614
5614 5615
5615 5616
5616 5617
5617 5618
5618 5619
5619 5620
5620 5621
5621 5622
5622 5623
5623 5624
5624 5625
5625 5626
5626 5627
5627 5628
5628 5629
5629 5630
5630 5631
5631 5632
5632 5633
5633 5634
5634 5635
5635 5636
3614 3615
3615 3616
3616 3617
3617 3618
3618 3619
3619 3620
3620 3621
3621 3622
3622 3623
3623 3624
3624 3625
3625 3626
3626 3627
3627 3628
3628 3629
3629 3630
3630 3631
3631 3632
3632 3633
3633 3634
3634 3635
3635 3636
3636 3637
3637 3638
3638 3639
3639 3640
3640 3641
3641 3642
3642 3643
3643 3644
3644 3645
3645 3646
3646 3647
3647 3648
3648 3649
3649 3650
3650 3651
3651 3652
4286 4287
4287 4288
4288 4289
4289 4290
4290 4291
4291 4292
4292 4293
4293 4294
4294 4295
4295 4296
4296 4297
4297 4298
4298 4299
4299 4300
4300 4301
4301 4302
4302 4303
4303 4304
4304 4305
4305 4306
4306 4307
4307 4308
4308 4309
4309 4310
4310 4311
4311 4312
4312 4313
4313 4314
4314 4315
4315 4316
4316 4317
4317 4318
4318 4319
4319 4320
4320 4321
4321 4322
4322 4323
4323 4324
4324 4325
4325 4326
4326 4327
4327 4328
4328 4329
4329 4330
4330 4331
4331 4332
4332 4333
4333 4334
4334 4335
4335 4336
4336 4337
4337 4338
4338 4339
4339 4340
4340 4341
4341 4342
4342 4343
4343 4344
4344 4345
4345 4346
4346 4347
4347 4348
4348 4349
4349 4350
4350 4351
4351 4352
4352 4353
4353 4354
4354 4355
4355 4356
4356 4357
4357 4358
4358 4359
4359 4360
4360 4361
4361 4362
4362 4363
4363 4364
4364 4365
4365 4366
4366 4367
4367 4368
4368 4369
4369 4370
4370 4371
4371 4372
4372 4373
4373 4374
4374 4375
4375 4376
4376 4377
4377 4378
4378 4379
4379 4380
4380 4381
4381 4382
4382 4383
4383 4384
9867 9868
9868 9869
9869 9870
9870 9871
9871 9872
9872 9873
9873 9874
9874 9875
9875 9876
9876 9877
9877 9878
9878 9879
9879 9880
9880 9881
9881 9882
9882 9883
9883 9884
9884 9885
9885 9886
9886 9887
9887 9888
9888 9889
9889 9890
9890 9891
9891 9892
9892 9893
9893 9894
9894 9895
9895 9896
9896 9897
9897 9898
9898 9899
9899 9900
9900 9901
9901 9902
9902 9903
9903 9904
9904 9905
9905 9906
9906 9907
9907 9908
9908 9909
9909 9910
5041 5042
5042 5043
5043 5044
5044 5045
5045 5046
5046 5047
5047 5048
5048 5049
5049 5050
5050 5051
5051 5052
5052 5053
5053 5054
5054 5055
5055 5056
5056 5057
5057 5058
5058 5059
5059 5060
5060 5061
5061 5062
5062 5063
5063 5064
5064 5065
5065 5066
5066 5067
5067 5068
5068 5069
5069 5070
5070 5071
5071 5072
5072 5073
5073 5074
5074 5075
5075 5076
5076 5077
5077 5078
5078 5079
5079 5080
5080 5081
5081 5082
5082 5083
5083 5084
5084 5085
5085 5086
5086 5087
5087 5088
5088 5089
5089 5090
5090 5091
5091 5092
5092 5093
5093 5094
5094 5095
5095 5096
5096 5097
5097 5098
5098 5099
5099 5100
5100 5101
5101 5102
5102 5103
5103 5104
5104 5105
5105 5106
5106 5107
5107 5108
5108 5109
5109 5110
5110 5111
5111 5112
5112 5113
5113 5114
5114 5115
5115 5116
5116 5117
5117 5118
5118 5119
5119 5120
5120 5121
5121 5122
5122 5123
5123 5124
5124 5125
5125 5126
5126 5127
5127 5128
5128 5129
5129 5130
5130 5131
5131 5132
5132 5133
5133 5134
5134 5135
5135 5136
5136 5137
5137 5138
5138 5139
5139 5140
5140 5141
5141 5142
5142 5143
5143 5144
5144 5145
5145 5146
5146 5147
6484 6485
6485 6486
6486 6487
6487 6488
6488 6489
6489 6490
6490 6491
6491 6492
6492 6493
6493 6494
6494 6495
6495 6496
6496 6497
6497 6498
6498 6499
6499 6500
6500 6501
6501 6502
6502 6503
6503 6504
6504 6505
6505 6506
6506 6507
1296 1297
5813 5814
5814 5815
5815 5816
5816 5817
5817 5818
5818 5819
5819 5820
5820 5821
5821 5822
6704 6705
6705 6706
6706 6707
6707 6708
6708 6709
6709 6710
6710 6711
6711 6712
6712 6713
6713 6714
4406 4407
4407 4408
4408 4409
4409 4410
4410 4411
4411 4412
4412 4413
4413 4414
4414 4415
4415 4416
4416 4417
4417 4418
4418 4419
4419 4420
4420 4421
4421 4422
4422 4423
4423 4424
4424 4425
4425 4426
4426 4427
4427 4428
4428 4429
4429 4430
4430 4431
4431 4432
4432 4433
4433 4434
4434 4435
4435 4436
4436 4437
4437 4438
4438 4439
4439 4440
4440 4441
4441 4442
4442 4443
4443 4444
4444 4445
4445 4446
4446 4447
4447 4448
4448 4449
4449 4450
4450 4451
4451 4452
4452 4453
4453 4454
4454 4455
4455 4456
4456 4457
4457 4458
4458 4459
4459 4460
4460 4461
4461 4462
4462 4463
4463 4464
4464 4465
4465 4466
4466 4467
4467 4468
4468 4469
4469 4470
4470 4471
4471 4472
4472 4473
4473 4474
4474 4475
4475 4476
4476 4477
4477 4478
4478 4479
4479 4480
4480 4481
4481 4482
4482 4483
4483 4484
4484 4485
4485 4486
4486 4487
4487 4488
4488 4489
4489 4490
4490 4491
4491 4492
4492 4493
4493 4494
4494 4495
4495 4496
4496 4497
4497 4498
4498 4499
4499 4500
4500 4501
4501 4502
4502 4503
4503 4504
4504 4505
4505 4506
4506 4507
4507 4508
4508 4509
4509 4510
4510 4511
4511 4512
4512 4513
4513 4514
4514 4515
4515 4516
4516 4517
4517 4518
4518 4519
4519 4520
4520 4521
4521 4522
4522 4523
4523 4524
4524 4525
4525 4526
4526 4527
4527 4528
4528 4529
4529 4530
4530 4531
9282 9283
9283 9284
9284 9285
9285 9286
9286 9287
9287 9288
9288 9289
9289 9290
9290 9291
9291 9292
9292 9293
9293 9294
9294 9295
9295 9296
2611 2612
2612 2613
2613 2614
2614 2615
2615 2616
2616 2617
2617 2618
2618 2619
2619 2620
2620 2621
2621 2622
2622 2623
2623 2624
2624 2625
2625 2626
2626 2627
2627 2628
2628 2629
2629 2630
2630 2631
2631 2632
2632 2633
2633 2634
2634 2635
2635 2636
2636 2637
2637 2638
2638 2639
2639 2640
2640 2641
2641 2642
2642 2643
2643 2644
2644 2645
2645 2646
2646 2647
2647 2648
2648 2649
2649 2650
2650 2651
2651 2652
2652 2653
2653 2654
2654 2655
2655 2656
2656 2657
2657 2658
2658 2659
2659 2660
2660 2661
2661 2662
2662 2663
2663 2664
2664 2665
2665 2666
2666 2667
2667 2668
2668 2669
2669 2670
2670 2671
2671 2672
2672 2673
2673 2674
2674 2675
2338 2339
2339 2340
2340 2341
2341 2342
2342 2343
2343 2344
2344 2345
2345 2346
2346 2347
2347 2348
2348 2349
2349 2350
2350 2351
2351 2352
2352 2353
2353 2354
2354 2355
2355 2356
2356 2357
2357 2358
2358 2359
2359 2360
2360 2361
2361 2362
2362 2363
2363 2364
2364 2365
2365 2366
2366 2367
2367 2368
2368 2369
2369 2370
2370 2371
2371 2372
2372 2373
2373 2374
2374 2375
2375 2376
2376 2377
2377 2378
2378 2379
2379 2380
2380 2381
2381 2382
2382 2383
2383 2384
2384 2385
2385 2386
3237 3238
3238 3239
3239 3240
3240 3241
3241 3242
3242 3243
3243 3244
3244 3245
3245 3246
3246 3247
3247 3248
3248 3249
3249 3250
3250 3251
3251 3252
3252 3253
3253 3254
3254 3255
3255 3256
3256 3257
3257 3258
8344 8345
8345 8346
8346 8347
8347 8348
8348 8349
8349 8350
8350 8351
8351 8352
8352 8353
8353 8354
8354 8355
8355 8356
8356 8357
8357 8358
8358 8359
8359 8360
8360 8361
8361 8362
8362 8363
8363 8364
8364 8365
8365 8366
8366 8367
8367 8368
8368 8369
8369 8370
8370 8371
8371 8372
8372 8373
8373 8374
371 372
372 373
373 374
374 375
375 376
376 377
377 378
378 379
1586 1587
1587 1588
1588 1589
1589 1590
1590 1591
1591 1592
1592 1593
1593 1594
1594 1595
1595 1596
1596 1597
1597 1598
1598 1599
1599 1600
1600 1601
1601 1602
1602 1603
1603 1604
1604 1605
1605 1606
1606 1607
1607 1608
1608 1609
1609 1610
1610 1611
1611 1612
1612 1613
1613 1614
1614 1615
1615 1616
1616 1617
4109 4110
4110 4111
4111 4112
4112 4113
4113 4114
4114 4115
4115 4116
4116 4117
4117 4118
4118 4119
4119 4120
4120 4121
4121 4122
4122 4123
4123 4124
4124 4125
4125 4126
4126 4127
4127 4128
4128 4129
4129 4130
4130 4131
6715 6716
6716 6717
6717 6718
6718 6719
6719 6720
6720 6721
6721 6722
6722 6723
6723 6724
6724 6725
6725 6726
6726 6727
6727 6728
6728 6729
6729 6730
6730 6731
8767 8768
8768 8769
8769 8770
8770 8771
8771 8772
8772 8773
8773 8774
8774 8775
8775 8776
8776 8777
8777 8778
8778 8779
8779 8780
8780 8781
8781 8782
2038 2039
2039 2040
2040 2041
2041 2042
2042 2043
2043 2044
2044 2045
2045 2046
2046 2047
2047 2048
2048 2049
2049 2050
2050 2051
2051 2052
2052 2053
2053 2054
2054 2055
2055 2056
2056 2057
2057 2058
2058 2059
2059 2060
2060 2061
2061 2062
2062 2063
2063 2064
2064 2065
2065 2066
2066 2067
2067 2068
2068 2069
2069 2070
2070 2071
2071 2072
2072 2073
2073 2074
2074 2075
2075 2076
2076 2077
2077 2078
2078 2079
2079 2080
2080 2081
2081 2082
2082 2083
2083 2084
2084 2085
2085 2086
2086 2087
2087 2088
2088 2089
2089 2090
2090 2091
2091 2092
2092 2093
2093 2094
2094 2095
2095 2096
2096 2097
2097 2098
2098 2099
2099 2100
2100 2101
2101 2102
2102 2103
2103 2104
2104 2105
2105 2106
2106 2107
2107 2108
2108 2109
2109 2110
2110 2111
2111 2112
2112 2113
2113 2114
2114 2115
2115 2116
2116 2117
2117 2118
2118 2119
2119 2120
2120 2121
2121 2122
2122 2123
2123 2124
2124 2125
2125 2126
2126 2127
2127 2128
2128 2129
2129 2130
2130 2131
2131 2132
2132 2133
2133 2134
2134 2135
2135 2136
2136 2137
2137 2138
2138 2139
5200 5201
5201 5202
5202 5203
5203 5204
5204 5205
5205 5206
5206 5207
5207 5208
5208 5209
5209 5210
5210 5211
5211 5212
5212 5213
5213 5214
5214 5215
5215 5216
5216 5217
5217 5218
5218 5219
5219 5220
5220 5221
5221 5222
5222 5223
5223 5224
5224 5225
5225 5226
5226 5227
5227 5228
5228 5229
5229 5230
5230 5231
5231 5232
5232 5233
5233 5234
5234 5235
5235 5236
5236 5237
5237 5238
5238 5239
5239 5240
5240 5241
5241 5242
5242 5243
5243 5244
5244 5245
5245 5246
5246 5247
5247 5248
5248 5249
5249 5250
5250 5251
5251 5252
5252 5253
5253 5254
5254 5255
5255 5256
5256 5257
5257 5258
5258 5259
5259 5260
5260 5261
5244 5245
5245 5246
5246 5247
5247 5248
5248 5249
5249 5250
5250 5251
5251 5252
5252 5253
5253 5254
5254 5255
5255 5256
5256 5257
5257 5258
5258 5259
5259 5260
5260 5261
5261 5262
5262 5263
1791 1792
1792 1793
1793 1794
1794 1795
1795 1796
1796 1797
1797 1798
9004 9005
9005 9006
9006 9007
9420 9421
9421 9422
9422 9423
9423 9424
9424 9425
9425 9426
9426 9427
9427 9428
9428 9429
9429 9430
9430 9431
9431 9432
9432 9433
9433 9434
9434 9435
9435 9436
9436 9437
9437 9438
9438 9439
9439 9440
9440 9441
9441 9442
9442 9443
9443 9444
9444 9445
1607 1608
1608 1609
1609 1610
1610 1611
1611 1612
1612 1613
1613 1614
1614 1615
1615 1616
1616 1617
1617 1618
1618 1619
1619 1620
1620 1621
1621 1622
1622 1623
1623 1624
6642 6643
6643 6644
6644 6645
6645 6646
6646 6647
6647 6648
6648 6649
6649 6650
6650 6651
6651 6652
6652 6653
6653 6654
6654 6655
6655 6656
6656 6657
6657 6658
6658 6659
6659 6660
6660 6661
6661 6662
6662 6663
6663 6664
6664 6665
6665 6666
6666 6667
6667 6668
6668 6669
6669 6670
6670 6671
6671 6672
6672 6673
6673 6674
6674 6675
6675 6676
6676 6677
6677 6678
6678 6679
6679 6680
6680 6681
6681 6682
6682 6683
6683 6684
6684 6685
6685 6686
6686 6687
6687 6688
6688 6689
6689 6690
6690 6691
6691 6692
6692 6693
6693 6694
6694 6695
6695 6696
6696 6697
6697 6698
6698 6699
6699 6700
6700 6701
6701 6702
6702 6703
6703 6704
6704 6705
6705 6706
6706 6707
6707 6708
6708 6709
6709 6710
6710 6711
6711 6712
6712 6713
6713 6714
6714 6715
6715 6716
6716 6717
6717 6718
6718 6719
6719 6720
6720 6721
6721 6722
6722 6723
6723 6724
6724 6725
6725 6726
6726 6727
6727 6728
6728 6729
1163 1164
1164 1165
1165 1166
1166 1167
1167 1168
1168 1169
1169 1170
1170 1171
1171 1172
1172 1173
1173 1174
1174 1175
1175 1176
1176 1177
1177 1178
1178 1179
1179 1180
1180 1181
1181 1182
1182 1183
1183 1184
1184 1185
1185 1186
1186 1187
1187 1188
1188 1189
1189 1190
1190 1191
1191 1192
1192 1193
1193 1194
1194 1195
1195 1196
1196 1197
1197 1198
1198 1199
1199 1200
8068 8069
8069 8070
8070 8071
8071 8072
8072 8073
8073 8074
8074 8075
8075 8076
8076 8077
8077 8078
8078 8079
8079 8080
8080 8081
8081 8082
8082 8083
8083 8084
8084 8085
8085 8086
8086 8087
8087 8088
8088 8089
8089 8090
8090 8091
8091 8092
8092 8093
8093 8094
8094 8095
8095 8096
8096 8097
8097 8098
8098 8099
8099 8100
8100 8101
8101 8102
8102 8103
8103 8104
8104 8105
8105 8106
8106 8107
8107 8108
8108 8109
8109 8110
8110 8111
8111 8112
8112 8113
8113 8114
8114 8115
8115 8116
8116 8117
8117 8118
8118 8119
8119 8120
8120 8121
8121 8122
8122 8123
8123 8124
325 326
326 327
327 328
328 329
329 330
330 331
331 332
332 333
333 334
334 335
335 336
336 337
337 338
338 339
339 340
340 341
341 342
342 343
343 344
344 345
345 346
346 347
347 348
348 349
349 350
350 351
351 352
352 353
353 354
354 355
355 356
356 357
357 358
358 359
359 360
360 361
361 362
362 363
363 364
364 365
365 366
366 367
367 368
368 369
369 370
370 371
371 372
372 373
373 374
374 375
375 376
376 377
377 378
378 379
379 380
380 381
381 382
382 383
383 384
384 385
385 386
386 387
387 388
388 389
389 390
390 391
391 392
392 393
393 394
394 395
395 396
396 397
397 398
398 399
399 400
400 401
401 402
402 403
403 404
404 405
405 406
406 407
407 408
408 409
409 410
410 411
411 412
412 413
413 414
414 415
415 416
416 417
417 418
418 419
419 420
420 421
421 422
422 423
3376 3377
3377 3378
3378 3379
3379 3380
3380 3381
3381 3382
3382 3383
3383 3384
3384 3385
3385 3386
3386 3387
3387 3388
3388 3389
3389 3390
3390 3391
3391 3392
3392 3393
3393 3394
3394 3395
3395 3396
3396 3397
3397 3398
3398 3399
3399 3400
3400 3401
3401 3402
3402 3403
3403 3404
3404 3405
3405 3406
3406 3407
3407 3408
3408 3409
9065 9066
328 329
329 330
330 331
331 332
332 333
333 334
334 335
335 336
336 337
337 338
338 339
9657 9658
9658 9659
9659 9660
9660 9661
9661 9662
9662 9663
9663 9664
9664 9665
9665 9666
9666 9667
9667 9668
9668 9669
9669 9670
9670 9671
9671 9672
9672 9673
9673 9674
9674 9675
9675 9676
9676 9677
9677 9678
9678 9679
9679 9680
9680 9681
9681 9682
9682 9683
9683 9684
9684 9685
9685 9686
9686 9687
9687 9688
9688 9689
9689 9690
9690 9691
9691 9692
9692 9693
3476 3477
3477 3478
3478 3479
1683 1684
1684 1685
1685 1686
1686 1687
1687 1688
1688 1689
1689 1690
1690 1691
1691 1692
1692 1693
1693 1694
1694 1695
1695 1696
1696 1697
1697 1698
1698 1699
1699 1700
1700 1701
1701 1702
1702 1703
1703 1704
1704 1705
1705 1706
1706 1707
1707 1708
1708 1709
1709 1710
1710 1711
1711 1712
1712 1713
1713 1714
1714 1715
1715 1716
1716 1717
1717 1718
1718 1719
1719 1720
2934 2935
2935 2936
2936 2937
2937 2938
2938 2939
2939 2940
2940 2941
2941 2942
2942 2943
2943 2944
2944 2945
2945 2946
2946 2947
2947 2948
2948 2949
2949 2950
2950 2951
2951 2952
2952 2953
2953 2954
2954 2955
2955 2956
2956 2957
2957 2958
2958 2959
2959 2960
2960 2961
2961 2962
2962 2963
2963 2964
2964 2965
2965 2966
2966 2967
2967 2968
2968 2969
2969 2970
2970 2971
619 620
620 621
621 622
622 623
623 624
624 625
625 626
626 627
627 628
628 629
629 630
630 631
631 632
632 633
633 634
634 635
635 636
636 637
637 638
638 639
639 640
640 641
641 642
642 643
643 644
644 645
7724 7725
7725 7726
7726 7727
7727 7728
7728 7729
7729 7730
7730 7731
7731 7732
7732 7733
7733 7734
7734 7735
7735 7736
7736 7737
7737 7738
7738 7739
7739 7740
7740 7741
7741 7742
7742 7743
7743 7744
7744 7745
7745 7746
7746 7747
3763 3764
3764 3765
3765 3766
3766 3767
3767 3768
3768 3769
3769 3770
3770 3771
3771 3772
3772 3773
3773 3774
3774 3775
3775 3776
3776 3777
3777 3778
3778 3779
3779 3780
3780 3781
3781 3782
3782 3783
3783 3784
3784 3785
3785 3786
3786 3787
3787 3788
3788 3789
3789 3790
3790 3791
3791 3792
3792 3793
3793 3794
3794 3795
3795 3796
3796 3797
3797 3798
3798 3799
3799 3800
3800 3801
3801 3802
3802 3803
3803 3804
3804 3805
3805 3806
3806 3807
3807 3808
3808 3809
3809 3810
3810 3811
3811 3812
3812 3813
3813 3814
3814 3815
3815 3816
3816 3817
3817 3818
3818 3819
3819 3820
3820 3821
3821 3822
3822 3823
3823 3824
3824 3825
3825 3826
3826 3827
3827 3828
3828 3829
3829 3830
3830 3831
3831 3832
3832 3833
3833 3834
3834 3835
3835 3836
3836 3837
3837 3838
3838 3839
3839 3840
3840 3841
3841 3842
3842 3843
3843 3844
3844 3845
3845 3846
3846 3847
3847 3848
3848 3849
3849 3850
3850 3851
3851 3852
3852 3853
3853 3854
3854 3855
3855 3856
3856 3857
3857 3858
3858 3859
3859 3860
3860 3861
3861 3862
3862 3863
3863 3864
3864 3865
3865 3866
3866 3867
3867 3868
3868 3869
3869 3870
3870 3871
3871 3872
3872 3873
3873 3874
3874 3875
3875 3876
3876 3877
3877 3878
3878 3879
3879 3880
3880 3881
3881 3882
3882 3883
3883 3884
3884 3885
3885 3886
3886 3887
3887 3888
3888 3889
3889 3890
3890 3891
3891 3892
3892 3893
3893 3894
3894 3895
3895 3896
3896 3897
3897 3898
3898 3899
3899 3900
3900 3901
3901 3902
3902 3903
3903 3904
7891 7892
7892 7893
4029 4030
4030 4031
4031 4032
4032 4033
4033 4034
4034 4035
4035 4036
4036 4037
4037 4038
4038 4039
4039 4040
4040 4041
4041 4042
4042 4043
4043 4044
4044 4045
4045 4046
4046 4047
4047 4048
4048 4049
4049 4050
4050 4051
4051 4052
4052 4053
4053 4054
4054 4055
4055 4056
4056 4057
4057 4058
4058 4059
4059 4060
4060 4061
4061 4062
4062 4063
4063 4064
4064 4065
4065 4066
4066 4067
4067 4068
4068 4069
4069 4070
4070 4071
4071 4072
4072 4073
4073 4074
4074 4075
4075 4076
4076 4077
4077 4078
4078 4079
4079 4080
4080 4081
4081 4082
4082 4083
4083 4084
4084 4085
4085 4086
4086 4087
4087 4088
4088 4089
4089 4090
4090 4091
4091 4092
4092 4093
4093 4094
4094 4095
4095 4096
4096 4097
4097 4098
4098 4099
4099 4100
4100 4101
4101 4102
4102 4103
4103 4104
4104 4105
396 397
397 398
398 399
399 400
400 401
401 402
402 403
403 404
404 405
405 406
406 407
407 408
408 409
409 410
886 887
887 888
888 889
889 890
890 891
891 892
892 893
893 894
894 895
895 896
896 897
897 898
898 899
899 900
900 901
901 902
902 903
903 904
904 905
905 906
906 907
907 908
908 909
909 910
910 911
911 912
912 913
913 914
914 915
5272 5273
5273 5274
5274 5275
5275 5276
5276 5277
5277 5278
5278 5279
5279 5280
5280 5281
2692 2693
2693 2694
2694 2695
2695 2696
2696 2697
2697 2698
2698 2699
2699 2700
2700 2701
2701 2702
2702 2703
2703 2704
2704 2705
2705 2706
2706 2707
2707 2708
2708 2709
8003 8004
8004 8005
9627 9628
9628 9629
9629 9630
9630 9631
9631 9632
9632 9633
9633 9634
9634 9635
9635 9636
9636 9637
9637 9638
9638 9639
9639 9640
9640 9641
9641 9642
9642 9643
9643 9644
9644 9645
9645 9646
9646 9647
9647 9648
5241 5242
5242 5243
5243 5244
5244 5245
5245 5246
5246 5247
5247 5248
5248 5249
5249 5250
5250 5251
5251 5252
5252 5253
9504 9505
9505 9506
5351 5352
7826 7827
7827 7828
7828 7829
7829 7830
7830 7831
7831 7832
7832 7833
7833 7834
7834 7835
7835 7836
7836 7837
7837 7838
7838 7839
7839 7840
7840 7841
7841 7842
7842 7843
7843 7844
7844 7845
7845 7846
7846 7847
7847 7848
7848 7849
7849 7850
7850 7851
7851 7852
7852 7853
7853 7854
7854 7855
3819 3820
3820 3821
3821 3822
3822 3823
7540 7541
7541 7542
7542 7543
7543 7544
7544 7545
7545 7546
7546 7547
7547 7548
7548 7549
7549 7550
7550 7551
7551 7552
7552 7553
7553 7554
5497 5498
5498 5499
5499 5500
5500 5501
5501 5502
5502 5503
5503 5504
5504 5505
5505 5506
5506 5507
5507 5508
5508 5509
5509 5510
5510 5511
5511 5512
5512 5513
5513 5514
5514 5515
5515 5516
5516 5517
5517 5518
5518 5519
5519 5520
5520 5521
5521 5522
5522 5523
5523 5524
5524 5525
5525 5526
5526 5527
5527 5528
5528 5529
5529 5530
5530 5531
5531 5532
7264 7265
8940 8941
8941 8942
8942 8943
8943 8944
8944 8945
2868 2869
2869 2870
2870 2871
2871 2872
2872 2873
2873 2874
2874 2875
2875 2876
2876 2877
2877 2878
2039 2040
2040 2041
2041 2042
2042 2043
2043 2044
2044 2045
2045 2046
2046 2047
2047 2048
2048 2049
2049 2050
2050 2051
2051 2052
2052 2053
2053 2054
2054 2055
2055 2056
2056 2057
2057 2058
2058 2059
2059 2060
2060 2061
2061 2062
2062 2063
2063 2064
2064 2065
2065 2066
2066 2067
2067 2068
2068 2069
2069 2070
2070 2071
2071 2072
2072 2073
2073 2074
2074 2075
2075 2076
2076 2077
2077 2078
2078 2079
2079 2080
2080 2081
2081 2082
2082 2083
2083 2084
2084 2085
2085 2086
2086 2087
2087 2088
2088 2089
2089 2090
2090 2091
2091 2092
2092 2093
2093 2094
2094 2095
2095 2096
2096 2097
2097 2098
2098 2099
2099 2100
2100 2101
2101 2102
2102 2103
2103 2104
2104 2105
2105 2106
2106 2107
2107 2108
2108 2109
2109 2110
2110 2111
2111 2112
2112 2113
2113 2114
2114 2115
2115 2116
2116 2117
2117 2118
2118 2119
2119 2120
2120 2121
2121 2122
2122 2123
2123 2124
2124 2125
2125 2126
2126 2127
2127 2128
2128 2129
2129 2130
2130 2131
2131 2132
2132 2133
2133 2134
2134 2135
2135 2136
2136 2137
2137 2138
2138 2139
2139 2140
2140 2141
2141 2142
2142 2143
2143 2144
2144 2145
2145 2146
2146 2147
2147 2148
2148 2149
2149 2150
2150 2151
2151 2152
2152 2153
2153 2154
2154 2155
2155 2156
2156 2157
2157 2158
2158 2159
2159 2160
2160 2161
2161 2162
2162 2163
2163 2164
2164 2165
2165 2166
2166 2167
2167 2168
2168 2169
2169 2170
2170 2171
2171 2172
2172 2173
2173 2174
2174 2175
2175 2176
2176 2177
2177 2178
2178 2179
2179 2180
2180 2181
2181 2182
2182 2183
2183 2184
2184 2185
2185 2186
2186 2187
2187 2188
2188 2189
2189 2190
2190 2191
2191 2192
2192 2193
2193 2194
2194 2195
2195 2196
2196 2197
2197 2198
2198 2199
187 188
188 189
189 190
190 191
191 192
192 193
193 194
194 195
195 196
196 197
197 198
198 199
199 200
200 201
201 202
202 203
203 204
204 205
205 206
206 207
207 208
208 209
209 210
210 211
211 212
6337 6338
6338 6339
6339 6340
6340 6341
6341 6342
6342 6343
6343 6344
6344 6345
6345 6346
6346 6347
6347 6348
6348 6349
6349 6350
6350 6351
6351 6352
6352 6353
6353 6354
6354 6355
6355 6356
6356 6357
6357 6358
6358 6359
6359 6360
6360 6361
6361 6362
6362 6363
6363 6364
6364 6365
6365 6366
6366 6367
6367 6368
6368 6369
6369 6370
6370 6371
6371 6372
6372 6373
6373 6374
6374 6375
6375 6376
6376 6377
6377 6378
6378 6379
9820 9821
9821 9822
9822 9823
9823 9824
9824 9825
9825 9826
9826 9827
2325 2326
2326 2327
2327 2328
2328 2329
2329 2330
2330 2331
2331 2332
2332 2333
2333 2334
2334 2335
2335 2336
2336 2337
2337 2338
2338 2339
2339 2340
2340 2341
2341 2342
2342 2343
2343 2344
2344 2345
2345 2346
2346 2347
2347 2348
2348 2349
2349 2350
2350 2351
2351 2352
2352 2353
2353 2354
2354 2355
2355 2356
2356 2357
2357 2358
2358 2359
2359 2360
2360 2361
2361 2362
2362 2363
2363 2364
2364 2365
2365 2366
2366 2367
2367 2368
2368 2369
2369 2370
2370 2371
2371 2372
2372 2373
2373 2374
2374 2375
2375 2376
2376 2377
2377 2378
2378 2379
2379 2380
2380 2381
2381 2382
2382 2383
2383 2384
2384 2385
2385 2386
2386 2387
2387 2388
2388 2389
2389 2390
2390 2391
2391 2392
2392 2393
2393 2394
2394 2395
2395 2396
2396 2397
2397 2398
2398 2399
2399 2400
2400 2401
2401 2402
2402 2403
2403 2404
2404 2405
2405 2406
2406 2407
2407 2408
2408 2409
2409 2410
2410 2411
2411 2412
2412 2413
2413 2414
2414 2415
2415 2416
2416 2417
2417 2418
2418 2419
2419 2420
2420 2421
2421 2422
2422 2423
2423 2424
2424 2425
282 283
283 284
284 285
285 286
286 287
287 288
288 289
289 290
290 291
291 292
292 293
293 294
294 295
9288 9289
9289 9290
9290 9291
9291 9292
9292 9293
9494 9495
9495 9496
9496 9497
9497 9498
9498 9499
9499 9500
9500 9501
9501 9502
9502 9503
9503 9504
9504 9505
9505 9506
9506 9507
9507 9508
9508 9509
9509 9510
9510 9511
9511 9512
9512 9513
9513 9514
9514 9515
9515 9516
9516 9517
9517 9518
9518 9519
9519 9520
9520 9521
9521 9522
9522 9523
9523 9524
9524 9525
9525 9526
9526 9527
9527 9528
9528 9529
9529 9530
9530 9531
9531 9532
9532 9533
9533 9534
9534 9535
9535 9536
9536 9537
9537 9538
9538 9539
9539 9540
9540 9541
9541 9542
9542 9543
9543 9544
9544 9545
9545 9546
9546 9547
9547 9548
9548 9549
9549 9550
9550 9551
9551 9552
9552 9553
9553 9554
9554 9555
9555 9556
9556 9557
9557 9558
9558 9559
9559 9560
9560 9561
9561 9562
9562 9563
9563 9564
9564 9565
9565 9566
9566 9567
9567 9568
9568 9569
9569 9570
9570 9571
9571 9572
9572 9573
9573 9574
9574 9575
9575 9576
9576 9577
9577 9578
2932 2933
2933 2934
2934 2935
2935 2936
2936 2937
2937 2938
2938 2939
2939 2940
2940 2941
2941 2942
2942 2943
2943 2944
2944 2945
2945 2946
2946 2947
2947 2948
2948 2949
2949 2950
2950 2951
2951 2952
2952 2953
2953 2954
275 276
276 277
277 278
278 279
279 280
280 281
281 282
282 283
283 284
284 285
285 286
286 287
287 288
288 289
289 290
290 291
291 292
292 293
9021 9022
9022 9023
9023 9024
9024 9025
9025 9026
9026 9027
9027 9028
4856 4857
4857 4858
9708 9709
8654 8655
741 742
742 743
743 744
744 745
745 746
746 747
747 748
748 749
749 750
750 751
751 752
752 753
8076 8077
8077 8078
7097 7098
7098 7099
7099 7100
7100 7101
7101 7102
7102 7103
7103 7104
7104 7105
7105 7106
7106 7107
7107 7108
7108 7109
7109 7110
7110 7111
7111 7112
7112 7113
7113 7114
7114 7115
7115 7116
7116 7117
7117 7118
7009 7010
1386 1387
2587 2588
2588 2589
2589 2590
2590 2591
2591 2592
2415 2416
2416 2417
2417 2418
2418 2419
2419 2420
2420 2421
2421 2422
2422 2423
2423 2424
2424 2425
2425 2426
2426 2427
2427 2428
2428 2429
2429 2430
2430 2431
2431 2432
2432 2433
2433 2434
6614 6615
6615 6616
4352 4353
4353 4354
4354 4355
4355 4356
4356 4357
4357 4358
4358 4359
4359 4360
4360 4361
4361 4362
4362 4363
4363 4364
4364 4365
4365 4366
4366 4367
4367 4368
4368 4369
4369 4370
4370 4371
4371 4372
4372 4373
4373 4374
4374 4375
4375 4376
4376 4377
4377 4378
4378 4379
4379 4380
4380 4381
4381 4382
4382 4383
4761 4762
4762 4763
4763 4764
4764 4765
4765 4766
4766 4767
4767 4768
4768 4769
4769 4770
4770 4771
4771 4772
4772 4773
4773 4774
4774 4775
4775 4776
4776 4777
4777 4778
4778 4779
4779 4780
4780 4781
4781 4782
4782 4783
4783 4784
4784 4785
4785 4786
4786 4787
4787 4788
4788 4789
4789 4790
4790 4791
4791 4792
969 970
970 971
971 972
972 973
973 974
974 975
975 976
976 977
977 978
978 979
979 980
980 981
981 982
982 983
983 984
984 985
985 986
986 987
987 988
988 989
989 990
990 991
991 992
992 993
993 994
994 995
995 996
996 997
997 998
998 999
999 1000
1000 1001
1001 1002
1002 1003
1003 1004
1004 1005
1005 1006
1006 1007
1007 1008
1008 1009
1009 1010
1010 1011
1011 1012
1012 1013
1013 1014
1014 1015
1015 1016
1016 1017
1017 1018
1018 1019
1019 1020
1020 1021
1021 1022
1022 1023
1023 1024
1024 1025
1025 1026
1026 1027
3108 3109
3109 3110
3110 3111
3111 3112
3112 3113
3113 3114
3114 3115
3115 3116
3116 3117
3117 3118
3118 3119
3119 3120
3120 3121
3121 3122
3122 3123
3123 3124
3124 3125
3125 3126
3126 3127
3127 3128
3128 3129
3129 3130
3130 3131
3131 3132
3132 3133
3133 3134
3134 3135
3135 3136
3136 3137
7427 7428
7428 7429
7429 7430
7430 7431
7431 7432
7432 7433
7433 7434
7434 7435
7435 7436
7436 7437
7437 7438
7438 7439
7439 7440
7440 7441
7441 7442
7442 7443
7443 7444
7444 7445
7445 7446
7446 7447
7447 7448
7448 7449
7449 7450
7450 7451
7451 7452
7452 7453
7453 7454
7454 7455
7455 7456
7456 7457
7457 7458
7458 7459
7459 7460
7460 7461
7461 7462
7462 7463
7463 7464
7464 7465
7465 7466
7466 7467
7467 7468
7468 7469
7469 7470
7470 7471
7471 7472
7472 7473
7473 7474
7474 7475
9552 9553
9553 9554
9554 9555
9555 9556
9556 9557
9557 9558
9558 9559
9559 9560
9560 9561
9561 9562
9131 9132
9132 9133
9133 9134
5797 5798
5798 5799
5799 5800
5800 5801
5801 5802
5802 5803
5803 5804
5804 5805
5805 5806
5806 5807
5807 5808
5808 5809
5809 5810
5810 5811
5811 5812
5812 5813
5813 5814
4811 4812
4812 4813
4813 4814
4814 4815
4815 4816
4816 4817
4817 4818
4818 4819
4819 4820
4820 4821
4821 4822
4822 4823
4823 4824
4824 4825
4825 4826
4826 4827
4827 4828
4828 4829
4829 4830
4830 4831
4831 4832
4832 4833
4833 4834
4834 4835
4835 4836
4836 4837
4837 4838
4838 4839
4839 4840
4840 4841
4841 4842
6428 6429
6429 6430
6430 6431
6431 6432
6432 6433
6433 6434
6434 6435
6435 6436
6436 6437
6437 6438
6438 6439
6439 6440
6440 6441
6441 6442
6442 6443
6443 6444
6444 6445
6445 6446
6446 6447
6447 6448
6448 6449
6449 6450
9898 9899
9899 9900
9900 9901
9901 9902
9902 9903
9903 9904
9904 9905
9905 9906
9906 9907
9907 9908
9908 9909
9909 9910
9910 9911
9911 9912
9718 9719
9719 9720
9720 9721
9721 9722
9722 9723
9723 9724
9724 9725
9725 9726
9726 9727
9727 9728
9728 9729
9729 9730
9730 9731
9731 9732
9732 9733
9733 9734
9734 9735
9735 9736
9736 9737
9737 9738
9738 9739
9739 9740
9740 9741
9741 9742
9742 9743
9743 9744
9744 9745
9745 9746
9746 9747
9747 9748
9748 9749
9749 9750
9750 9751
9751 9752
9752 9753
9753 9754
9754 9755
9755 9756
9756 9757
9757 9758
9758 9759
9759 9760
9760 9761
9761 9762
8808 8809
8809 8810
8810 8811
8811 8812
8812 8813
8813 8814
8814 8815
8815 8816
8816 8817
8817 8818
8818 8819
8819 8820
8820 8821
8821 8822
8822 8823
8823 8824
8824 8825
8825 8826
8826 8827
8827 8828
8828 8829
8829 8830
8830 8831
8831 8832
8832 8833
8833 8834
8834 8835
8835 8836
8836 8837
8837 8838
8838 8839
8839 8840
8840 8841
7634 7635
7635 7636
7636 7637
7637 7638
7638 7639
7639 7640
3484 3485
3485 3486
3486 3487
3487 3488
3488 3489
3489 3490
3490 3491
3491 3492
3492 3493
3493 3494
3494 3495
3495 3496
3496 3497
3497 3498
3498 3499
3499 3500
3500 3501
3501 3502
3502 3503
3503 3504
3504 3505
3505 3506
3506 3507
3507 3508
3508 3509
3509 3510
3510 3511
3511 3512
3512 3513
3513 3514
3514 3515
3515 3516
3516 3517
3517 3518
3518 3519
3519 3520
3520 3521
3521 3522
3522 3523
3523 3524
3524 3525
1246 1247
1247 1248
1248 1249
1249 1250
1250 1251
1251 1252
1252 1253
1253 1254
1254 1255
1255 1256
1256 1257
1257 1258
1258 1259
1259 1260
1260 1261
1261 1262
1262 1263
1263 1264
1264 1265
1265 1266
1266 1267
1267 1268
1268 1269
1269 1270
1270 1271
1271 1272
1272 1273
1273 1274
1274 1275
1275 1276
1276 1277
1277 1278
1278 1279
1279 1280
1280 1281
1281 1282
1282 1283
1283 1284
1284 1285
1285 1286
1286 1287
1287 1288
1288 1289
1289 1290
1290 1291
1291 1292
1292 1293
1293 1294
1294 1295
1295 1296
1296 1297
1297 1298
1298 1299
1299 1300
1300 1301
1301 1302
1302 1303
1303 1304
1304 1305
4220 4221
4221 4222
4222 4223
4223 4224
4224 4225
4225 4226
4226 4227
4227 4228
4228 4229
4229 4230
4230 4231
4231 4232
4232 4233
4233 4234
4234 4235
4235 4236
4236 4237
4237 4238
4238 4239
4239 4240
4240 4241
4241 4242
4242 4243
4243 4244
4244 4245
4245 4246
4246 4247
4247 4248
4248 4249
4249 4250
4250 4251
4251 4252
4252 4253
4253 4254
4254 4255
4255 4256
4256 4257
4257 4258
4258 4259
4259 4260
4260 4261
4261 4262
4262 4263
4263 4264
4264 4265
4265 4266
4266 4267
4267 4268
4268 4269
4269 4270
4270 4271
4271 4272
4272 4273
5602 5603
5603 5604
5604 5605
5605 5606
5606 5607
5607 5608
5608 5609
5609 5610
5610 5611
5611 5612
5612 5613
5613 5614
5614 5615
5615 5616
5616 5617
5617 5618
5618 5619
5619 5620
5620 5621
5621 5622
5622 5623
5623 5624
420 421
421 422
422 423
423 424
424 425
425 426
426 427
427 428
1197 1198
1198 1199
1199 1200
1200 1201
1201 1202
1202 1203
1203 1204
1204 1205
1205 1206
1206 1207
1207 1208
1208 1209
1209 1210
1210 1211
1211 1212
1212 1213
1213 1214
1214 1215
1215 1216
1889 1890
1890 1891
1891 1892
1892 1893
1893 1894
1894 1895
1895 1896
1896 1897
1897 1898
1898 1899
1899 1900
1900 1901
1901 1902
1902 1903
1903 1904
1904 1905
1905 1906
1906 1907
1907 1908
1908 1909
1909 1910
1910 1911
1911 1912
1912 1913
1913 1914
1914 1915
6869 6870
6870 6871
6871 6872
6872 6873
6873 6874
6874 6875
6875 6876
6876 6877
6877 6878
6878 6879
6879 6880
6880 6881
6881 6882
6882 6883
6883 6884
6884 6885
6885 6886
6886 6887
6887 6888
483 484
484 485
485 486
486 487
487 488
488 489
489 490
490 491
491 492
492 493
493 494
494 495
495 496
496 497
497 498
498 499
499 500
500 501
501 502
502 503
503 504
504 505
505 506
506 507
507 508
508 509
509 510
510 511
511 512
512 513
513 514
514 515
515 516
516 517
517 518
518 519
519 520
520 521
521 522
522 523
523 524
524 525
525 526
526 527
527 528
528 529
529 530
530 531
531 532
532 533
533 534
534 535
535 536
536 537
537 538
538 539
539 540
540 541
541 542
542 543
543 544
544 545
545 546
546 547
547 548
548 549
549 550
550 551
551 552
552 553
553 554
554 555
555 556
556 557
557 558
558 559
559 560
560 561
561 562
562 563
563 564
564 565
4104 4105
4105 4106
4106 4107
4107 4108
4108 4109
4109 4110
4110 4111
4111 4112
4112 4113
4113 4114
4114 4115
4115 4116
4116 4117
4117 4118
4118 4119
4119 4120
4120 4121
4121 4122
4122 4123
4123 4124
4124 4125
4125 4126
4126 4127
4127 4128
4128 4129
4129 4130
4130 4131
4131 4132
4132 4133
4133 4134
4134 4135
4135 4136
4136 4137
4137 4138
4138 4139
4139 4140
4140 4141
4141 4142
4142 4143
4143 4144
4144 4145
4145 4146
4146 4147
4147 4148
4148 4149
4149 4150
4150 4151
4151 4152
4152 4153
4153 4154
4154 4155
4155 4156
4156 4157
4157 4158
4158 4159
4159 4160
4160 4161
4161 4162
4162 4163
4163 4164
4164 4165
4165 4166
4166 4167
4167 4168
4168 4169
4169 4170
4170 4171
4171 4172
4513 4514
4514 4515
4515 4516
4516 4517
4517 4518
4518 4519
4519 4520
4520 4521
4521 4522
4522 4523
4523 4524
4524 4525
4525 4526
4526 4527
4527 4528
4528 4529
4529 4530
4530 4531
4531 4532
4532 4533
4533 4534
4534 4535
4535 4536
4536 4537
4537 4538
4538 4539
4539 4540
4540 4541
4541 4542
4542 4543
4543 4544
4544 4545
4545 4546
4546 4547
4547 4548
4548 4549
4549 4550
4550 4551
4551 4552
4552 4553
4553 4554
636 637
637 638
638 639
639 640
640 641
641 642
642 643
643 644
644 645
645 646
646 647
647 648
648 649
649 650
650 651
651 652
652 653
653 654
654 655
655 656
656 657
657 658
658 659
659 660
660 661
661 662
662 663
663 664
664 665
665 666
666 667
667 668
668 669
669 670
670 671
671 672
672 673
673 674
674 675
675 676
676 677
677 678
678 679
679 680
680 681
681 682
682 683
683 684
684 685
685 686
686 687
687 688
8143 8144
8144 8145
8145 8146
8146 8147
8147 8148
8148 8149
8149 8150
9688 9689
9689 9690
9690 9691
9691 9692
9692 9693
9693 9694
9694 9695
9695 9696
9696 9697
9697 9698
9698 9699
9699 9700
9700 9701
9701 9702
9702 9703
9703 9704
9704 9705
9705 9706
9706 9707
9707 9708
9708 9709
9709 9710
9710 9711
9711 9712
9712 9713
9713 9714
9714 9715
9715 9716
9716 9717
9717 9718
9718 9719
9719 9720
9720 9721
9721 9722
9722 9723
9723 9724
9724 9725
9725 9726
281 282
282 283
283 284
284 285
285 286
286 287
287 288
288 289
289 290
290 291
291 292
292 293
293 294
294 295
295 296
296 297
297 298
298 299
299 300
300 301
301 302
302 303
303 304
304 305
305 306
2565 2566
2566 2567
2567 2568
2568 2569
2569 2570
2570 2571
2571 2572
2572 2573
2573 2574
2574 2575
2575 2576
2576 2577
2577 2578
2578 2579
3238 3239
3239 3240
3240 3241
3241 3242
3242 3243
3243 3244
6933 6934
6934 6935
6935 6936
6936 6937
6937 6938
6938 6939
6939 6940
6940 6941
6941 6942
6942 6943
6943 6944
6944 6945
6945 6946
6946 6947
6947 6948
6948 6949
6949 6950
6950 6951
6951 6952
6952 6953
6953 6954
6954 6955
6955 6956
6956 6957
6957 6958
581 582
582 583
583 584
584 585
585 586
586 587
587 588
588 589
589 590
590 591
591 592
592 593
593 594
594 595
595 596
596 597
3961 3962
8231 8232
8232 8233
8233 8234
8234 8235
8235 8236
8236 8237
8237 8238
8238 8239
8239 8240
8240 8241
8241 8242
8242 8243
8243 8244
8244 8245
8245 8246
8246 8247
8247 8248
8248 8249
8249 8250
8250 8251
8251 8252
8252 8253
8253 8254
8254 8255
8255 8256
8256 8257
8257 8258
8258 8259
8259 8260
8260 8261
8261 8262
8262 8263
8263 8264
8264 8265
8265 8266
8266 8267
8267 8268
8268 8269
8269 8270
8270 8271
8271 8272
8272 8273
8273 8274
8274 8275
8275 8276
8276 8277
8277 8278
8278 8279
8279 8280
8280 8281
8281 8282
8282 8283
8283 8284
8284 8285
8285 8286
8286 8287
8287 8288
8288 8289
8289 8290
8290 8291
8291 8292
8292 8293
8293 8294
8294 8295
8295 8296
8296 8297
8297 8298
8298 8299
8299 8300
8300 8301
8301 8302
8302 8303
8303 8304
8304 8305
8305 8306
8306 8307
8307 8308
8308 8309
8309 8310
8310 8311
8311 8312
8312 8313
3669 3670
3670 3671
3671 3672
3672 3673
3673 3674
3674 3675
3675 3676
3676 3677
3677 3678
3678 3679
3679 3680
3680 3681
5050 5051
5051 5052
5052 5053
5053 5054
5054 5055
5055 5056
5056 5057
5057 5058
5058 5059
5059 5060
5060 5061
5061 5062
5062 5063
5063 5064
5064 5065
5065 5066
9883 9884
9884 9885
9885 9886
9886 9887
9887 9888
9888 9889
9889 9890
9890 9891
9891 9892
9892 9893
9893 9894
9894 9895
9895 9896
9896 9897
9897 9898
9898 9899
9899 9900
9900 9901
9901 9902
9902 9903
9903 9904
9904 9905
9905 9906
9906 9907
9907 9908
9908 9909
9909 9910
9910 9911
9911 9912
9912 9913
9913 9914
9914 9915
9915 9916
9916 9917
9917 9918
9918 9919
9919 9920
9920 9921
9921 9922
9922 9923
9923 9924
3851 3852
3852 3853
3853 3854
3854 3855
3855 3856
8743 8744
8744 8745
8745 8746
8746 8747
8747 8748
8748 8749
8749 8750
8750 8751
8751 8752
8752 8753
8753 8754
8754 8755
8755 8756
8756 8757
8757 8758
8758 8759
8759 8760
8760 8761
8761 8762
8762 8763
8763 8764
8764 8765
8765 8766
8766 8767
8767 8768
8768 8769
8769 8770
8770 8771
8663 8664
8664 8665
8665 8666
8666 8667
8667 8668
5801 5802
5802 5803
5803 5804
5804 5805
5805 5806
5806 5807
5807 5808
5808 5809
5809 5810
5810 5811
5811 5812
5812 5813
7675 7676
7676 7677
7677 7678
7678 7679
7679 7680
7680 7681
7681 7682
7682 7683
7683 7684
7684 7685
7685 7686
7686 7687
7687 7688
7688 7689
7689 7690
7690 7691
7691 7692
7692 7693
7693 7694
7694 7695
7695 7696
7696 7697
7697 7698
7698 7699
7699 7700
7700 7701
7701 7702
7702 7703
9909 9910
9910 9911
7723 7724
7724 7725
7725 7726
7726 7727
7727 7728
7728 7729
7729 7730
7730 7731
7731 7732
7732 7733
7733 7734
7734 7735
7735 7736
7736 7737
7737 7738
7738 7739
7739 7740
7740 7741
7741 7742
7742 7743
7743 7744
7744 7745
7745 7746
7746 7747
7747 7748
7748 7749
7749 7750
7750 7751
7751 7752
7752 7753
7753 7754
7754 7755
7755 7756
7756 7757
7757 7758
7758 7759
7759 7760
7760 7761
7761 7762
7762 7763
7763 7764
7764 7765
7765 7766
7766 7767
7767 7768
7768 7769
7769 7770
7770 7771
7771 7772
7772 7773
7773 7774
7774 7775
7775 7776
7776 7777
7777 7778
7778 7779
7779 7780
2624 2625
2625 2626
2626 2627
2627 2628
2628 2629
2629 2630
2630 2631
2631 2632
2632 2633
2633 2634
2634 2635
2635 2636
2636 2637
2637 2638
2638 2639
2639 2640
2640 2641
2641 2642
2642 2643
2643 2644
2644 2645
2645 2646
2646 2647
2647 2648
2648 2649
2649 2650
2650 2651
2651 2652
2652 2653
7138 7139
7139 7140
7140 7141
7141 7142
7142 7143
7143 7144
7144 7145
7145 7146
7146 7147
7147 7148
7148 7149
7149 7150
7150 7151
7151 7152
7152 7153
7153 7154
7154 7155
7155 7156
7156 7157
7157 7158
7158 7159
7159 7160
7160 7161
7161 7162
7162 7163
7163 7164
7164 7165
7165 7166
7166 7167
7167 7168
7168 7169
6996 6997
6997 6998
6998 6999
6999 7000
7000 7001
7001 7002
7002 7003
7003 7004
7004 7005
7005 7006
7006 7007
7007 7008
7008 7009
7009 7010
7010 7011
7011 7012
7012 7013
7013 7014
7014 7015
7015 7016
7016 7017
7017 7018
7018 7019
7019 7020
7020 7021
7021 7022
7022 7023
7023 7024
7024 7025
7025 7026
7026 7027
7027 7028
7028 7029
7029 7030
7030 7031
7031 7032
7032 7033
7033 7034
7034 7035
7035 7036
7036 7037
7037 7038
7038 7039
7039 7040
7040 7041
7041 7042
7042 7043
7043 7044
7044 7045
7045 7046
7046 7047
7047 7048
7048 7049
7049 7050
7050 7051
7051 7052
7052 7053
7053 7054
7054 7055
7055 7056
7056 7057
7057 7058
7058 7059
7059 7060
7060 7061
7061 7062
7062 7063
7063 7064
7064 7065
7065 7066
7066 7067
7067 7068
7068 7069
7069 7070
7070 7071
7071 7072
7072 7073
7073 7074
7074 7075
7075 7076
7076 7077
7077 7078
7078 7079
7079 7080
7080 7081
7081 7082
7082 7083
7083 7084
7084 7085
7085 7086
7086 7087
7087 7088
7088 7089
9726 9727
9727 9728
9728 9729
9729 9730
9730 9731
9731 9732
9732 9733
9733 9734
9734 9735
9735 9736
9736 9737
9737 9738
9738 9739
9739 9740
9740 9741
9741 9742
9742 9743
9743 9744
9744 9745
9745 9746
9746 9747
9747 9748
9748 9749
9749 9750
9750 9751
9751 9752
9752 9753
9753 9754
9754 9755
9755 9756
9756 9757
9757 9758
9758 9759
9759 9760
9760 9761
9761 9762
9762 9763
9763 9764
9764 9765
9765 9766
9766 9767
9767 9768
9768 9769
9769 9770
9770 9771
6431 6432
6432 6433
6433 6434
6434 6435
6435 6436
3182 3183
3183 3184
8468 8469
8469 8470
8470 8471
8471 8472
8472 8473
8473 8474
8474 8475
8475 8476
8476 8477
8477 8478
8478 8479
8479 8480
8480 8481
8481 8482
8482 8483
8483 8484
8484 8485
8485 8486
8486 8487
8487 8488
8488 8489
8489 8490
8490 8491
8491 8492
8492 8493
8493 8494
8494 8495
8495 8496
8496 8497
8497 8498
8498 8499
8499 8500
8500 8501
8501 8502
8502 8503
8503 8504
8504 8505
8505 8506
8506 8507
8507 8508
8508 8509
8509 8510
8510 8511
8511 8512
8512 8513
8513 8514
8514 8515
8515 8516
8516 8517
8517 8518
8518 8519
8519 8520
8520 8521
8521 8522
8522 8523
8523 8524
8524 8525
8525 8526
8526 8527
8527 8528
8528 8529
8529 8530
8530 8531
8531 8532
8532 8533
8533 8534
3033 3034
3034 3035
3035 3036
3036 3037
3037 3038
3038 3039
3039 3040
3040 3041
3041 3042
3042 3043
3043 3044
3044 3045
3045 3046
3046 3047
3047 3048
3048 3049
3049 3050
3050 3051
3051 3052
3052 3053
3053 3054
3054 3055
3055 3056
3056 3057
3057 3058
3058 3059
3059 3060
3060 3061
3061 3062
3062 3063
3063 3064
3064 3065
3065 3066
3066 3067
3067 3068
3068 3069
3069 3070
3350 3351
3351 3352
3352 3353
3353 3354
3354 3355
3355 3356
3356 3357
3357 3358
3358 3359
3359 3360
3360 3361
3361 3362
3362 3363
3363 3364
3364 3365
3365 3366
3366 3367
3367 3368
3368 3369
3369 3370
3370 3371
3371 3372
3372 3373
3373 3374
3374 3375
3375 3376
3376 3377
3377 3378
3378 3379
3379 3380
3380 3381
3381 3382
3382 3383
3383 3384
3384 3385
3385 3386
3386 3387
3387 3388
3388 3389
3389 3390
3390 3391
3391 3392
3392 3393
3393 3394
3394 3395
3395 3396
3396 3397
3397 3398
3398 3399
3399 3400
3400 3401
3401 3402
3402 3403
3403 3404
3404 3405
3405 3406
3406 3407
3407 3408
3408 3409
3409 3410
3410 3411
3411 3412
3412 3413
3413 3414
3414 3415
3415 3416
3416 3417
3417 3418
3418 3419
3419 3420
3420 3421
3421 3422
3422 3423
3423 3424
3424 3425
3425 3426
3426 3427
3427 3428
3428 3429
3429 3430
3430 3431
3431 3432
3432 3433
3433 3434
3434 3435
3435 3436
3436 3437
3437 3438
2215 2216
2216 2217
2217 2218
2218 2219
2219 2220
2220 2221
2221 2222
2222 2223
2223 2224
2224 2225
9985 9986
9986 9987
9987 9988
9988 9989
9989 9990
9990 9991
9991 9992
9992 9993
9993 9994
9994 9995
9995 9996
9996 9997
9997 9998
9998 9999
9999 0
0 1
1 2
2 3
3 4
4 5
5 6
6 7
7 8
8 9
3562 3563
3563 3564
3564 3565
3565 3566
3566 3567
3567 3568
3568 3569
3569 3570
3570 3571
3571 3572
3572 3573
3573 3574
3574 3575
3575 3576
3576 3577
3577 3578
3578 3579
3579 3580
3580 3581
3581 3582
3582 3583
3583 3584
3584 3585
3585 3586
3586 3587
3587 3588
3588 3589
3589 3590
3590 3591
3591 3592
3592 3593
3593 3594
3594 3595
3595 3596
3596 3597
3597 3598
6599 6600
6600 6601
6601 6602
9359 9360
9360 9361
9361 9362
9362 9363
9363 9364
9364 9365
9365 9366
9366 9367
9367 9368
2420 2421
2421 2422
2422 2423
2423 2424
2424 2425
2685 2686
2686 2687
2687 2688
2688 2689
2689 2690
2690 2691
5483 5484
5484 5485
5485 5486
5486 5487
5487 5488
5488 5489
5489 5490
5490 5491
5491 5492
5492 5493
5493 5494
5494 5495
5495 5496
5496 5497
5497 5498
5498 5499
5499 5500
5500 5501
5501 5502
5502 5503
5503 5504
5504 5505
5505 5506
5506 5507
5507 5508
5508 5509
5509 5510
771 772
772 773
773 774
774 775
775 776
776 777
777 778
778 779
779 780
780 781
781 782
782 783
783 784
784 785
785 786
8615 8616
8616 8617
8617 8618
8618 8619
8619 8620
8620 8621
8621 8622
8622 8623
8623 8624
8624 8625
8625 8626
8626 8627
8627 8628
8628 8629
8629 8630
8630 8631
8631 8632
8632 8633
8633 8634
8634 8635
8635 8636
8636 8637
8637 8638
8638 8639
8639 8640
8640 8641
8641 8642
5409 5410
5410 5411
5411 5412
5412 5413
5413 5414
5414 5415
5415 5416
5416 5417
5949 5950
5950 5951
5951 5952
5952 5953
5953 5954
5954 5955
5955 5956
5956 5957
5957 5958
5958 5959
5959 5960
155 156
156 157
157 158
158 159
159 160
160 161
161 162
162 163
163 164
164 165
165 166
166 167
167 168
168 169
169 170
170 171
171 172
172 173
173 174
2454 2455
2455 2456
2456 2457
2457 2458
2458 2459
2459 2460
2460 2461
5237 5238
5238 5239
5239 5240
5240 5241
5241 5242
5242 5243
5243 5244
5244 5245
5245 5246
5246 5247
5247 5248
5248 5249
5249 5250
5250 5251
5251 5252
5252 5253
8257 8258
8258 8259
8259 8260
8260 8261
8261 8262
8262 8263
8263 8264
8264 8265
8265 8266
8266 8267
8267 8268
8268 8269
8269 8270
8270 8271
8271 8272
8272 8273
8273 8274
8274 8275
8275 8276
8276 8277
6702 6703
6703 6704
6704 6705
6705 6706
6706 6707
6707 6708
6708 6709
6709 6710
6710 6711
6711 6712
6712 6713
6713 6714
6714 6715
6715 6716
6716 6717
6717 6718
6718 6719
6719 6720
6720 6721
6721 6722
6722 6723
6723 6724
6724 6725
6725 6726
6726 6727
6727 6728
6728 6729
6729 6730
6730 6731
6731 6732
6732 6733
6733 6734
6734 6735
6735 6736
6736 6737
6737 6738
6738 6739
6739 6740
6740 6741
1649 1650
1650 1651
1651 1652
1652 1653
1653 1654
1654 1655
1655 1656
1656 1657
1657 1658
1658 1659
3251 3252
3252 3253
3253 3254
3254 3255
3255 3256
3256 3257
3257 3258
3258 3259
3259 3260
3260 3261
3261 3262
3262 3263
3263 3264
3264 3265
1056 1057
1057 1058
1058 1059
1059 1060
1060 1061
1061 1062
1062 1063
1063 1064
1064 1065
1065 1066
1066 1067
1067 1068
1068 1069
1069 1070
1070 1071
1071 1072
1072 1073
1073 1074
1074 1075
1075 1076
1076 1077
1077 1078
1078 1079
1079 1080
1080 1081
1081 1082
1082 1083
1083 1084
1084 1085
1085 1086
1086 1087
1087 1088
1088 1089
1089 1090
1090 1091
1091 1092
1092 1093
1093 1094
1094 1095
8790 8791
8791 8792
8792 8793
8793 8794
8794 8795
8795 8796
8796 8797
8797 8798
8798 8799
8799 8800
8800 8801
8801 8802
8802 8803
8803 8804
8804 8805
8805 8806
8806 8807
8807 8808
8808 8809
8809 8810
8810 8811
8811 8812
8812 8813
8813 8814
8814 8815
8815 8816
8816 8817
8817 8818
7017 7018
7018 7019
7019 7020
7020 7021
7021 7022
7022 7023
7466 7467
7467 7468
7468 7469
7469 7470
7470 7471
7471 7472
7472 7473
7473 7474
7474 7475
7475 7476
7476 7477
7477 7478
7478 7479
7479 7480
7480 7481
7481 7482
7482 7483
8160 8161
8161 8162
8162 8163
8163 8164
8164 8165
8165 8166
8166 8167
8167 8168
8168 8169
8169 8170
8170 8171
8171 8172
8172 8173
8173 8174
8174 8175
8175 8176
8176 8177
8177 8178
8178 8179
8179 8180
8180 8181
8181 8182
8182 8183
8183 8184
8184 8185
8185 8186
8186 8187
8187 8188
8188 8189
8189 8190
8190 8191
8191 8192
8192 8193
8193 8194
8194 8195
8195 8196
8196 8197
8197 8198
8198 8199
8199 8200
8200 8201
8201 8202
8202 8203
8203 8204
8204 8205
8205 8206
8206 8207
8207 8208
8208 8209
8209 8210
8210 8211
8211 8212
8212 8213
8213 8214
8214 8215
8215 8216
8216 8217
8217 8218
8218 8219
8219 8220
8220 8221
8221 8222
8222 8223
8223 8224
8224 8225
8225 8226
8226 8227
8227 8228
8228 8229
8229 8230
8230 8231
8231 8232
8232 8233
8233 8234
8234 8235
8235 8236
8236 8237
8237 8238
8238 8239
8239 8240
8240 8241
8241 8242
7241 7242
7242 7243
7243 7244
3535 3536
3536 3537
3537 3538
3538 3539
3539 3540
3540 3541
3541 3542
3542 3543
3543 3544
3544 3545
3545 3546
3546 3547
3547 3548
3548 3549
428 429
429 430
430 431
431 432
432 433
433 434
434 435
435 436
436 437
437 438
438 439
439 440
440 441
441 442
442 443
443 444
444 445
445 446
446 447
447 448
448 449
449 450
450 451
451 452
452 453
453 454
1643 1644
1644 1645
1645 1646
1646 1647
1647 1648
3876 3877
3877 3878
3878 3879
3879 3880
3880 3881
3881 3882
3882 3883
3883 3884
3884 3885
3885 3886
3886 3887
3887 3888
3888 3889
3889 3890
3890 3891
3891 3892
3892 3893
3893 3894
3894 3895
3895 3896
3896 3897
6021 6022
6022 6023
6023 6024
6024 6025
6025 6026
6026 6027
6027 6028
6028 6029
6029 6030
6030 6031
2291 2292
2292 2293
2293 2294
2294 2295
2295 2296
2296 2297
2297 2298
2298 2299
2299 2300
2300 2301
2301 2302
2302 2303
2303 2304
2304 2305
2305 2306
2306 2307
2307 2308
2308 2309
2309 2310
2310 2311
2311 2312
2312 2313
2313 2314
2314 2315
2315 2316
2316 2317
2317 2318
2318 2319
2319 2320
2320 2321
2321 2322
2322 2323
2323 2324
2324 2325
2325 2326
2326 2327
2327 2328
2328 2329
2329 2330
2330 2331
4433 4434
9639 9640
9640 9641
9641 9642
9642 9643
9643 9644
9644 9645
9645 9646
9646 9647
9647 9648
9648 9649
9649 9650
9650 9651
9651 9652
9652 9653
9653 9654
9654 9655
9655 9656
9656 9657
9657 9658
9658 9659
9659 9660
9660 9661
9661 9662
9662 9663
9663 9664
9664 9665
9665 9666
9666 9667
9667 9668
9668 9669
9669 9670
9670 9671
9671 9672
9672 9673
9673 9674
9674 9675
9675 9676
9676 9677
9677 9678
9678 9679
9679 9680
9680 9681
9681 9682
9682 9683
9683 9684
9684 9685
9685 9686
9686 9687
9687 9688
9688 9689
9689 9690
9690 9691
9691 9692
9692 9693
9693 9694
9694 9695
9695 9696
9696 9697
9697 9698
9698 9699
9699 9700
9700 9701
9701 9702
9702 9703
9703 9704
9704 9705
9705 9706
9706 9707
9707 9708
9708 9709
9709 9710
9710 9711
9711 9712
9712 9713
9713 9714
9714 9715
9715 9716
9716 9717
9717 9718
9718 9719
9719 9720
9720 9721
9721 9722
9722 9723
9723 9724
9724 9725
9725 9726
9726 9727
9727 9728
9728 9729
9729 9730
9730 9731
9731 9732
9732 9733
9733 9734
9734 9735
9735 9736
9736 9737
9737 9738
9738 9739
9739 9740
9740 9741
9741 9742
9742 9743
9743 9744
9744 9745
9745 9746
9746 9747
9747 9748
9748 9749
9749 9750
9750 9751
9751 9752
9752 9753
9753 9754
8114 8115
8115 8116
8116 8117
8117 8118
8118 8119
8119 8120
8120 8121
8121 8122
8122 8123
8123 8124
8124 8125
8125 8126
8126 8127
8127 8128
8128 8129
8129 8130
8130 8131
8131 8132
8132 8133
8133 8134
8134 8135
8135 8136
8136 8137
8137 8138
8138 8139
6159 6160
6160 6161
6161 6162
6162 6163
6163 6164
6164 6165
6165 6166
6166 6167
6167 6168
6168 6169
6169 6170
6170 6171
6171 6172
6172 6173
6173 6174
6174 6175
6175 6176
6176 6177
6177 6178
6178 6179
6179 6180
6180 6181
6181 6182
6182 6183
6183 6184
6184 6185
6185 6186
6186 6187
6187 6188
6188 6189
6189 6190
6190 6191
6191 6192
6192 6193
6193 6194
6194 6195
6195 6196
6196 6197
6197 6198
6198 6199
6199 6200
6200 6201
6201 6202
6202 6203
6203 6204
6204 6205
2024 2025
2025 2026
2026 2027
2027 2028
2028 2029
2029 2030
2030 2031
2031 2032
2032 2033
4044 4045
4045 4046
4046 4047
4047 4048
4048 4049
4049 4050
4050 4051
4051 4052
4052 4053
4053 4054
4054 4055
4055 4056
4056 4057
4057 4058
4058 4059
622 623
623 624
624 625
625 626
626 627
627 628
628 629
629 630
630 631
631 632
632 633
633 634
3733 3734
3734 3735
3735 3736
3736 3737
3737 3738
3738 3739
3739 3740
3740 3741
3741 3742
3742 3743
3743 3744
3744 3745
3745 3746
3746 3747
3747 3748
3748 3749
3749 3750
3750 3751
3751 3752
3752 3753
3753 3754
8781 8782
8782 8783
8783 8784
8784 8785
8785 8786
8786 8787
8787 8788
8788 8789
8789 8790
8790 8791
8791 8792
8792 8793
8793 8794
8794 8795
8795 8796
8796 8797
8797 8798
8798 8799
8799 8800
8800 8801
8801 8802
8802 8803
8803 8804
8804 8805
8805 8806
8806 8807
469 470
470 471
471 472
472 473
473 474
474 475
475 476
476 477
477 478
478 479
479 480
480 481
481 482
482 483
483 484
484 485
485 486
486 487
487 488
488 489
489 490
490 491
491 492
492 493
493 494
494 495
495 496
496 497
497 498
498 499
499 500
500 501
501 502
502 503
4170 4171
4171 4172
4172 4173
4173 4174
4174 4175
4175 4176
4176 4177
4177 4178
4178 4179
4179 4180
4180 4181
4181 4182
4182 4183
4183 4184
4184 4185
4185 4186
4186 4187
4187 4188
4188 4189
4189 4190
4190 4191
4191 4192
4192 4193
4193 4194
4194 4195
4195 4196
3280 3281
3281 3282
3282 3283
3283 3284
3284 3285
3285 3286
3286 3287
4147 4148
4148 4149
4149 4150
4150 4151
4151 4152
4152 4153
4153 4154
4154 4155
4155 4156
4156 4157
4157 4158
4158 4159
4159 4160
4160 4161
4161 4162
4162 4163
4163 4164
4164 4165
4165 4166
4166 4167
4167 4168
4168 4169
4169 4170
4170 4171
4171 4172
4172 4173
4173 4174
4174 4175
4175 4176
4176 4177
4177 4178
4178 4179
4179 4180
4180 4181
4181 4182
4182 4183
4183 4184
4184 4185
4185 4186
4186 4187
4187 4188
4188 4189
4189 4190
4190 4191
4191 4192
4192 4193
4193 4194
4194 4195
4195 4196
4196 4197
4197 4198
4198 4199
4199 4200
4200 4201
4201 4202
4202 4203
4203 4204
4204 4205
4205 4206
4206 4207
4207 4208
4208 4209
4209 4210
4210 4211
4211 4212
4212 4213
4213 4214
4214 4215
4215 4216
4216 4217
4217 4218
4218 4219
4219 4220
4220 4221
4221 4222
4222 4223
4223 4224
4224 4225
4225 4226
4226 4227
3696 3697
3031 3032
7170 7171
7171 7172
7172 7173
7173 7174
7174 7175
7175 7176
7176 7177
7177 7178
7178 7179
7179 7180
7180 7181
7181 7182
7182 7183
7183 7184
7184 7185
7185 7186
7186 7187
7187 7188
7188 7189
7189 7190
7190 7191
7191 7192
7192 7193
7193 7194
7194 7195
7195 7196
7196 7197
7197 7198
7198 7199
7199 7200
7200 7201
7201 7202
7202 7203
7203 7204
7204 7205
7205 7206
7206 7207
7207 7208
7208 7209
7209 7210
7210 7211
7211 7212
7212 7213
7213 7214
7214 7215
7215 7216
1359 1360
1360 1361
1361 1362
1362 1363
1363 1364
1364 1365
7408 7409
7409 7410
7410 7411
7411 7412
7412 7413
7413 7414
7414 7415
4893 4894
4894 4895
4895 4896
4896 4897
4897 4898
4898 4899
4899 4900
4900 4901
4901 4902
4902 4903
4903 4904
4904 4905
4905 4906
4906 4907
4907 4908
4908 4909
4909 4910
4910 4911
4911 4912
4912 4913
4913 4914
4914 4915
4915 4916
4916 4917
4917 4918
4918 4919
4919 4920
4920 4921
4921 4922
4922 4923
4923 4924
4924 4925
4925 4926
4003 4004
4004 4005
4005 4006
4006 4007
4007 4008
4008 4009
4072 4073
4073 4074
4074 4075
4075 4076
4076 4077
4077 4078
4078 4079
4079 4080
4080 4081
4081 4082
4082 4083
4083 4084
4084 4085
4085 4086
4086 4087
4087 4088
4088 4089
4089 4090
4090 4091
4091 4092
4092 4093
4093 4094
4094 4095
4095 4096
4096 4097
4097 4098
4098 4099
4099 4100
4100 4101
4101 4102
4102 4103
4103 4104
4104 4105
4105 4106
4106 4107
4107 4108
4108 4109
4109 4110
4110 4111
4111 4112
4112 4113
4113 4114
4114 4115
4115 4116
4116 4117
4117 4118
4118 4119
4119 4120
4120 4121
4121 4122
4122 4123
4123 4124
4124 4125
4125 4126
4126 4127
4127 4128
4128 4129
4129 4130
4130 4131
4131 4132
4132 4133
4133 4134
4134 4135
4135 4136
4136 4137
4137 4138
4138 4139
4139 4140
4140 4141
4141 4142
4142 4143
4143 4144
4144 4145
4145 4146
4146 4147
4147 4148
4148 4149
4149 4150
4150 4151
4151 4152
4152 4153
4153 4154
4154 4155
4155 4156
4156 4157
4157 4158
4158 4159
4159 4160
4160 4161
4161 4162
4162 4163
33 34
34 35
35 36
36 37
37 38
38 39
39 40
40 41
41 42
42 43
43 44
44 45
45 46
46 47
47 48
48 49
49 50
50 51
51 52
52 53
6528 6529
6529 6530
6530 6531
6531 6532
6532 6533
6533 6534
6534 6535
6535 6536
6536 6537
6537 6538
6538 6539
6539 6540
6540 6541
6541 6542
6542 6543
6543 6544
6544 6545
6545 6546
6546 6547
6547 6548
6548 6549
6549 6550
6550 6551
6551 6552
6552 6553
6553 6554
6554 6555
6555 6556
6556 6557
6557 6558
9026 9027
9027 9028
9028 9029
9029 9030
9030 9031
9031 9032
9032 9033
9033 9034
9034 9035
9035 9036
9036 9037
9037 9038
9038 9039
9039 9040
6649 6650
6650 6651
6651 6652
6652 6653
6653 6654
6654 6655
6655 6656
6656 6657
6657 6658
6658 6659
6659 6660
6660 6661
6661 6662
6662 6663
6663 6664
6664 6665
6665 6666
6666 6667
6667 6668
6668 6669
6669 6670
6670 6671
6671 6672
6672 6673
6673 6674
6674 6675
6675 6676
6676 6677
4956 4957
675 676
676 677
677 678
678 679
679 680
680 681
681 682
682 683
683 684
684 685
685 686
686 687
687 688
688 689
689 690
690 691
691 692
692 693
693 694
694 695
695 696
696 697
697 698
698 699
699 700
700 701
701 702
702 703
703 704
704 705
705 706
706 707
707 708
708 709
709 710
710 711
711 712
712 713
713 714
714 715
715 716
716 717
717 718
718 719
719 720
720 721
721 722
722 723
723 724
724 725
725 726
726 727
727 728
728 729
729 730
730 731
731 732
732 733
733 734
734 735
735 736
736 737
737 738
738 739
739 740
740 741
741 742
742 743
743 744
744 745
745 746
746 747
747 748
748 749
749 750
750 751
1984 1985
1985 1986
1986 1987
1987 1988
1988 1989
1989 1990
1990 1991
1991 1992
1992 1993
1993 1994
1994 1995
1995 1996
1996 1997
1997 1998
1998 1999
1999 2000
2000 2001
6553 6554
6554 6555
6555 6556
6556 6557
6557 6558
6558 6559
6559 6560
6560 6561
6561 6562
6562 6563
6563 6564
6564 6565
6565 6566
6566 6567
6567 6568
6568 6569
6569 6570
6570 6571
6571 6572
6572 6573
6573 6574
6574 6575
6575 6576
6576 6577
6577 6578
6578 6579
6579 6580
6580 6581
6581 6582
6582 6583
6583 6584
6584 6585
6585 6586
6586 6587
6587 6588
6588 6589
6589 6590
6590 6591
6591 6592
6592 6593
6593 6594
6594 6595
6595 6596
6596 6597
6597 6598
6598 6599
6599 6600
6600 6601
6601 6602
6602 6603
80 81
81 82
82 83
83 84
84 85
85 86
86 87
87 88
88 89
89 90
90 91
91 92
92 93
93 94
94 95
95 96
96 97
97 98
98 99
99 100
100 101
101 102
102 103
103 104
104 105
105 106
106 107
107 108
108 109
109 110
110 111
111 112
112 113
113 114
114 115
115 116
116 117
117 118
118 119
119 120
120 121
121 122
122 123
123 124
124 125
125 126
126 127
127 128
128 129
129 130
130 131
131 132
132 133
133 134
134 135
135 136
136 137
137 138
138 139
7399 7400
7400 7401
7401 7402
7402 7403
7403 7404
7404 7405
7405 7406
7406 7407
7407 7408
7408 7409
7409 7410
7410 7411
7411 7412
7412 7413
7413 7414
7414 7415
7415 7416
7416 7417
7417 7418
7418 7419
7419 7420
7420 7421
7421 7422
7422 7423
7423 7424
7424 7425
7425 7426
7426 7427
7427 7428
7428 7429
7429 7430
7430 7431
7431 7432
7432 7433
7433 7434
7434 7435
7435 7436
7436 7437
7437 7438
7438 7439
7439 7440
7440 7441
7441 7442
7442 7443
7443 7444
7444 7445
7445 7446
7446 7447
7447 7448
7448 7449
7449 7450
7450 7451
7451 7452
7452 7453
7453 7454
7454 7455
7455 7456
7456 7457
1230 1231
1231 1232
4233 4234
4234 4235
4235 4236
4236 4237
4237 4238
4238 4239
4239 4240
4240 4241
4241 4242
4242 4243
4243 4244
5404 5405
5405 5406
5406 5407
5407 5408
5408 5409
5409 5410
5410 5411
5411 5412
5412 5413
5413 5414
5414 5415
5415 5416
5416 5417
1076 1077
1077 1078
1078 1079
1079 1080
1080 1081
1081 1082
1082 1083
1083 1084
1084 1085
1085 1086
1086 1087
1087 1088
1088 1089
1089 1090
1090 1091
1091 1092
1092 1093
1093 1094
1094 1095
1095 1096
1096 1097
1097 1098
1098 1099
1099 1100
1100 1101
1101 1102
1102 1103
6946 6947
8127 8128
8128 8129
8129 8130
8130 8131
8131 8132
8132 8133
2894 2895
2895 2896
2896 2897
2897 2898
2898 2899
2899 2900
2900 2901
2901 2902
2902 2903
2903 2904
2904 2905
2905 2906
2906 2907
2907 2908
2908 2909
2909 2910
8781 8782
8782 8783
8783 8784
8784 8785
5580 5581
5581 5582
5582 5583
5583 5584
5584 5585
5585 5586
5586 5587
5587 5588
5588 5589
5589 5590
5590 5591
5591 5592
5592 5593
5593 5594
5594 5595
5595 5596
5596 5597
5597 5598
5598 5599
5599 5600
5600 5601
5601 5602
5602 5603
5603 5604
5604 5605
5605 5606
5606 5607
5607 5608
5608 5609
5609 5610
5610 5611
5611 5612
5612 5613
5613 5614
5614 5615
5615 5616
5616 5617
5617 5618
5618 5619
5619 5620
5620 5621
5621 5622
5622 5623
5623 5624
5624 5625
5625 5626
5626 5627
5627 5628
5628 5629
5629 5630
5630 5631
5631 5632
5632 5633
5633 5634
5634 5635
5635 5636
5636 5637
5637 5638
5638 5639
5639 5640
5640 5641
5641 5642
5642 5643
5643 5644
5644 5645
5645 5646
5646 5647
5647 5648
5648 5649
5649 5650
5650 5651
5651 5652
5652 5653
5653 5654
5654 5655
5655 5656
5656 5657
5657 5658
5658 5659
2892 2893
2893 2894
2894 2895
2895 2896
4074 4075
4075 4076
4076 4077
4077 4078
4078 4079
4079 4080
4080 4081
4081 4082
4082 4083
4083 4084
4084 4085
4085 4086
4086 4087
4087 4088
4088 4089
4089 4090
4090 4091
4091 4092
4092 4093
4093 4094
4094 4095
4095 4096
4096 4097
4097 4098
4098 4099
4099 4100
4981 4982
4982 4983
4983 4984
4984 4985
4985 4986
4986 4987
4987 4988
4988 4989
4989 4990
4990 4991
4991 4992
4992 4993
4993 4994
4994 4995
4995 4996
4996 4997
4997 4998
4998 4999
4999 5000
5000 5001
5001 5002
8387 8388
8388 8389
8389 8390
8390 8391
8391 8392
8392 8393
8393 8394
8394 8395
8395 8396
8396 8397
8397 8398
8398 8399
8399 8400
8400 8401
8401 8402
8402 8403
8403 8404
8404 8405
8405 8406
8406 8407
8407 8408
8408 8409
8409 8410
8410 8411
8411 8412
8412 8413
8413 8414
8414 8415
8415 8416
8416 8417
8417 8418
8418 8419
8419 8420
8420 8421
7540 7541
7541 7542
7542 7543
7543 7544
7544 7545
7545 7546
2691 2692
2692 2693
2693 2694
2694 2695
2695 2696
2696 2697
2697 2698
2698 2699
2699 2700
2700 2701
2701 2702
2702 2703
2703 2704
2704 2705
2705 2706
2706 2707
2707 2708
2708 2709
2709 2710
2710 2711
2711 2712
2712 2713
2713 2714
2714 2715
2048 2049
2049 2050
2050 2051
2051 2052
2052 2053
2053 2054
2054 2055
2055 2056
2056 2057
2057 2058
2058 2059
2059 2060
2060 2061
2061 2062
2062 2063
2063 2064
2064 2065
2065 2066
2066 2067
2067 2068
2068 2069
2069 2070
2070 2071
8238 8239
8239 8240
8240 8241
7313 7314
7314 7315
7315 7316
7316 7317
7317 7318
7318 7319
7319 7320
7320 7321
7321 7322
7322 7323
7323 7324
7324 7325
7325 7326
7326 7327
7327 7328
7328 7329
7329 7330
7330 7331
7331 7332
7332 7333
7333 7334
7334 7335
7335 7336
7336 7337
7337 7338
7338 7339
7339 7340
7340 7341
7341 7342
7342 7343
7343 7344
7344 7345
7345 7346
7346 7347
7347 7348
7348 7349
7349 7350
7350 7351
7351 7352
7352 7353
7353 7354
7370 7371
7371 7372
7372 7373
7373 7374
7374 7375
7375 7376
7376 7377
7377 7378
7378 7379
7379 7380
7380 7381
7381 7382
7382 7383
7383 7384
7384 7385
7385 7386
7386 7387
7387 7388
7388 7389
7389 7390
7390 7391
7391 7392
7392 7393
7393 7394
7394 7395
7395 7396
7396 7397
7397 7398
273 274
274 275
275 276
276 277
277 278
9988 9989
9989 9990
9990 9991
9991 9992
9992 9993
9993 9994
9994 9995
9995 9996
9996 9997
9997 9998
9998 9999
9999 0
0 1
1 2
2 3
3 4
4 5
5 6
6 7
7 8
8 9
9 10
10 11
11 12
12 13
13 14
14 15
15 16
16 17
17 18
18 19
19 20
20 21
21 22
22 23
23 24
24 25
25 26
26 27
27 28
28 29
29 30
30 31
31 32
32 33
7374 7375
7375 7376
7376 7377
7377 7378
7378 7379
7379 7380
7380 7381
7381 7382
7382 7383
7383 7384
7384 7385
8986 8987
8987 8988
8988 8989
8989 8990
8990 8991
8991 8992
8992 8993
8993 8994
8994 8995
8995 8996
8996 8997
8997 8998
8998 8999
8999 9000
9000 9001
9001 9002
9002 9003
9003 9004
4628 4629
4629 4630
4630 4631
4631 4632
4632 4633
4633 4634
4634 4635
4635 4636
4636 4637
4637 4638
4638 4639
4639 4640
4640 4641
4641 4642
4642 4643
4643 4644
4644 4645
4645 4646
4646 4647
4647 4648
4648 4649
4649 4650
4650 4651
4651 4652
4652 4653
4653 4654
4654 4655
4655 4656
4656 4657
4657 4658
4658 4659
4659 4660
4660 4661
4661 4662
4662 4663
4663 4664
6309 6310
6310 6311
6311 6312
6312 6313
6313 6314
6314 6315
6315 6316
6316 6317
6317 6318
6318 6319
6319 6320
6320 6321
3928 3929
3929 3930
3930 3931
3931 3932
3932 3933
3933 3934
3934 3935
3935 3936
3936 3937
3937 3938
3938 3939
3939 3940
3940 3941
3941 3942
3942 3943
3943 3944
3944 3945
3945 3946
3946 3947
3947 3948
3948 3949
3949 3950
3950 3951
3951 3952
2305 2306
2306 2307
2307 2308
2308 2309
2309 2310
2310 2311
2311 2312
2312 2313
2313 2314
2314 2315
2315 2316
2316 2317
2317 2318
3744 3745
3745 3746
3746 3747
3747 3748
3748 3749
3749 3750
3750 3751
3751 3752
3752 3753
3753 3754
3754 3755
3755 3756
3756 3757
3757 3758
3758 3759
3759 3760
3760 3761
3761 3762
3762 3763
3763 3764
3764 3765
3765 3766
3766 3767
3767 3768
3768 3769
3769 3770
3770 3771
3771 3772
3772 3773
3773 3774
3774 3775
3775 3776
3776 3777
3777 3778
3778 3779
3779 3780
3780 3781
3781 3782
3782 3783
3783 3784
3784 3785
3785 3786
3786 3787
3787 3788
3788 3789
3789 3790
3790 3791
3791 3792
3792 3793
3793 3794
3794 3795
3795 3796
3796 3797
3797 3798
3798 3799
3799 3800
3800 3801
3801 3802
3802 3803
3803 3804
3804 3805
3805 3806
3806 3807
3733 3734
3734 3735
3735 3736
3736 3737
3737 3738
3738 3739
3739 3740
3740 3741
6915 6916
6916 6917
6917 6918
6918 6919
6919 6920
6920 6921
6921 6922
6922 6923
6923 6924
6924 6925
6925 6926
6926 6927
9490 9491
7538 7539
8164 8165
8165 8166
8166 8167
8167 8168
8168 8169
8169 8170
8170 8171
8171 8172
8172 8173
8173 8174
8174 8175
8175 8176
8176 8177
8177 8178
8178 8179
6132 6133
6133 6134
6134 6135
6135 6136
6136 6137
6137 6138
6138 6139
6139 6140
6140 6141
6141 6142
6142 6143
7698 7699
7699 7700
7700 7701
7701 7702
7702 7703
7703 7704
7704 7705
7705 7706
7706 7707
7707 7708
7708 7709
7709 7710
7710 7711
7711 7712
7712 7713
7713 7714
7714 7715
7715 7716
7716 7717
7717 7718
7718 7719
7719 7720
7720 7721
7721 7722
7722 7723
7723 7724
7724 7725
7725 7726
7726 7727
7727 7728
7728 7729
7729 7730
7730 7731
7731 7732
7732 7733
7733 7734
7734 7735
7735 7736
7736 7737
7737 7738
7738 7739
7739 7740
6277 6278
6278 6279
6279 6280
6280 6281
6281 6282
6282 6283
6283 6284
6284 6285
6285 6286
6286 6287
6287 6288
6288 6289
6289 6290
6290 6291
6291 6292
6292 6293
6293 6294
6294 6295
6295 6296
6296 6297
6297 6298
6298 6299
6299 6300
6300 6301
6301 6302
6302 6303
6303 6304
6304 6305
6305 6306
6306 6307
4818 4819
4819 4820
4820 4821
4821 4822
4822 4823
4823 4824
4824 4825
4825 4826
4826 4827
7538 7539
7539 7540
7540 7541
7541 7542
7542 7543
5020 5021
5021 5022
5022 5023
5023 5024
5024 5025
5025 5026
5026 5027
5027 5028
5028 5029
5029 5030
5030 5031
5031 5032
5032 5033
8545 8546
8546 8547
8547 8548
8548 8549
8549 8550
8550 8551
348 349
349 350
350 351
351 352
352 353
353 354
354 355
355 356
356 357
357 358
358 359
359 360
360 361
361 362
362 363
363 364
364 365
365 366
366 367
367 368
368 369
369 370
370 371
371 372
372 373
373 374
374 375
375 376
376 377
377 378
378 379
379 380
380 381
381 382
382 383
383 384
384 385
385 386
386 387
387 388
388 389
389 390
390 391
391 392
392 393
393 394
394 395
2182 2183
2183 2184
2184 2185
2185 2186
2186 2187
2187 2188
2188 2189
2189 2190
2190 2191
2191 2192
2192 2193
1649 1650
1650 1651
1651 1652
1652 1653
1653 1654
1654 1655
1655 1656
1656 1657
1657 1658
1658 1659
1659 1660
1660 1661
1661 1662
1662 1663
1663 1664
1664 1665
1665 1666
1666 1667
1667 1668
1668 1669
1669 1670
1670 1671
1671 1672
1672 1673
1673 1674
1674 1675
1675 1676
1676 1677
1677 1678
1678 1679
1679 1680
1680 1681
1681 1682
1682 1683
1683 1684
1684 1685
1685 1686
1686 1687
1687 1688
1688 1689
1689 1690
1690 1691
1691 1692
1692 1693
1693 1694
1694 1695
1695 1696
1696 1697
1697 1698
1698 1699
1699 1700
1700 1701
1701 1702
1702 1703
1703 1704
1704 1705
1705 1706
1706 1707
1707 1708
1708 1709
1709 1710
1710 1711
1711 1712
1712 1713
1713 1714
1714 1715
1715 1716
1716 1717
1717 1718
1718 1719
1719 1720
1720 1721
1721 1722
1722 1723
1723 1724
1724 1725
1725 1726
1726 1727
1727 1728
1728 1729
1729 1730
7805 7806
7806 7807
7807 7808
7808 7809
7809 7810
7810 7811
7811 7812
7812 7813
7548 7549
7549 7550
7550 7551
7551 7552
7552 7553
7553 7554
7554 7555
7555 7556
7556 7557
2049 2050
2050 2051
2051 2052
2052 2053
2053 2054
7066 7067
7067 7068
7068 7069
7069 7070
7070 7071
7071 7072
7072 7073
7073 7074
7074 7075
7075 7076
7076 7077
7077 7078
7078 7079
7079 7080
7080 7081
7081 7082
7082 7083
7083 7084
7084 7085
7085 7086
7086 7087
7087 7088
7088 7089
7089 7090
7090 7091
7091 7092
7092 7093
7093 7094
7094 7095
7095 7096
7096 7097
7097 7098
7098 7099
7099 7100
7100 7101
7101 7102
8515 8516
8516 8517
8517 8518
8518 8519
8519 8520
8520 8521
8521 8522
8522 8523
8523 8524
8524 8525
8525 8526
8526 8527
8527 8528
8528 8529
8529 8530
8530 8531
8531 8532
8532 8533
8533 8534
8534 8535
8535 8536
8536 8537
8537 8538
8538 8539
8539 8540
8540 8541
8541 8542
8542 8543
8543 8544
8544 8545
8545 8546
8546 8547
8547 8548
8548 8549
8549 8550
8550 8551
8551 8552
8552 8553
8553 8554
8554 8555
8555 8556
8556 8557
8557 8558
8558 8559
8559 8560
8560 8561
8561 8562
8562 8563
8563 8564
8564 8565
8565 8566
8566 8567
8567 8568
8568 8569
8569 8570
8570 8571
8571 8572
8572 8573
8573 8574
8574 8575
8575 8576
8576 8577
8577 8578
8578 8579
8579 8580
8580 8581
8581 8582
8582 8583
8583 8584
8584 8585
8585 8586
8586 8587
8587 8588
4968 4969
4969 4970
4970 4971
4971 4972
4972 4973
4973 4974
4974 4975
4975 4976
4976 4977
4977 4978
4978 4979
4979 4980
4980 4981
4981 4982
4982 4983
4983 4984
4984 4985
4985 4986
4986 4987
4987 4988
4988 4989
4989 4990
4990 4991
4991 4992
4992 4993
4993 4994
4994 4995
4995 4996
4996 4997
4997 4998
4998 4999
4999 5000
5000 5001
5001 5002
5002 5003
5003 5004
5004 5005
5005 5006
5006 5007
5007 5008
5008 5009
5009 5010
5010 5011
5011 5012
5012 5013
5013 5014
5014 5015
5015 5016
5016 5017
5017 5018
5018 5019
5019 5020
5020 5021
5021 5022
5022 5023
5023 5024
5024 5025
5025 5026
5026 5027
5027 5028
5028 5029
5029 5030
5030 5031
5031 5032
5032 5033
5033 5034
5034 5035
5035 5036
5036 5037
5037 5038
5038 5039
8513 8514
8514 8515
8515 8516
8516 8517
8517 8518
8518 8519
8519 8520
8520 8521
8521 8522
8522 8523
8523 8524
8524 8525
8525 8526
8526 8527
1582 1583
1583 1584
1584 1585
1585 1586
1586 1587
808 809
809 810
810 811
6935 6936
6936 6937
6937 6938
6938 6939
6939 6940
6940 6941
6941 6942
6942 6943
6943 6944
6944 6945
6945 6946
6946 6947
6947 6948
6948 6949
6949 6950
6950 6951
6951 6952
6952 6953
6953 6954
6954 6955
6955 6956
6956 6957
6957 6958
6958 6959
6959 6960
6960 6961
6961 6962
6962 6963
6963 6964
6964 6965
6965 6966
6966 6967
6967 6968
6968 6969
6969 6970
6970 6971
6971 6972
6972 6973
6973 6974
6974 6975
6975 6976
6976 6977
5316 5317
5317 5318
5318 5319
5319 5320
5320 5321
5321 5322
5322 5323
5323 5324
5324 5325
5325 5326
5326 5327
5327 5328
5328 5329
5329 5330
5330 5331
5331 5332
5332 5333
5333 5334
5334 5335
5335 5336
5336 5337
5337 5338
5338 5339
5339 5340
5340 5341
5341 5342
5342 5343
3107 3108
3108 3109
3109 3110
3110 3111
3111 3112
6496 6497
7481 7482
7482 7483
7483 7484
7484 7485
7485 7486
7486 7487
7487 7488
7488 7489
7489 7490
7490 7491
7491 7492
7492 7493
7493 7494
7494 7495
393 394
394 395
395 396
9975 9976
9976 9977
9977 9978
3443 3444
3444 3445
3445 3446
3446 3447
3447 3448
3448 3449
3449 3450
3450 3451
3451 3452
3452 3453
3453 3454
3454 3455
3455 3456
3456 3457
3457 3458
3458 3459
3459 3460
3460 3461
3461 3462
3462 3463
5407 5408
5408 5409
5409 5410
5410 5411
5411 5412
5412 5413
5413 5414
5414 5415
5415 5416
5416 5417
5417 5418
5418 5419
5419 5420
5420 5421
5421 5422
5422 5423
5423 5424
5424 5425
5425 5426
5426 5427
5427 5428
5428 5429
5429 5430
5430 5431
5431 5432
5432 5433
5433 5434
5434 5435
5435 5436
5436 5437
5437 5438
5438 5439
5439 5440
5440 5441
5441 5442
5442 5443
5443 5444
5444 5445
7044 7045
7045 7046
7046 7047
7047 7048
7048 7049
7049 7050
7050 7051
7051 7052
7052 7053
7053 7054
7054 7055
7055 7056
7056 7057
7057 7058
7058 7059
7059 7060
7060 7061
7061 7062
7062 7063
7063 7064
7064 7065
7065 7066
7066 7067
7067 7068
7068 7069
7069 7070
7070 7071
7071 7072
7072 7073
7073 7074
7074 7075
7075 7076
7076 7077
7077 7078
2273 2274
2274 2275
2275 2276
7095 7096
7096 7097
7097 7098
7098 7099
7099 7100
7100 7101
7765 7766
7766 7767
7767 7768
9447 9448
9448 9449
9449 9450
9450 9451
9451 9452
5512 5513
5513 5514
5514 5515
5515 5516
5516 5517
5517 5518
5518 5519
5519 5520
5520 5521
5521 5522
5522 5523
5523 5524
5524 5525
5525 5526
5526 5527
5527 5528
5528 5529
5529 5530
41 42
42 43
43 44
44 45
45 46
46 47
47 48
48 49
49 50
50 51
51 52
52 53
53 54
54 55
55 56
56 57
57 58
58 59
59 60
60 61
61 62
5440 5441
5441 5442
5442 5443
5443 5444
5444 5445
5445 5446
5446 5447
5447 5448
5448 5449
5449 5450
5450 5451
5451 5452
5452 5453
5453 5454
5454 5455
5455 5456
5456 5457
5457 5458
5458 5459
5459 5460
5460 5461
5461 5462
5462 5463
5463 5464
5464 5465
5465 5466
5466 5467
5467 5468
5468 5469
5469 5470
5470 5471
6433 6434
6434 6435
1342 1343
1343 1344
1344 1345
1345 1346
1346 1347
1347 1348
1348 1349
1349 1350
1350 1351
1351 1352
1352 1353
1353 1354
1354 1355
1355 1356
1356 1357
1357 1358
1358 1359
1359 1360
1360 1361
1361 1362
1362 1363
1363 1364
1364 1365
1365 1366
1366 1367
1367 1368
1368 1369
1369 1370
1370 1371
1371 1372
1372 1373
1373 1374
1374 1375
1375 1376
1376 1377
1377 1378
1378 1379
1379 1380
2753 2754
2754 2755
2755 2756
2756 2757
2757 2758
2758 2759
2759 2760
2760 2761
2761 2762
2762 2763
2763 2764
2764 2765
2765 2766
2766 2767
2767 2768
2768 2769
2769 2770
2770 2771
2771 2772
2772 2773
2773 2774
2774 2775
921 922
922 923
923 924
5715 5716
5716 5717
5717 5718
5718 5719
5719 5720
5720 5721
5721 5722
5722 5723
5723 5724
5724 5725
5811 5812
5812 5813
5813 5814
5814 5815
5815 5816
5816 5817
5817 5818
5818 5819
5819 5820
5820 5821
5821 5822
3662 3663
3663 3664
3664 3665
3665 3666
3666 3667
3667 3668
3668 3669
3669 3670
3670 3671
3671 3672
3672 3673
3673 3674
3674 3675
3675 3676
3676 3677
3677 3678
3678 3679
3679 3680
3680 3681
3681 3682
3682 3683
3683 3684
3684 3685
3685 3686
3686 3687
7138 7139
7139 7140
7140 7141
7141 7142
7142 7143
7143 7144
7144 7145
7145 7146
7146 7147
7147 7148
7148 7149
7149 7150
7150 7151
7151 7152
7152 7153
7153 7154
7154 7155
7155 7156
7156 7157
9843 9844
9844 9845
9845 9846
9846 9847
9847 9848
9848 9849
9849 9850
9850 9851
9851 9852
9852 9853
9853 9854
9854 9855
9855 9856
9654 9655
9655 9656
9656 9657
9657 9658
9658 9659
9659 9660
9660 9661
9661 9662
9662 9663
9663 9664
9664 9665
9665 9666
9666 9667
9667 9668
9668 9669
9669 9670
9670 9671
9671 9672
9672 9673
9673 9674
9674 9675
9675 9676
9676 9677
9677 9678
9678 9679
9679 9680
9680 9681
9681 9682
9682 9683
9683 9684
9684 9685
9685 9686
9686 9687
9687 9688
9688 9689
9689 9690
9690 9691
9691 9692
9692 9693
9693 9694
9694 9695
9695 9696
9696 9697
9697 9698
9698 9699
9699 9700
9700 9701
9701 9702
9702 9703
9703 9704
9704 9705
9705 9706
9706 9707
9707 9708
9708 9709
9709 9710
9710 9711
9711 9712
9712 9713
9713 9714
9714 9715
9715 9716
9716 9717
9717 9718
9718 9719
9719 9720
9720 9721
9721 9722
9722 9723
9723 9724
2669 2670
2670 2671
2671 2672
6753 6754
6754 6755
6755 6756
6756 6757
6757 6758
6758 6759
6759 6760
6760 6761
6761 6762
6762 6763
6763 6764
6764 6765
6765 6766
6766 6767
6767 6768
6768 6769
6769 6770
6770 6771
6771 6772
6772 6773
6773 6774
6774 6775
6775 6776
6776 6777
6777 6778
7799 7800
5987 5988
5988 5989
5989 5990
5990 5991
5991 5992
5992 5993
5993 5994
5994 5995
5995 5996
5996 5997
5997 5998
5998 5999
797 798
798 799
799 800
800 801
3264 3265
3265 3266
3266 3267
3267 3268
3268 3269
3269 3270
3270 3271
3271 3272
3272 3273
3273 3274
3274 3275
3275 3276
3276 3277
3277 3278
3278 3279
3279 3280
3280 3281
3281 3282
3282 3283
3283 3284
3284 3285
3285 3286
3286 3287
3287 3288
3288 3289
3289 3290
3290 3291
3291 3292
3292 3293
3293 3294
3294 3295
6113 6114
6114 6115
6115 6116
6116 6117
6117 6118
6118 6119
6119 6120
6120 6121
6121 6122
6122 6123
6123 6124
6124 6125
6125 6126
6126 6127
4413 4414
4414 4415
4415 4416
4416 4417
4417 4418
4418 4419
4419 4420
4420 4421
4421 4422
4422 4423
4423 4424
4424 4425
4425 4426
4426 4427
4427 4428
4428 4429
4429 4430
4430 4431
157 158
158 159
159 160
160 161
161 162
162 163
163 164
164 165
165 166
166 167
167 168
168 169
8987 8988
8988 8989
8989 8990
5088 5089
5089 5090
5090 5091
5091 5092
5092 5093
5093 5094
5094 5095
5095 5096
5096 5097
5097 5098
5098 5099
5099 5100
5100 5101
5101 5102
3559 3560
3560 3561
3561 3562
3562 3563
3563 3564
7349 7350
7350 7351
7351 7352
7352 7353
7353 7354
7354 7355
7355 7356
7356 7357
7357 7358
7358 7359
7359 7360
7360 7361
7361 7362
7362 7363
7363 7364
7364 7365
7365 7366
7366 7367
7367 7368
7368 7369
7369 7370
7370 7371
7371 7372
9386 9387
9387 9388
9388 9389
9389 9390
9390 9391
9391 9392
9392 9393
9393 9394
9394 9395
9395 9396
9396 9397
9397 9398
9398 9399
9399 9400
9400 9401
9401 9402
9402 9403
9403 9404
9404 9405
9405 9406
9406 9407
9407 9408
9408 9409
9409 9410
9410 9411
9411 9412
9412 9413
9413 9414
9414 9415
9415 9416
9416 9417
9417 9418
9418 9419
9419 9420
9420 9421
9421 9422
9422 9423
9423 9424
9424 9425
9425 9426
9426 9427
9615 9616
9616 9617
9617 9618
9618 9619
9619 9620
9620 9621
9621 9622
9622 9623
9623 9624
9624 9625
9625 9626
9626 9627
9627 9628
9628 9629
9629 9630
9630 9631
9631 9632
9632 9633
9633 9634
9634 9635
9635 9636
9636 9637
9637 9638
9638 9639
9639 9640
9640 9641
9641 9642
9642 9643
9643 9644
9644 9645
9645 9646
9646 9647
9647 9648
9648 9649
9649 9650
9650 9651
9651 9652
9652 9653
9653 9654
9654 9655
9655 9656
9656 9657
9657 9658
9658 9659
9659 9660
9660 9661
9661 9662
9662 9663
9663 9664
9664 9665
9665 9666
9666 9667
9667 9668
9668 9669
9669 9670
9670 9671
9671 9672
9672 9673
9673 9674
9674 9675
9675 9676
9676 9677
9677 9678
9678 9679
9679 9680
9680 9681
9681 9682
9682 9683
9683 9684
9684 9685
9685 9686
9686 9687
9687 9688
9688 9689
9689 9690
9690 9691
9691 9692
9692 9693
6677 6678
6678 6679
6679 6680
6680 6681
6681 6682
6682 6683
6683 6684
6684 6685
6676 6677
6677 6678
6678 6679
6679 6680
6680 6681
6681 6682
6682 6683
6683 6684
6684 6685
6685 6686
6686 6687
6687 6688
6688 6689
6689 6690
6690 6691
6691 6692
6692 6693
6693 6694
6694 6695
6695 6696
6696 6697
6697 6698
6698 6699
7922 7923
7923 7924
7924 7925
7925 7926
8933 8934
8934 8935
8935 8936
8936 8937
8937 8938
8938 8939
8939 8940
8940 8941
8941 8942
8942 8943
8943 8944
8899 8900
8900 8901
8901 8902
8902 8903
8903 8904
8904 8905
8905 8906
8906 8907
8907 8908
8908 8909
8909 8910
8910 8911
8911 8912
8912 8913
8913 8914
8914 8915
8915 8916
8916 8917
8917 8918
8918 8919
8919 8920
8920 8921
8921 8922
8922 8923
8923 8924
8924 8925
8925 8926
8926 8927
8927 8928
8928 8929
8929 8930
8930 8931
8931 8932
8932 8933
8933 8934
8934 8935
8935 8936
8936 8937
8937 8938
8938 8939
8939 8940
8940 8941
8941 8942
8942 8943
3232 3233
3233 3234
3234 3235
3235 3236
3236 3237
3237 3238
3238 3239
139 140
140 141
141 142
142 143
143 144
144 145
145 146
146 147
147 148
148 149
149 150
150 151
151 152
152 153
153 154
154 155
155 156
156 157
157 158
158 159
159 160
160 161
161 162
162 163
163 164
164 165
165 166
166 167
167 168
168 169
169 170
170 171
171 172
172 173
173 174
174 175
3470 3471
3471 3472
3472 3473
3473 3474
5370 5371
5371 5372
5372 5373
5373 5374
5374 5375
5375 5376
5376 5377
5377 5378
5378 5379
5379 5380
5380 5381
5381 5382
5382 5383
5383 5384
5384 5385
5385 5386
5386 5387
5387 5388
5388 5389
5389 5390
5390 5391
5391 5392
5392 5393
5393 5394
5394 5395
5395 5396
5396 5397
5397 5398
5398 5399
5399 5400
8128 8129
8129 8130
8130 8131
8131 8132
8132 8133
8133 8134
8134 8135
8135 8136
8136 8137
8137 8138
8138 8139
8139 8140
8140 8141
8141 8142
8142 8143
8143 8144
7590 7591
7591 7592
7592 7593
7593 7594
7594 7595
7595 7596
7596 7597
7090 7091
7091 7092
9848 9849
9849 9850
4328 4329
4329 4330
4330 4331
4331 4332
4332 4333
4333 4334
4334 4335
4335 4336
4336 4337
4921 4922
4922 4923
4923 4924
4924 4925
4925 4926
4926 4927
4927 4928
4928 4929
4929 4930
4930 4931
4931 4932
4932 4933
4933 4934
4934 4935
4935 4936
4936 4937
4937 4938
4938 4939
4939 4940
4940 4941
4941 4942
4942 4943
4943 4944
4944 4945
4945 4946
7227 7228
7228 7229
7229 7230
7230 7231
7231 7232
7232 7233
7233 7234
7234 7235
7235 7236
7236 7237
8680 8681
8681 8682
8682 8683
8683 8684
8684 8685
8685 8686
8686 8687
8687 8688
8688 8689
8689 8690
8690 8691
8691 8692
8692 8693
8693 8694
8694 8695
8695 8696
8696 8697
8697 8698
8698 8699
8699 8700
8700 8701
8701 8702
8702 8703
8703 8704
8704 8705
8705 8706
8706 8707
8707 8708
8708 8709
8709 8710
8710 8711
8711 8712
8712 8713
8713 8714
8714 8715
8715 8716
8716 8717
8717 8718
8718 8719
8719 8720
8720 8721
8721 8722
8722 8723
8723 8724
8724 8725
8725 8726
8726 8727
8727 8728
8728 8729
9101 9102
9102 9103
9103 9104
9104 9105
9105 9106
9106 9107
9107 9108
1410 1411
1411 1412
1412 1413
1413 1414
1414 1415
1415 1416
1416 1417
1417 1418
1418 1419
1419 1420
1420 1421
1421 1422
1422 1423
1423 1424
1424 1425
1425 1426
1426 1427
1427 1428
1428 1429
1429 1430
1430 1431
1431 1432
1432 1433
1433 1434
1434 1435
1435 1436
1436 1437
1437 1438
1438 1439
1439 1440
1440 1441
1441 1442
1442 1443
5460 5461
5461 5462
5462 5463
5463 5464
5464 5465
8912 8913
8913 8914
8914 8915
8915 8916
8916 8917
8917 8918
8918 8919
8919 8920
8920 8921
8921 8922
8922 8923
8923 8924
8924 8925
8925 8926
8926 8927
8927 8928
8928 8929
8929 8930
8930 8931
8931 8932
8932 8933
8933 8934
8934 8935
8935 8936
8936 8937
8937 8938
8938 8939
8939 8940
8940 8941
8941 8942
8942 8943
8943 8944
8944 8945
8945 8946
8946 8947
8947 8948
8948 8949
8949 8950
8950 8951
8951 8952
8952 8953
8953 8954
8954 8955
8955 8956
8956 8957
8957 8958
8958 8959
9738 9739
9739 9740
9740 9741
9741 9742
9742 9743
9743 9744
9744 9745
9745 9746
9746 9747
9747 9748
8989 8990
8990 8991
8991 8992
8992 8993
8993 8994
8994 8995
8995 8996
8996 8997
8997 8998
8998 8999
8999 9000
9000 9001
9001 9002
9002 9003
9003 9004
9004 9005
9005 9006
9006 9007
9007 9008
9008 9009
9009 9010
9010 9011
9011 9012
9012 9013
9013 9014
9014 9015
9015 9016
9016 9017
9017 9018
9018 9019
9019 9020
9020 9021
9021 9022
9022 9023
7919 7920
7920 7921
7921 7922
7922 7923
7923 7924
7924 7925
7925 7926
7926 7927
7927 7928
7928 7929
7929 7930
7930 7931
7931 7932
7932 7933
7933 7934
7934 7935
7935 7936
7936 7937
7937 7938
7938 7939
7939 7940
7940 7941
7941 7942
7942 7943
7943 7944
7944 7945
7945 7946
7946 7947
7947 7948
7948 7949
7949 7950
7950 7951
7951 7952
7952 7953
7953 7954
7954 7955
7955 7956
7956 7957
7957 7958
7958 7959
7959 7960
7960 7961
7961 7962
7962 7963
7963 7964
7964 7965
7965 7966
7966 7967
7967 7968
7968 7969
7969 7970
7970 7971
7971 7972
7972 7973
7973 7974
7974 7975
7975 7976
7976 7977
7977 7978
7978 7979
7979 7980
7980 7981
7981 7982
7982 7983
7983 7984
7984 7985
7985 7986
7986 7987
7987 7988
7988 7989
7989 7990
7990 7991
7991 7992
7992 7993
7993 7994
7994 7995
7995 7996
7996 7997
7997 7998
7998 7999
7999 8000
8000 8001
8001 8002
8002 8003
8003 8004
8004 8005
8005 8006
8006 8007
8007 8008
8008 8009
8009 8010
8010 8011
8011 8012
8012 8013
8013 8014
8014 8015
8015 8016
8016 8017
8017 8018
8018 8019
8019 8020
8020 8021
8021 8022
8022 8023
8023 8024
8024 8025
8025 8026
8026 8027
8027 8028
8028 8029
8029 8030
8030 8031
8031 8032
8032 8033
8033 8034
8034 8035
8035 8036
8036 8037
8037 8038
8038 8039
8039 8040
8040 8041
8041 8042
8042 8043
8043 8044
8044 8045
8045 8046
8046 8047
8047 8048
8048 8049
8049 8050
8050 8051
8051 8052
8052 8053
8053 8054
8054 8055
8055 8056
8056 8057
8057 8058
8058 8059
8059 8060
8060 8061
8061 8062
8062 8063
8063 8064
8064 8065
8065 8066
8066 8067
8067 8068
8068 8069
8069 8070
8070 8071
8071 8072
8072 8073
8073 8074
8074 8075
8075 8076
8076 8077
8077 8078
8078 8079
8079 8080
8080 8081
8081 8082
8082 8083
8083 8084
8084 8085
8085 8086
8086 8087
8087 8088
8088 8089
8089 8090
8090 8091
8091 8092
8092 8093
8093 8094
8094 8095
8095 8096
8096 8097
8097 8098
8098 8099
8099 8100
8100 8101
8101 8102
8102 8103
8103 8104
8104 8105
8105 8106
8106 8107
8107 8108
8108 8109
8109 8110
8110 8111
8111 8112
8112 8113
8113 8114
8114 8115
8115 8116
8116 8117
8117 8118
8118 8119
8119 8120
8120 8121
8121 8122
8122 8123
8123 8124
8124 8125
8125 8126
8126 8127
8127 8128
8128 8129
8129 8130
8130 8131
8131 8132
8132 8133
8133 8134
8134 8135
8135 8136
8136 8137
8137 8138
8138 8139
8139 8140
8140 8141
8141 8142
8142 8143
8143 8144
8144 8145
8145 8146
8146 8147
8147 8148
8148 8149
8149 8150
8150 8151
8151 8152
8152 8153
8153 8154
8154 8155
8155 8156
8156 8157
8157 8158
8158 8159
8024 8025
8025 8026
8026 8027
8027 8028
8028 8029
8029 8030
8030 8031
8031 8032
4688 4689
4689 4690
4690 4691
4691 4692
4692 4693
4693 4694
4694 4695
4695 4696
4696 4697
4697 4698
4698 4699
4699 4700
4700 4701
4701 4702
4702 4703
4703 4704
4704 4705
4705 4706
4706 4707
4707 4708
4708 4709
4709 4710
4710 4711
9894 9895
9895 9896
9896 9897
9897 9898
9898 9899
9899 9900
8380 8381
8381 8382
8382 8383
8383 8384
8384 8385
8385 8386
8386 8387
8387 8388
8388 8389
8389 8390
8390 8391
8391 8392
8392 8393
8393 8394
8394 8395
5925 5926
5926 5927
5927 5928
5928 5929
5929 5930
5930 5931
5931 5932
5932 5933
5933 5934
5934 5935
5935 5936
5936 5937
5937 5938
5938 5939
5939 5940
5940 5941
5941 5942
5942 5943
5943 5944
5944 5945
5945 5946
5946 5947
5947 5948
5948 5949
5949 5950
5950 5951
5951 5952
5952 5953
5953 5954
5954 5955
5955 5956
5956 5957
5957 5958
5958 5959
5959 5960
5960 5961
5961 5962
5962 5963
5963 5964
5964 5965
5965 5966
5966 5967
5967 5968
5968 5969
5969 5970
5970 5971
5971 5972
5972 5973
5973 5974
5974 5975
5975 5976
5976 5977
5977 5978
5978 5979
5979 5980
5980 5981
5981 5982
5982 5983
5983 5984
5984 5985
5985 5986
5986 5987
5987 5988
5988 5989
9793 9794
9794 9795
9795 9796
9796 9797
9797 9798
9798 9799
9799 9800
9800 9801
9801 9802
9802 9803
9803 9804
9804 9805
9805 9806
9806 9807
9807 9808
9808 9809
9809 9810
9810 9811
9811 9812
9812 9813
9813 9814
9814 9815
5232 5233
5233 5234
5234 5235
5235 5236
5236 5237
5237 5238
5238 5239
5239 5240
5240 5241
5241 5242
5242 5243
5243 5244
5244 5245
5245 5246
4179 4180
4180 4181
4181 4182
4182 4183
4183 4184
4184 4185
4185 4186
4186 4187
4187 4188
4188 4189
4189 4190
4190 4191
4191 4192
4192 4193
4193 4194
4194 4195
4195 4196
4196 4197
4197 4198
4503 4504
4504 4505
4505 4506
4506 4507
4507 4508
4508 4509
4509 4510
4510 4511
4511 4512
4512 4513
4513 4514
4514 4515
4515 4516
1580 1581
2518 2519
2519 2520
2520 2521
2521 2522
2522 2523
2523 2524
2524 2525
2525 2526
2526 2527
2527 2528
2528 2529
2529 2530
2530 2531
2531 2532
2492 2493
2493 2494
2494 2495
2495 2496
2496 2497
2497 2498
2498 2499
2499 2500
5702 5703
5703 5704
5704 5705
5705 5706
5706 5707
5707 5708
5708 5709
5709 5710
5710 5711
5711 5712
5712 5713
5713 5714
5714 5715
5715 5716
5716 5717
5717 5718
5718 5719
5719 5720
5720 5721
5721 5722
5722 5723
5723 5724
5724 5725
5725 5726
5726 5727
5727 5728
5728 5729
5729 5730
5730 5731
5731 5732
5732 5733
5733 5734
5734 5735
5735 5736
5736 5737
5737 5738
5738 5739
5739 5740
5740 5741
5741 5742
5742 5743
5743 5744
5744 5745
5745 5746
5746 5747
5747 5748
5748 5749
5749 5750
5750 5751
5751 5752
5752 5753
5753 5754
5754 5755
5755 5756
5756 5757
5757 5758
5758 5759
5759 5760
5760 5761
5761 5762
5762 5763
5763 5764
5764 5765
5765 5766
5766 5767
5767 5768
5768 5769
5769 5770
5770 5771
5771 5772
5772 5773
5773 5774
5774 5775
5775 5776
5776 5777
5777 5778
5778 5779
5779 5780
5780 5781
5781 5782
5782 5783
5783 5784
5784 5785
5785 5786
5786 5787
5787 5788
5788 5789
5789 5790
5790 5791
5791 5792
5792 5793
1067 1068
1068 1069
1069 1070
1070 1071
1071 1072
1072 1073
1073 1074
1074 1075
1075 1076
1076 1077
1077 1078
1078 1079
1079 1080
1080 1081
1081 1082
1082 1083
1083 1084
1084 1085
1085 1086
1086 1087
1087 1088
1088 1089
1089 1090
1090 1091
1091 1092
1092 1093
1093 1094
1094 1095
1095 1096
1096 1097
1097 1098
1098 1099
1099 1100
1100 1101
1101 1102
1102 1103
1103 1104
1104 1105
1105 1106
1106 1107
1107 1108
1108 1109
1109 1110
1110 1111
1111 1112
1112 1113
1113 1114
1114 1115
1115 1116
1116 1117
1117 1118
1118 1119
1119 1120
1120 1121
1121 1122
1122 1123
1123 1124
1124 1125
1125 1126
1126 1127
1127 1128
1128 1129
1129 1130
1130 1131
1131 1132
1132 1133
1133 1134
1134 1135
1135 1136
1136 1137
1137 1138
1138 1139
1139 1140
1140 1141
1141 1142
1142 1143
1143 1144
1144 1145
1145 1146
1146 1147
1147 1148
1148 1149
1149 1150
1150 1151
1151 1152
1152 1153
1153 1154
1154 1155
1155 1156
3417 3418
3418 3419
3419 3420
3420 3421
3421 3422
3422 3423
3423 3424
3424 3425
3425 3426
3426 3427
3427 3428
3428 3429
3429 3430
3430 3431
3431 3432
3432 3433
3433 3434
3434 3435
3435 3436
3436 3437
3437 3438
5310 5311
5311 5312
5312 5313
5313 5314
5314 5315
2243 2244
2244 2245
2245 2246
2246 2247
2247 2248
2248 2249
2249 2250
2250 2251
2251 2252
2252 2253
2253 2254
2254 2255
2255 2256
2256 2257
2257 2258
2258 2259
2259 2260
2260 2261
2261 2262
2262 2263
2263 2264
2264 2265
2265 2266
2266 2267
2267 2268
2268 2269
2269 2270
2270 2271
2271 2272
2272 2273
2273 2274
2274 2275
2275 2276
2276 2277
2277 2278
2278 2279
2279 2280
2280 2281
2281 2282
2282 2283
2283 2284
2284 2285
2285 2286
2286 2287
2287 2288
2288 2289
2289 2290
2290 2291
2291 2292
2292 2293
2293 2294
2294 2295
2295 2296
2296 2297
2297 2298
2298 2299
2299 2300
2300 2301
2301 2302
5484 5485
5485 5486
5486 5487
5487 5488
5488 5489
5489 5490
5490 5491
5491 5492
5492 5493
5493 5494
5494 5495
5495 5496
5496 5497
5497 5498
5498 5499
5499 5500
5500 5501
5501 5502
5502 5503
5503 5504
5504 5505
5505 5506
5506 5507
5507 5508
574 575
575 576
576 577
577 578
578 579
579 580
580 581
581 582
582 583
583 584
584 585
4744 4745
4745 4746
4746 4747
4747 4748
4748 4749
4749 4750
4750 4751
4751 4752
4752 4753
4753 4754
4754 4755
4755 4756
4756 4757
4757 4758
4758 4759
4759 4760
4760 4761
4761 4762
4762 4763
4763 4764
4764 4765
4765 4766
4766 4767
4767 4768
4768 4769
4769 4770
4770 4771
4771 4772
4772 4773
4773 4774
4774 4775
4775 4776
4776 4777
4777 4778
4778 4779
4779 4780
4780 4781
4781 4782
4782 4783
4783 4784
4784 4785
4785 4786
4786 4787
4787 4788
4788 4789
4789 4790
4790 4791
4791 4792
4792 4793
4793 4794
4794 4795
4795 4796
4796 4797
4797 4798
4723 4724
4724 4725
4725 4726
4726 4727
4727 4728
5839 5840
5840 5841
5841 5842
5842 5843
5843 5844
5844 5845
5845 5846
5846 5847
5847 5848
5848 5849
5849 5850
647 648
648 649
7804 7805
7805 7806
7806 7807
7807 7808
7808 7809
7809 7810
7810 7811
7811 7812
7812 7813
7813 7814
7814 7815
7815 7816
7816 7817
7817 7818
7818 7819
7819 7820
7820 7821
7821 7822
7822 7823
7823 7824
7824 7825
7825 7826
7826 7827
7827 7828
7828 7829
7829 7830
9294 9295
9295 9296
9296 9297
9297 9298
9298 9299
9299 9300
9300 9301
9301 9302
9302 9303
9303 9304
9304 9305
9305 9306
9306 9307
9307 9308
9308 9309
9309 9310
9310 9311
9311 9312
9312 9313
9313 9314
9314 9315
9315 9316
9316 9317
9317 9318
9318 9319
9319 9320
9320 9321
9321 9322
9322 9323
9323 9324
9324 9325
9325 9326
9326 9327
9327 9328
9328 9329
9329 9330
9330 9331
9331 9332
9332 9333
9333 9334
9334 9335
9335 9336
9336 9337
9337 9338
9338 9339
9339 9340
9340 9341
9341 9342
9342 9343
9343 9344
9344 9345
9345 9346
9346 9347
9347 9348
9348 9349
9349 9350
9350 9351
9351 9352
9352 9353
9353 9354
9354 9355
9355 9356
9356 9357
9357 9358
9358 9359
9359 9360
9360 9361
9361 9362
9362 9363
9363 9364
9364 9365
9365 9366
9366 9367
9367 9368
9368 9369
9369 9370
9370 9371
9371 9372
9372 9373
9373 9374
9374 9375
9375 9376
9376 9377
9377 9378
9378 9379
9379 9380
9380 9381
9381 9382
9382 9383
9383 9384
9384 9385
9385 9386
9386 9387
9387 9388
9388 9389
9389 9390
9390 9391
9391 9392
8842 8843
8843 8844
8844 8845
8845 8846
8846 8847
8847 8848
184 185
185 186
186 187
187 188
188 189
189 190
190 191
191 192
192 193
193 194
194 195
195 196
196 197
197 198
198 199
199 200
200 201
201 202
2631 2632
2632 2633
2633 2634
2634 2635
2635 2636
2636 2637
2637 2638
2638 2639
2639 2640
2640 2641
2641 2642
2642 2643
2643 2644
2644 2645
2645 2646
2646 2647
2647 2648
2648 2649
2649 2650
2650 2651
2651 2652
2652 2653
2653 2654
2654 2655
2655 2656
2656 2657
2657 2658
2658 2659
2659 2660
2660 2661
2661 2662
2662 2663
6060 6061
6061 6062
6062 6063
6063 6064
6064 6065
6065 6066
6066 6067
6067 6068
6068 6069
6069 6070
6070 6071
4106 4107
4107 4108
4108 4109
4109 4110
4110 4111
4111 4112
4112 4113
4113 4114
4114 4115
4115 4116
4116 4117
4117 4118
4118 4119
4119 4120
4120 4121
4121 4122
4122 4123
4123 4124
4124 4125
4125 4126
4126 4127
4127 4128
4128 4129
4129 4130
4130 4131
4131 4132
4132 4133
4133 4134
4134 4135
4135 4136
4136 4137
4137 4138
4138 4139
4139 4140
4140 4141
4141 4142
4142 4143
8457 8458
8458 8459
8459 8460
8460 8461
8461 8462
8462 8463
8463 8464
8464 8465
8465 8466
8466 8467
8467 8468
8468 8469
8469 8470
8470 8471
8471 8472
8472 8473
8473 8474
8474 8475
8475 8476
8476 8477
8477 8478
8478 8479
8479 8480
8480 8481
8481 8482
8482 8483
8483 8484
8484 8485
8485 8486
8486 8487
8487 8488
8488 8489
8489 8490
8490 8491
8491 8492
8492 8493
1216 1217
1217 1218
1218 1219
1219 1220
1220 1221
1221 1222
1222 1223
1223 1224
1224 1225
1225 1226
1226 1227
1227 1228
1228 1229
1229 1230
1230 1231
1231 1232
1232 1233
1233 1234
1234 1235
1235 1236
1236 1237
1237 1238
1238 1239
1239 1240
1240 1241
1241 1242
1242 1243
1243 1244
1244 1245
1245 1246
1246 1247
1247 1248
1248 1249
1249 1250
1250 1251
1251 1252
1252 1253
1253 1254
1254 1255
1255 1256
1256 1257
1257 1258
1258 1259
1259 1260
1260 1261
1261 1262
1262 1263
1263 1264
1264 1265
1265 1266
1266 1267
1267 1268
1268 1269
1269 1270
1270 1271
1271 1272
1272 1273
4456 4457
4457 4458
4458 4459
4459 4460
4460 4461
4461 4462
5881 5882
5882 5883
5883 5884
5884 5885
5885 5886
5886 5887
5887 5888
5888 5889
2649 2650
2650 2651
2651 2652
2652 2653
2653 2654
2654 2655
2655 2656
2656 2657
2657 2658
2658 2659
2659 2660
2660 2661
2661 2662
2662 2663
2663 2664
2664 2665
2665 2666
2666 2667
2667 2668
2668 2669
2669 2670
2670 2671
2671 2672
2672 2673
2673 2674
2674 2675
5370 5371
5371 5372
5372 5373
5373 5374
1269 1270
1270 1271
1271 1272
1272 1273
1273 1274
1274 1275
1275 1276
1276 1277
1277 1278
1278 1279
1279 1280
1280 1281
1281 1282
1282 1283
1283 1284
1284 1285
1285 1286
1286 1287
1287 1288
1288 1289
1289 1290
1290 1291
8150 8151
8151 8152
9872 9873
9873 9874
9874 9875
9875 9876
9876 9877
9877 9878
248 249
249 250
250 251
251 252
252 253
253 254
254 255
255 256
256 257
257 258
258 259
259 260
260 261
261 262
262 263
263 264
264 265
265 266
266 267
267 268
268 269
269 270
270 271
271 272
272 273
273 274
274 275
275 276
276 277
277 278
278 279
279 280
280 281
281 282
4709 4710
4710 4711
4711 4712
4712 4713
4713 4714
4714 4715
4715 4716
4716 4717
4717 4718
4718 4719
4719 4720
4720 4721
4721 4722
4722 4723
4723 4724
4724 4725
4725 4726
4726 4727
4727 4728
4728 4729
4729 4730
4730 4731
4731 4732
4732 4733
775 776
5093 5094
5094 5095
5095 5096
5096 5097
6808 6809
6809 6810
6810 6811
6811 6812
6812 6813
6813 6814
6814 6815
6815 6816
6816 6817
6817 6818
6818 6819
6819 6820
6820 6821
6821 6822
7704 7705
7705 7706
7706 7707
7707 7708
7708 7709
7709 7710
7710 7711
7711 7712
3384 3385
3385 3386
3386 3387
7047 7048
7048 7049
3855 3856
3856 3857
3857 3858
3858 3859
3859 3860
3860 3861
3861 3862
3862 3863
3863 3864
3864 3865
3865 3866
3866 3867
3867 3868
3868 3869
3869 3870
3870 3871
3871 3872
3872 3873
3873 3874
3874 3875
3875 3876
3876 3877
3877 3878
3878 3879
3879 3880
3880 3881
3881 3882
3882 3883
3883 3884
3884 3885
3885 3886
3886 3887
3887 3888
3888 3889
3889 3890
3890 3891
3891 3892
3892 3893
3893 3894
6141 6142
6142 6143
6143 6144
6144 6145
6145 6146
6146 6147
6147 6148
6148 6149
6149 6150
6150 6151
6151 6152
6152 6153
6153 6154
6154 6155
6155 6156
6156 6157
6157 6158
6158 6159
6159 6160
6160 6161
6161 6162
6162 6163
6163 6164
6164 6165
6165 6166
6166 6167
6167 6168
6168 6169
6169 6170
6170 6171
6171 6172
6172 6173
6173 6174
8478 8479
8479 8480
8480 8481
8481 8482
8482 8483
8483 8484
8484 8485
8485 8486
8486 8487
8487 8488
8488 8489
8489 8490
8490 8491
8491 8492
8492 8493
8493 8494
8494 8495
8495 8496
8496 8497
8497 8498
8498 8499
8499 8500
8500 8501
8501 8502
8502 8503
8503 8504
8504 8505
8505 8506
8506 8507
8507 8508
8508 8509
8509 8510
8510 8511
8511 8512
8512 8513
8513 8514
8514 8515
8515 8516
8516 8517
8517 8518
8518 8519
8519 8520
8520 8521
8521 8522
8522 8523
8523 8524
8524 8525
8525 8526
8526 8527
8527 8528
8528 8529
8529 8530
8530 8531
8531 8532
8532 8533
8533 8534
8534 8535
8535 8536
8536 8537
8537 8538
8538 8539
8539 8540
1945 1946
1946 1947
1947 1948
1948 1949
1949 1950
1950 1951
1951 1952
1952 1953
1953 1954
1954 1955
1955 1956
1956 1957
1957 1958
1958 1959
1959 1960
1960 1961
1961 1962
1962 1963
1963 1964
1964 1965
1965 1966
1966 1967
1967 1968
1968 1969
1969 1970
1970 1971
1971 1972
1972 1973
1973 1974
1974 1975
1975 1976
1976 1977
1977 1978
1978 1979
1979 1980
1980 1981
1981 1982
1982 1983
1983 1984
1984 1985
1985 1986
1986 1987
1987 1988
1988 1989
1989 1990
1990 1991
1991 1992
1992 1993
1993 1994
1994 1995
1995 1996
1996 1997
1997 1998
1998 1999
1999 2000
2000 2001
2001 2002
2002 2003
2003 2004
2004 2005
2005 2006
2006 2007
2007 2008
2008 2009
2009 2010
2010 2011
2011 2012
2012 2013
2013 2014
2014 2015
2015 2016
2016 2017
2017 2018
2018 2019
2019 2020
2020 2021
2021 2022
2022 2023
2023 2024
2024 2025
2025 2026
2026 2027
2027 2028
2028 2029
2029 2030
2030 2031
2031 2032
2032 2033
2033 2034
2034 2035
2035 2036
2079 2080
2080 2081
2081 2082
2082 2083
2083 2084
2084 2085
2085 2086
2086 2087
2087 2088
2088 2089
2089 2090
2090 2091
2091 2092
2092 2093
2093 2094
2094 2095
2095 2096
2096 2097
2097 2098
2098 2099
2622 2623
5280 5281
3847 3848
3848 3849
3849 3850
3850 3851
3851 3852
3852 3853
3853 3854
3854 3855
3855 3856
3856 3857
3857 3858
3403 3404
3404 3405
3405 3406
3406 3407
3407 3408
3408 3409
1724 1725
1725 1726
1726 1727
1727 1728
1728 1729
1729 1730
1730 1731
1731 1732
1732 1733
1733 1734
1734 1735
1735 1736
1736 1737
1737 1738
1738 1739
1739 1740
1740 1741
1741 1742
1742 1743
1743 1744
1744 1745
1745 1746
1746 1747
1747 1748
1748 1749
6838 6839
6839 6840
6840 6841
6841 6842
6842 6843
6843 6844
6844 6845
6845 6846
4104 4105
4105 4106
4106 4107
4107 4108
4108 4109
4109 4110
4110 4111
3901 3902
3902 3903
3903 3904
3904 3905
3905 3906
3906 3907
3907 3908
3908 3909
3909 3910
3910 3911
3911 3912
3912 3913
3913 3914
3914 3915
3915 3916
3916 3917
3917 3918
3918 3919
3919 3920
3920 3921
3921 3922
3922 3923
3923 3924
3924 3925
3925 3926
3926 3927
3927 3928
3928 3929
3929 3930
3930 3931
3931 3932
3932 3933
3933 3934
3934 3935
3935 3936
3936 3937
3937 3938
3938 3939
3939 3940
9966 9967
9967 9968
9968 9969
9969 9970
9970 9971
9971 9972
9972 9973
9973 9974
9974 9975
9975 9976
9976 9977
9977 9978
9978 9979
9979 9980
9980 9981
9981 9982
9982 9983
9983 9984
9984 9985
9985 9986
9986 9987
9987 9988
9988 9989
8734 8735
8735 8736
8736 8737
8737 8738
8738 8739
8739 8740
7803 7804
7804 7805
7805 7806
8616 8617
8617 8618
8618 8619
8619 8620
8620 8621
8621 8622
8622 8623
8623 8624
8624 8625
8625 8626
8626 8627
8627 8628
8628 8629
8629 8630
8630 8631
8631 8632
8632 8633
8633 8634
8634 8635
8635 8636
8636 8637
8637 8638
382 383
383 384
384 385
385 386
386 387
387 388
388 389
389 390
390 391
391 392
392 393
393 394
394 395
395 396
396 397
397 398
241 242
242 243
243 244
244 245
245 246
246 247
1046 1047
1047 1048
1048 1049
1049 1050
1050 1051
1051 1052
1052 1053
1053 1054
7813 7814
7814 7815
7815 7816
7816 7817
7817 7818
7818 7819
7819 7820
7820 7821
7821 7822
7822 7823
7823 7824
7824 7825
7825 7826
7826 7827
7827 7828
7828 7829
7829 7830
7830 7831
7831 7832
7832 7833
7833 7834
7834 7835
7835 7836
7836 7837
7837 7838
7838 7839
7839 7840
7840 7841
7841 7842
7842 7843
7843 7844
7844 7845
7845 7846
2746 2747
2747 2748
2748 2749
2749 2750
2750 2751
2751 2752
2752 2753
2753 2754
2754 2755
2755 2756
2756 2757
2757 2758
2758 2759
2759 2760
2760 2761
2761 2762
2762 2763
2763 2764
2764 2765
2765 2766
2766 2767
2767 2768
2768 2769
2769 2770
2770 2771
2771 2772
2772 2773
2773 2774
2774 2775
2775 2776
2776 2777
2777 2778
2778 2779
2779 2780
2780 2781
2781 2782
2782 2783
2783 2784
2784 2785
2785 2786
2786 2787
2787 2788
2788 2789
2789 2790
2790 2791
2791 2792
6420 6421
6421 6422
6422 6423
6423 6424
6424 6425
6425 6426
6426 6427
6427 6428
6428 6429
6429 6430
6430 6431
6431 6432
6432 6433
6433 6434
6434 6435
6435 6436
6436 6437
6437 6438
6438 6439
6439 6440
6440 6441
6441 6442
6442 6443
6443 6444
6444 6445
6445 6446
6446 6447
6447 6448
6448 6449
6449 6450
6450 6451
6451 6452
6452 6453
6453 6454
6454 6455
6455 6456
6456 6457
6457 6458
6458 6459
6459 6460
6460 6461
6461 6462
6462 6463
6463 6464
6464 6465
6465 6466
6466 6467
6467 6468
6468 6469
6469 6470
6470 6471
6471 6472
6472 6473
6473 6474
6474 6475
6475 6476
6476 6477
6477 6478
6478 6479
6479 6480
6480 6481
6481 6482
6482 6483
6483 6484
6484 6485
6485 6486
6486 6487
6487 6488
6488 6489
6489 6490
6490 6491
6491 6492
6492 6493
6493 6494
6494 6495
6495 6496
6496 6497
6497 6498
6498 6499
6499 6500
6500 6501
6501 6502
6502 6503
6503 6504
6504 6505
6505 6506
6506 6507
686 687
687 688
688 689
689 690
690 691
691 692
692 693
693 694
694 695
695 696
696 697
697 698
698 699
699 700
700 701
701 702
702 703
703 704
704 705
705 706
706 707
707 708
708 709
709 710
710 711
711 712
712 713
713 714
714 715
715 716
716 717
717 718
718 719
719 720
720 721
721 722
722 723
723 724
724 725
725 726
726 727
727 728
728 729
729 730
730 731
731 732
732 733
733 734
734 735
735 736
736 737
737 738
738 739
739 740
740 741
741 742
742 743
743 744
744 745
745 746
746 747
747 748
748 749
749 750
750 751
751 752
752 753
753 754
754 755
755 756
756 757
757 758
758 759
759 760
760 761
761 762
762 763
763 764
764 765
765 766
766 767
767 768
768 769
769 770
770 771
771 772
7554 7555
7555 7556
7556 7557
7557 7558
7558 7559
7559 7560
7560 7561
7561 7562
7562 7563
7563 7564
7564 7565
7565 7566
7566 7567
7567 7568
7568 7569
7569 7570
7570 7571
7571 7572
7572 7573
7573 7574
7574 7575
7575 7576
7576 7577
7577 7578
7578 7579
7579 7580
7580 7581
7581 7582
7582 7583
7583 7584
7584 7585
7585 7586
7586 7587
6023 6024
2904 2905
2905 2906
2906 2907
2907 2908
2908 2909
2909 2910
2910 2911
2911 2912
2912 2913
2913 2914
2914 2915
2915 2916
2916 2917
2917 2918
2918 2919
2919 2920
2920 2921
2921 2922
2922 2923
2923 2924
2924 2925
2925 2926
2926 2927
2927 2928
2928 2929
2929 2930
5460 5461
5461 5462
2363 2364
2364 2365
2365 2366
2366 2367
2367 2368
2368 2369
2369 2370
2370 2371
2371 2372
2372 2373
2373 2374
2374 2375
2375 2376
2376 2377
2377 2378
2378 2379
2379 2380
2380 2381
2381 2382
2382 2383
2383 2384
2384 2385
2385 2386
2386 2387
2387 2388
2388 2389
2389 2390
2390 2391
2391 2392
2392 2393
2393 2394
2394 2395
2395 2396
2396 2397
2397 2398
2398 2399
2399 2400
2400 2401
2401 2402
2402 2403
2403 2404
2404 2405
2405 2406
2406 2407
2407 2408
2408 2409
2409 2410
2410 2411
2411 2412
2412 2413
2413 2414
2414 2415
2415 2416
2416 2417
9822 9823
9823 9824
9824 9825
9825 9826
9826 9827
9827 9828
4073 4074
4074 4075
4075 4076
4076 4077
4077 4078
4078 4079
4079 4080
4080 4081
4081 4082
4082 4083
4083 4084
4084 4085
4085 4086
4086 4087
4087 4088
4088 4089
4089 4090
4090 4091
4091 4092
4092 4093
4093 4094
4094 4095
4095 4096
4096 4097
4097 4098
4098 4099
4099 4100
4100 4101
4101 4102
4102 4103
4103 4104
4104 4105
4105 4106
4106 4107
4107 4108
4108 4109
4109 4110
4110 4111
4111 4112
4112 4113
4113 4114
4114 4115
4115 4116
4116 4117
4117 4118
4118 4119
6594 6595
6595 6596
6596 6597
6597 6598
6598 6599
6599 6600
6600 6601
6601 6602
6602 6603
6603 6604
6604 6605
6605 6606
6606 6607
6607 6608
6608 6609
6609 6610
6610 6611
6611 6612
6612 6613
6613 6614
6614 6615
6615 6616
6616 6617
6617 6618
6618 6619
6619 6620
6620 6621
6621 6622
6622 6623
6623 6624
6624 6625
6625 6626
6626 6627
6627 6628
6628 6629
6629 6630
6630 6631
6631 6632
6632 6633
6633 6634
6634 6635
6635 6636
6636 6637
6637 6638
6638 6639
6639 6640
6640 6641
6641 6642
6642 6643
6643 6644
6644 6645
6645 6646
6646 6647
6647 6648
472 473
473 474
474 475
475 476
476 477
477 478
478 479
479 480
480 481
481 482
482 483
483 484
484 485
485 486
486 487
487 488
488 489
489 490
490 491
491 492
492 493
493 494
494 495
495 496
496 497
497 498
498 499
499 500
500 501
501 502
502 503
503 504
504 505
505 506
506 507
507 508
508 509
509 510
510 511
511 512
512 513
513 514
514 515
515 516
516 517
517 518
518 519
519 520
520 521
521 522
522 523
523 524
524 525
9309 9310
9310 9311
9311 9312
9312 9313
9313 9314
9314 9315
9315 9316
9316 9317
9317 9318
9318 9319
9319 9320
9320 9321
9321 9322
9322 9323
9323 9324
9324 9325
9325 9326
9326 9327
9327 9328
9328 9329
9329 9330
9330 9331
9331 9332
9332 9333
9333 9334
9334 9335
9335 9336
9471 9472
9472 9473
9473 9474
9474 9475
9475 9476
9476 9477
9477 9478
9478 9479
9479 9480
9480 9481
9481 9482
9482 9483
9483 9484
9484 9485
9485 9486
9486 9487
9487 9488
9488 9489
9489 9490
9490 9491
9491 9492
9492 9493
9493 9494
9494 9495
9495 9496
9496 9497
9497 9498
9498 9499
9499 9500
9500 9501
9501 9502
9502 9503
1892 1893
1893 1894
1894 1895
1895 1896
1896 1897
1897 1898
1898 1899
1899 1900
1900 1901
1901 1902
1902 1903
1903 1904
1904 1905
8490 8491
8491 8492
8492 8493
8493 8494
8494 8495
8495 8496
8496 8497
8497 8498
8498 8499
8499 8500
8500 8501
8501 8502
8502 8503
8503 8504
8504 8505
8505 8506
8506 8507
8507 8508
8508 8509
8509 8510
8510 8511
1088 1089
1089 1090
1090 1091
1091 1092
1092 1093
1093 1094
1094 1095
1095 1096
1096 1097
1097 1098
1098 1099
1099 1100
1100 1101
1101 1102
1102 1103
1103 1104
1104 1105
1105 1106
1106 1107
1107 1108
1108 1109
1109 1110
1110 1111
5613 5614
5614 5615
5615 5616
5616 5617
5617 5618
5618 5619
5619 5620
5620 5621
5621 5622
5622 5623
5623 5624
5624 5625
5625 5626
5626 5627
5627 5628
5628 5629
5629 5630
5630 5631
5631 5632
5632 5633
5633 5634
5634 5635
181 182
182 183
183 184
184 185
185 186
186 187
2902 2903
3737 3738
3738 3739
3739 3740
3740 3741
3741 3742
3742 3743
3743 3744
3744 3745
3745 3746
3746 3747
3747 3748
3748 3749
3749 3750
3750 3751
3751 3752
3752 3753
3753 3754
3754 3755
3755 3756
3756 3757
3757 3758
3758 3759
3759 3760
3760 3761
3761 3762
3762 3763
3763 3764
3764 3765
3765 3766
3766 3767
3767 3768
3768 3769
3769 3770
3770 3771
3771 3772
3772 3773
3773 3774
3774 3775
3775 3776
3776 3777
3777 3778
3778 3779
3779 3780
3780 3781
3781 3782
3782 3783
3783 3784
3784 3785
3785 3786
3786 3787
3787 3788
3788 3789
3789 3790
3790 3791
3791 3792
3792 3793
3793 3794
3794 3795
3795 3796
3796 3797
3797 3798
3798 3799
3799 3800
3800 3801
3801 3802
3802 3803
3803 3804
3804 3805
3805 3806
3806 3807
3807 3808
3808 3809
3809 3810
3810 3811
3811 3812
3812 3813
3813 3814
1673 1674
1674 1675
1675 1676
7730 7731
7731 7732
7732 7733
7733 7734
7734 7735
7735 7736
7736 7737
7737 7738
7738 7739
7739 7740
7740 7741
7741 7742
7742 7743
7743 7744
7744 7745
7745 7746
7746 7747
7747 7748
7748 7749
7749 7750
7750 7751
7751 7752
7752 7753
7753 7754
7754 7755
7755 7756
7756 7757
7757 7758
7758 7759
7759 7760
7760 7761
7761 7762
7762 7763
7763 7764
7764 7765
1829 1830
2535 2536
2536 2537
2537 2538
2538 2539
2539 2540
2540 2541
2541 2542
2542 2543
2543 2544
2544 2545
5793 5794
5794 5795
5795 5796
5796 5797
5797 5798
5798 5799
5799 5800
5800 5801
5801 5802
5802 5803
5803 5804
5804 5805
5805 5806
5806 5807
5807 5808
5808 5809
5809 5810
5810 5811
5811 5812
5812 5813
5813 5814
5814 5815
5815 5816
5816 5817
8495 8496
8496 8497
8497 8498
8498 8499
8499 8500
8500 8501
8501 8502
8502 8503
8503 8504
8504 8505
8505 8506
8506 8507
8507 8508
8508 8509
8509 8510
8510 8511
8511 8512
8512 8513
8513 8514
8514 8515
8515 8516
8516 8517
8517 8518
8518 8519
8519 8520
8520 8521
8521 8522
8522 8523
7619 7620
7620 7621
7621 7622
7622 7623
7623 7624
7624 7625
7625 7626
7626 7627
7627 7628
7628 7629
7629 7630
7630 7631
7631 7632
7632 7633
7633 7634
7634 7635
7635 7636
7636 7637
7637 7638
7638 7639
7639 7640
7640 7641
7641 7642
7642 7643
7643 7644
7644 7645
7645 7646
7646 7647
7647 7648
7648 7649
7649 7650
7650 7651
7651 7652
7652 7653
7653 7654
7654 7655
7655 7656
7656 7657
7657 7658
7658 7659
7659 7660
7660 7661
7661 7662
7662 7663
7663 7664
7664 7665
7665 7666
7666 7667
7667 7668
7668 7669
7669 7670
7670 7671
7671 7672
7672 7673
7673 7674
7674 7675
7675 7676
7676 7677
7677 7678
7678 7679
7679 7680
7680 7681
7681 7682
7682 7683
7683 7684
7684 7685
7685 7686
7686 7687
7687 7688
7688 7689
7689 7690
7690 7691
7691 7692
2949 2950
2950 2951
2951 2952
2952 2953
2953 2954
2954 2955
2955 2956
2956 2957
2957 2958
2958 2959
2959 2960
2960 2961
2961 2962
2962 2963
2963 2964
2964 2965
2965 2966
2966 2967
2967 2968
2968 2969
2969 2970
2970 2971
2971 2972
2972 2973
2973 2974
2974 2975
2975 2976
2976 2977
2977 2978
2978 2979
2979 2980
2980 2981
2981 2982
2982 2983
2983 2984
2984 2985
2985 2986
2986 2987
2987 2988
2988 2989
2995 2996
2996 2997
2997 2998
2998 2999
2999 3000
3000 3001
3001 3002
3002 3003
3003 3004
3004 3005
3005 3006
3006 3007
3007 3008
7742 7743
7743 7744
7744 7745
7745 7746
7746 7747
7747 7748
7748 7749
7749 7750
7750 7751
7751 7752
7752 7753
7753 7754
7754 7755
7755 7756
7756 7757
7757 7758
7758 7759
7759 7760
7760 7761
7761 7762
7762 7763
7763 7764
7764 7765
7765 7766
7766 7767
7767 7768
7768 7769
7769 7770
7770 7771
7771 7772
7772 7773
7773 7774
7774 7775
7775 7776
7776 7777
2881 2882
6270 6271
6271 6272
6272 6273
6273 6274
6274 6275
6275 6276
6276 6277
6277 6278
6278 6279
6279 6280
6280 6281
6281 6282
6282 6283
6283 6284
8129 8130
8130 8131
8131 8132
8132 8133
8133 8134
8134 8135
8135 8136
8136 8137
8137 8138
8138 8139
8139 8140
8140 8141
8141 8142
8142 8143
8143 8144
8144 8145
8145 8146
8146 8147
8147 8148
8148 8149
8149 8150
8150 8151
8151 8152
8152 8153
8153 8154
8154 8155
8155 8156
8156 8157
8157 8158
8158 8159
8159 8160
8160 8161
8161 8162
8162 8163
8163 8164
8164 8165
8165 8166
8166 8167
8167 8168
8168 8169
8169 8170
8170 8171
8171 8172
8172 8173
8173 8174
8174 8175
8175 8176
8176 8177
8177 8178
8178 8179
8179 8180
8180 8181
8181 8182
8182 8183
8183 8184
8184 8185
8185 8186
8186 8187
8187 8188
8188 8189
8189 8190
8190 8191
8191 8192
8192 8193
8193 8194
8194 8195
8195 8196
8196 8197
8197 8198
8198 8199
8199 8200
8200 8201
8201 8202
8202 8203
8203 8204
8204 8205
8205 8206
8206 8207
8207 8208
8208 8209
8209 8210
8210 8211
8211 8212
8212 8213
8213 8214
8214 8215
8215 8216
8216 8217
8217 8218
8218 8219
8219 8220
8220 8221
8221 8222
8222 8223
8223 8224
8224 8225
8225 8226
8226 8227
8227 8228
8228 8229
8229 8230
8230 8231
8231 8232
8232 8233
8233 8234
8278 8279
8279 8280
8280 8281
8281 8282
8282 8283
8283 8284
8284 8285
6933 6934
6934 6935
6935 6936
6936 6937
6937 6938
6938 6939
6939 6940
6940 6941
6941 6942
6942 6943
6943 6944
6944 6945
6945 6946
6946 6947
6947 6948
6948 6949
6949 6950
6950 6951
6951 6952
6952 6953
6148 6149
3953 3954
3954 3955
3955 3956
3956 3957
3957 3958
3958 3959
3959 3960
3960 3961
3961 3962
3962 3963
3963 3964
3964 3965
3965 3966
3966 3967
3967 3968
3968 3969
3969 3970
3970 3971
3971 3972
3972 3973
3973 3974
3974 3975
3975 3976
3976 3977
3977 3978
9113 9114
9114 9115
9115 9116
9116 9117
9117 9118
9118 9119
9119 9120
9120 9121
9121 9122
9122 9123
9123 9124
9124 9125
9125 9126
9126 9127
9127 9128
9128 9129
9129 9130
9130 9131
9131 9132
9132 9133
9133 9134
9134 9135
9135 9136
9136 9137
9137 9138
9138 9139
9139 9140
9140 9141
9141 9142
9142 9143
9143 9144
9144 9145
9145 9146
9146 9147
6080 6081
6081 6082
6082 6083
6083 6084
6084 6085
6085 6086
6086 6087
6087 6088
6088 6089
6089 6090
6090 6091
6091 6092
6092 6093
6093 6094
6094 6095
6095 6096
6096 6097
6097 6098
6098 6099
3840 3841
3841 3842
3842 3843
3843 3844
3844 3845
3845 3846
3846 3847
3847 3848
3848 3849
3849 3850
3850 3851
3851 3852
3852 3853
3853 3854
3854 3855
3855 3856
3856 3857
3857 3858
3858 3859
3859 3860
3860 3861
3861 3862
3862 3863
3863 3864
3864 3865
3865 3866
3866 3867
3867 3868
3868 3869
3869 3870
3870 3871
3871 3872
3872 3873
3873 3874
3874 3875
3875 3876
3876 3877
3877 3878
3878 3879
3879 3880
3880 3881
3881 3882
3882 3883
3883 3884
3884 3885
3885 3886
3886 3887
3887 3888
3888 3889
3889 3890
3890 3891
3891 3892
3892 3893
3893 3894
3894 3895
3895 3896
3896 3897
3897 3898
3898 3899
3899 3900
3900 3901
3901 3902
3902 3903
3903 3904
7632 7633
7633 7634
7634 7635
7635 7636
7636 7637
7637 7638
7638 7639
7639 7640
7640 7641
7641 7642
7642 7643
7643 7644
7644 7645
7645 7646
7646 7647
7647 7648
7648 7649
7649 7650
7650 7651
7651 7652
7652 7653
7653 7654
7654 7655
7655 7656
7656 7657
7657 7658
7658 7659
7659 7660
7660 7661
7661 7662
7662 7663
6076 6077
6077 6078
6078 6079
6079 6080
6080 6081
6081 6082
6082 6083
8981 8982
8982 8983
8983 8984
8340 8341
8341 8342
5775 5776
6558 6559
6559 6560
6560 6561
6561 6562
6562 6563
6563 6564
6564 6565
6565 6566
6566 6567
6567 6568
6568 6569
3794 3795
3795 3796
3796 3797
3797 3798
3798 3799
3799 3800
3800 3801
3801 3802
3802 3803
3803 3804
3804 3805
3805 3806
3806 3807
3807 3808
3808 3809
3809 3810
3810 3811
3811 3812
3812 3813
3813 3814
3814 3815
3815 3816
3816 3817
3817 3818
3818 3819
3819 3820
3820 3821
3821 3822
3822 3823
3823 3824
3824 3825
3825 3826
3826 3827
3827 3828
3828 3829
3829 3830
3830 3831
3831 3832
3832 3833
3833 3834
5121 5122
5122 5123
5123 5124
1779 1780
1780 1781
1781 1782
1782 1783
1783 1784
1784 1785
1785 1786
1786 1787
1787 1788
1788 1789
1789 1790
1790 1791
1791 1792
1792 1793
1793 1794
1794 1795
1795 1796
1796 1797
1797 1798
2381 2382
2382 2383
2383 2384
1217 1218
1218 1219
6338 6339
6339 6340
888 889
889 890
890 891
891 892
892 893
893 894
894 895
895 896
896 897
897 898
898 899
899 900
900 901
901 902
902 903
903 904
904 905
905 906
906 907
907 908
908 909
909 910
910 911
911 912
912 913
913 914
914 915
915 916
916 917
917 918
918 919
919 920
920 921
921 922
393 394
394 395
395 396
396 397
397 398
398 399
399 400
400 401
401 402
402 403
403 404
404 405
405 406
406 407
407 408
408 409
409 410
410 411
411 412
412 413
413 414
414 415
415 416
416 417
417 418
418 419
419 420
420 421
421 422
422 423
3389 3390
3390 3391
3391 3392
3392 3393
3393 3394
3394 3395
3395 3396
3396 3397
3397 3398
3398 3399
3399 3400
3400 3401
3401 3402
3402 3403
3403 3404
3404 3405
3405 3406
3406 3407
3407 3408
3408 3409
3409 3410
3410 3411
3411 3412
3412 3413
3413 3414
3414 3415
3415 3416
3416 3417
3417 3418
2673 2674
2674 2675
2675 2676
2676 2677
2677 2678
2678 2679
2679 2680
2680 2681
2681 2682
2682 2683
2683 2684
2684 2685
2685 2686
2686 2687
2687 2688
2688 2689
2689 2690
2690 2691
2691 2692
2692 2693
2693 2694
4089 4090
4090 4091
4091 4092
4092 4093
4093 4094
4094 4095
4095 4096
4096 4097
4097 4098
4098 4099
4099 4100
4100 4101
5284 5285
5285 5286
5286 5287
5287 5288
5288 5289
5289 5290
5290 5291
5291 5292
5292 5293
5293 5294
5294 5295
5295 5296
5296 5297
5297 5298
5298 5299
5299 5300
5300 5301
5301 5302
5302 5303
5303 5304
5304 5305
5305 5306
5306 5307
5307 5308
5308 5309
5309 5310
5310 5311
5311 5312
5312 5313
5313 5314
5314 5315
5315 5316
5316 5317
5317 5318
5318 5319
5319 5320
5320 5321
5321 5322
5322 5323
5323 5324
5324 5325
5325 5326
5326 5327
5327 5328
5328 5329
7741 7742
7742 7743
7743 7744
7744 7745
7745 7746
7746 7747
7747 7748
7748 7749
7749 7750
7750 7751
7751 7752
7752 7753
7753 7754
7754 7755
7755 7756
7756 7757
7757 7758
7758 7759
7759 7760
7760 7761
7761 7762
7762 7763
1026 1027
1027 1028
1028 1029
1029 1030
1030 1031
1031 1032
1032 1033
1033 1034
1034 1035
1035 1036
1036 1037
1037 1038
5241 5242
9307 9308
9308 9309
9309 9310
9310 9311
923 924
924 925
925 926
926 927
927 928
928 929
929 930
930 931
931 932
932 933
933 934
9922 9923
9923 9924
9924 9925
9925 9926
9926 9927
9927 9928
630 631
631 632
2602 2603
2603 2604
2604 2605
2605 2606
2606 2607
2607 2608
2608 2609
2609 2610
2610 2611
2611 2612
2612 2613
2613 2614
2614 2615
2615 2616
2616 2617
2617 2618
2618 2619
2619 2620
2620 2621
2621 2622
2622 2623
2623 2624
2624 2625
2625 2626
2626 2627
2627 2628
2628 2629
2629 2630
2630 2631
2631 2632
2632 2633
2633 2634
2634 2635
2635 2636
2636 2637
2637 2638
2638 2639
2639 2640
2640 2641
2641 2642
2642 2643
2643 2644
2644 2645
2645 2646
2646 2647
2647 2648
2648 2649
2649 2650
2650 2651
2651 2652
2652 2653
2653 2654
2654 2655
2655 2656
2656 2657
2657 2658
2658 2659
2659 2660
2660 2661
2661 2662
2662 2663
2663 2664
2664 2665
2665 2666
2666 2667
7364 7365
7365 7366
7366 7367
7367 7368
7368 7369
7369 7370
7370 7371
7371 7372
7372 7373
9169 9170
8381 8382
8382 8383
8383 8384
8384 8385
8385 8386
8386 8387
8387 8388
8388 8389
8389 8390
8390 8391
8391 8392
8392 8393
8393 8394
8394 8395
8395 8396
8396 8397
8397 8398
8398 8399
8399 8400
8400 8401
8401 8402
8402 8403
8403 8404
8404 8405
8405 8406
8406 8407
8407 8408
8408 8409
8409 8410
8410 8411
8411 8412
8412 8413
8413 8414
8414 8415
8415 8416
8416 8417
8417 8418
8418 8419
8419 8420
8420 8421
8421 8422
8422 8423
8423 8424
8424 8425
8425 8426
4528 4529
4529 4530
4530 4531
4531 4532
4532 4533
4533 4534
4534 4535
4535 4536
4536 4537
1069 1070
1070 1071
1071 1072
1072 1073
1073 1074
1074 1075
1075 1076
1076 1077
1077 1078
1078 1079
1079 1080
1080 1081
1081 1082
1082 1083
1083 1084
1084 1085
1085 1086
1086 1087
1087 1088
1088 1089
1089 1090
1090 1091
1091 1092
1092 1093
1093 1094
1094 1095
1095 1096
1096 1097
1097 1098
1098 1099
1099 1100
1100 1101
1101 1102
1102 1103
1103 1104
1104 1105
1105 1106
6462 6463
6463 6464
6464 6465
6465 6466
6466 6467
6467 6468
6468 6469
6469 6470
6470 6471
6471 6472
6472 6473
6473 6474
6474 6475
6475 6476
6476 6477
6477 6478
6478 6479
6479 6480
6480 6481
6481 6482
6482 6483
6483 6484
6484 6485
6485 6486
6486 6487
6487 6488
6488 6489
6489 6490
6490 6491
6491 6492
6492 6493
6493 6494
6494 6495
6495 6496
6496 6497
6497 6498
6498 6499
6499 6500
6500 6501
6501 6502
6502 6503
6503 6504
6504 6505
6505 6506
6506 6507
6507 6508
6508 6509
6509 6510
7830 7831
7831 7832
7832 7833
7833 7834
7834 7835
5133 5134
5134 5135
5135 5136
5136 5137
5137 5138
5138 5139
5139 5140
5140 5141
5141 5142
5142 5143
5143 5144
3609 3610
3610 3611
9226 9227
9227 9228
9228 9229
9229 9230
9230 9231
9231 9232
1557 1558
1558 1559
1559 1560
1560 1561
1561 1562
1562 1563
1563 1564
1564 1565
1565 1566
1566 1567
1567 1568
1568 1569
1569 1570
1570 1571
1571 1572
1572 1573
1573 1574
1574 1575
1575 1576
1576 1577
1577 1578
1578 1579
1579 1580
1580 1581
1581 1582
1582 1583
1583 1584
1584 1585
1585 1586
1586 1587
1587 1588
7807 7808
7808 7809
7809 7810
7810 7811
7811 7812
7812 7813
7813 7814
7814 7815
7815 7816
7816 7817
7817 7818
7818 7819
7819 7820
7820 7821
3725 3726
3726 3727
3727 3728
3728 3729
3729 3730
3730 3731
3731 3732
3732 3733
3733 3734
3734 3735
3735 3736
3736 3737
3737 3738
3738 3739
3739 3740
3740 3741
3741 3742
3742 3743
3743 3744
3744 3745
3745 3746
3746 3747
3747 3748
3748 3749
3749 3750
3750 3751
3751 3752
3752 3753
3753 3754
3754 3755
3755 3756
3756 3757
3757 3758
3758 3759
3759 3760
3760 3761
3761 3762
3762 3763
3763 3764
3764 3765
3765 3766
3766 3767
3767 3768
3768 3769
3769 3770
3770 3771
3771 3772
3772 3773
3773 3774
3774 3775
3775 3776
3776 3777
3777 3778
3778 3779
3779 3780
3780 3781
3781 3782
3782 3783
3783 3784
3784 3785
3785 3786
3786 3787
3787 3788
3788 3789
3789 3790
3790 3791
3791 3792
3792 3793
3793 3794
3794 3795
3795 3796
3796 3797
3797 3798
3798 3799
3799 3800
3800 3801
3801 3802
3802 3803
9289 9290
9290 9291
9291 9292
9292 9293
9293 9294
9294 9295
9295 9296
7810 7811
7811 7812
7812 7813
7813 7814
7814 7815
7815 7816
7816 7817
7817 7818
7818 7819
7819 7820
7820 7821
7821 7822
7822 7823
7823 7824
7824 7825
7825 7826
7826 7827
7827 7828
7828 7829
7829 7830
7830 7831
7831 7832
7832 7833
7833 7834
7834 7835
7835 7836
7836 7837
7837 7838
79 80
80 81
81 82
82 83
83 84
7733 7734
7734 7735
7735 7736
7736 7737
7737 7738
7738 7739
7739 7740
7740 7741
7741 7742
7742 7743
7743 7744
7744 7745
7745 7746
7746 7747
7747 7748
7748 7749
7749 7750
7750 7751
7751 7752
7752 7753
7753 7754
7754 7755
7755 7756
7756 7757
7757 7758
7758 7759
8893 8894
8894 8895
8895 8896
8896 8897
8897 8898
8898 8899
8899 8900
8900 8901
8901 8902
8902 8903
8903 8904
8904 8905
8905 8906
8906 8907
8907 8908
6979 6980
6980 6981
6981 6982
6982 6983
6983 6984
6984 6985
355 356
356 357
357 358
358 359
359 360
360 361
361 362
362 363
363 364
364 365
365 366
366 367
367 368
368 369
369 370
370 371
371 372
372 373
373 374
374 375
375 376
376 377
377 378
7784 7785
7785 7786
7786 7787
7787 7788
7788 7789
7789 7790
7790 7791
7791 7792
7792 7793
7793 7794
7794 7795
7795 7796
7796 7797
7797 7798
7798 7799
7799 7800
7800 7801
7801 7802
7802 7803
7803 7804
7804 7805
7805 7806
7806 7807
7807 7808
7808 7809
7809 7810
7810 7811
7811 7812
7812 7813
7813 7814
7814 7815
7815 7816
7816 7817
7817 7818
7818 7819
7819 7820
7820 7821
7821 7822
7822 7823
7823 7824
7824 7825
7825 7826
7826 7827
7827 7828
7828 7829
7829 7830
7830 7831
7831 7832
7832 7833
228 229
229 230
230 231
231 232
232 233
233 234
234 235
235 236
5789 5790
5790 5791
5791 5792
5792 5793
5793 5794
5794 5795
5795 5796
5796 5797
5797 5798
5798 5799
5799 5800
5800 5801
5801 5802
5802 5803
5803 5804
5804 5805
7230 7231
7231 7232
7232 7233
7233 7234
7234 7235
7235 7236
7236 7237
7237 7238
7238 7239
7239 7240
7240 7241
7241 7242
7242 7243
7243 7244
7244 7245
7245 7246
7246 7247
7247 7248
7248 7249
7249 7250
7250 7251
7251 7252
7252 7253
7253 7254
7254 7255
7255 7256
7256 7257
7257 7258
7258 7259
7259 7260
7260 7261
7261 7262
7262 7263
7263 7264
7264 7265
7265 7266
7266 7267
7267 7268
7268 7269
7269 7270
7270 7271
7271 7272
7272 7273
7273 7274
7274 7275
7275 7276
7276 7277
7277 7278
7278 7279
7279 7280
7280 7281
7281 7282
7282 7283
7283 7284
7284 7285
7285 7286
7286 7287
7287 7288
7288 7289
7289 7290
7290 7291
7291 7292
7292 7293
7293 7294
7294 7295
7295 7296
7296 7297
7297 7298
7298 7299
7299 7300
7300 7301
7301 7302
7302 7303
7303 7304
7304 7305
7305 7306
7306 7307
7307 7308
7308 7309
7309 7310
7310 7311
7311 7312
7312 7313
7313 7314
4583 4584
4584 4585
9060 9061
9061 9062
9062 9063
9063 9064
9064 9065
9065 9066
9066 9067
9067 9068
9068 9069
9069 9070
9070 9071
9071 9072
9072 9073
9073 9074
9074 9075
9075 9076
9076 9077
9077 9078
9078 9079
9079 9080
9080 9081
9081 9082
9082 9083
9083 9084
9084 9085
9085 9086
9086 9087
9087 9088
9088 9089
9089 9090
9090 9091
9091 9092
9092 9093
9093 9094
9094 9095
9095 9096
9096 9097
9650 9651
9651 9652
9652 9653
9653 9654
9654 9655
9655 9656
9656 9657
9657 9658
9658 9659
9659 9660
9660 9661
9661 9662
9662 9663
1149 1150
1150 1151
1151 1152
1152 1153
1153 1154
1154 1155
1155 1156
1156 1157
1157 1158
1158 1159
1159 1160
1160 1161
1161 1162
1162 1163
1163 1164
1164 1165
7683 7684
7684 7685
7685 7686
7686 7687
7687 7688
7688 7689
7689 7690
7690 7691
7270 7271
7271 7272
7272 7273
7273 7274
7274 7275
7275 7276
7276 7277
7277 7278
7278 7279
7279 7280
7280 7281
7281 7282
7282 7283
7283 7284
7284 7285
7927 7928
7928 7929
2312 2313
2313 2314
2314 2315
2315 2316
2316 2317
2317 2318
2318 2319
2319 2320
2320 2321
2321 2322
2322 2323
2323 2324
2324 2325
2325 2326
2326 2327
2327 2328
2328 2329
2329 2330
2330 2331
2331 2332
2332 2333
2333 2334
2334 2335
2335 2336
2336 2337
2337 2338
7062 7063
7063 7064
7064 7065
7065 7066
7066 7067
7067 7068
7068 7069
7069 7070
7070 7071
3933 3934
3934 3935
3935 3936
3936 3937
3937 3938
3938 3939
3939 3940
3940 3941
3941 3942
3942 3943
7481 7482
7482 7483
7483 7484
7484 7485
7485 7486
7486 7487
7487 7488
7488 7489
7489 7490
7490 7491
7491 7492
7492 7493
7493 7494
7494 7495
7495 7496
7496 7497
7497 7498
7498 7499
7499 7500
7500 7501
7501 7502
7502 7503
7503 7504
7504 7505
7505 7506
2184 2185
2185 2186
2186 2187
2187 2188
2188 2189
2189 2190
2190 2191
2191 2192
2192 2193
2193 2194
2194 2195
2195 2196
2196 2197
2197 2198
2198 2199
2199 2200
2200 2201
2201 2202
2202 2203
1181 1182
1182 1183
1183 1184
6091 6092
8787 8788
8788 8789
8789 8790
8790 8791
8791 8792
8792 8793
8793 8794
8794 8795
8795 8796
8796 8797
8797 8798
8798 8799
8799 8800
8800 8801
8801 8802
8802 8803
8803 8804
8804 8805
8805 8806
8806 8807
8807 8808
8808 8809
8809 8810
8810 8811
8811 8812
8812 8813
8813 8814
8814 8815
8815 8816
8816 8817
8817 8818
8818 8819
8819 8820
8820 8821
8821 8822
8822 8823
8823 8824
7001 7002
7002 7003
7003 7004
7004 7005
7005 7006
7006 7007
7007 7008
7008 7009
7009 7010
7010 7011
7011 7012
7012 7013
7013 7014
7014 7015
7015 7016
746 747
747 748
748 749
749 750
750 751
751 752
752 753
753 754
754 755
755 756
756 757
757 758
758 759
759 760
760 761
761 762
762 763
763 764
764 765
765 766
766 767
767 768
768 769
769 770
770 771
771 772
772 773
773 774
774 775
775 776
776 777
777 778
778 779
779 780
780 781
781 782
782 783
783 784
784 785
785 786
786 787
787 788
788 789
789 790
790 791
791 792
792 793
793 794
794 795
795 796
796 797
797 798
798 799
799 800
800 801
801 802
802 803
803 804
804 805
805 806
806 807
807 808
808 809
809 810
810 811
811 812
812 813
813 814
814 815
815 816
816 817
817 818
818 819
819 820
820 821
821 822
822 823
823 824
824 825
825 826
826 827
827 828
828 829
829 830
830 831
831 832
832 833
833 834
834 835
835 836
836 837
837 838
838 839
839 840
840 841
841 842
842 843
843 844
844 845
845 846
846 847
847 848
848 849
849 850
850 851
851 852
852 853
853 854
854 855
855 856
856 857
857 858
858 859
859 860
860 861
861 862
862 863
863 864
864 865
865 866
7004 7005
7005 7006
7006 7007
7007 7008
7008 7009
7009 7010
7010 7011
7011 7012
7012 7013
7013 7014
7014 7015
7015 7016
7016 7017
7017 7018
7018 7019
7019 7020
7020 7021
7021 7022
7022 7023
7023 7024
7024 7025
3980 3981
3981 3982
3982 3983
3983 3984
3984 3985
3985 3986
3986 3987
3987 3988
3988 3989
3989 3990
3990 3991
3991 3992
3992 3993
3993 3994
3994 3995
3995 3996
3996 3997
3997 3998
3998 3999
3999 4000
4000 4001
4001 4002
4002 4003
4003 4004
4004 4005
4005 4006
4006 4007
4007 4008
4008 4009
4009 4010
4010 4011
4011 4012
4012 4013
4013 4014
4014 4015
4015 4016
2193 2194
3627 3628
3628 3629
3629 3630
3630 3631
3631 3632
3632 3633
3633 3634
3634 3635
3635 3636
3636 3637
3637 3638
5757 5758
5758 5759
5759 5760
5760 5761
5761 5762
5762 5763
5763 5764
5764 5765
5765 5766
5766 5767
5767 5768
5768 5769
5769 5770
5770 5771
5771 5772
5772 5773
5773 5774
5774 5775
5775 5776
5776 5777
5777 5778
5778 5779
5779 5780
9010 9011
9011 9012
9012 9013
9013 9014
9014 9015
9015 9016
9016 9017
9017 9018
9018 9019
9019 9020
9020 9021
9021 9022
9022 9023
9023 9024
9024 9025
9025 9026
9026 9027
9027 9028
9028 9029
9029 9030
9030 9031
9031 9032
9032 9033
9033 9034
9034 9035
9035 9036
9036 9037
9037 9038
9038 9039
9039 9040
9040 9041
9041 9042
9042 9043
9043 9044
9044 9045
9045 9046
9046 9047
9047 9048
406 407
407 408
408 409
409 410
410 411
411 412
412 413
413 414
414 415
415 416
416 417
417 418
418 419
419 420
420 421
421 422
422 423
423 424
424 425
425 426
426 427
427 428
428 429
429 430
430 431
431 432
432 433
433 434
434 435
435 436
436 437
437 438
438 439
439 440
440 441
441 442
442 443
443 444
444 445
445 446
446 447
447 448
448 449
449 450
450 451
928 929
929 930
930 931
931 932
932 933
933 934
934 935
935 936
936 937
937 938
938 939
939 940
940 941
941 942
942 943
943 944
944 945
945 946
946 947
947 948
948 949
949 950
950 951
951 952
952 953
953 954
954 955
955 956
956 957
957 958
958 959
959 960
960 961
961 962
962 963
963 964
964 965
965 966
966 967
967 968
968 969
969 970
970 971
971 972
972 973
973 974
974 975
975 976
976 977
977 978
978 979
979 980
980 981
981 982
982 983
983 984
984 985
985 986
986 987
987 988
988 989
989 990
990 991
991 992
992 993
993 994
994 995
995 996
996 997
997 998
998 999
999 1000
1000 1001
1001 1002
1002 1003
1003 1004
1004 1005
1005 1006
1006 1007
1007 1008
1008 1009
1009 1010
1010 1011
1011 1012
1012 1013
1013 1014
1014 1015
1015 1016
1016 1017
1017 1018
1018 1019
1019 1020
1020 1021
1021 1022
1022 1023
1023 1024
1024 1025
1025 1026
1026 1027
1027 1028
1028 1029
1029 1030
1030 1031
1031 1032
1032 1033
1033 1034
1034 1035
1035 1036
1036 1037
1037 1038
1038 1039
1039 1040
1040 1041
1041 1042
1042 1043
3301 3302
3302 3303
3303 3304
3304 3305
3305 3306
3306 3307
3307 3308
3308 3309
3309 3310
3310 3311
3311 3312
3312 3313
696 697
697 698
1849 1850
1850 1851
1851 1852
1852 1853
1853 1854
1854 1855
1855 1856
1856 1857
1857 1858
1858 1859
1859 1860
1860 1861
1861 1862
1862 1863
1863 1864
1864 1865
1865 1866
1866 1867
1867 1868
1868 1869
1869 1870
1870 1871
1871 1872
1872 1873
1873 1874
1874 1875
1875 1876
1876 1877
1877 1878
1878 1879
1879 1880
1880 1881
1881 1882
1882 1883
1883 1884
1884 1885
1885 1886
1886 1887
1887 1888
1888 1889
1889 1890
1890 1891
1891 1892
1892 1893
1893 1894
1894 1895
1895 1896
1896 1897
1897 1898
1898 1899
1899 1900
1900 1901
1901 1902
1902 1903
1903 1904
1904 1905
1905 1906
1906 1907
1907 1908
1908 1909
1909 1910
1910 1911
1911 1912
1912 1913
2074 2075
2075 2076
2076 2077
2077 2078
2078 2079
2079 2080
2080 2081
2081 2082
2082 2083
2083 2084
2084 2085
2085 2086
2086 2087
2087 2088
2088 2089
2089 2090
2090 2091
2091 2092
2092 2093
2093 2094
2094 2095
2095 2096
2096 2097
2097 2098
2098 2099
2099 2100
2100 2101
2101 2102
2102 2103
2103 2104
2104 2105
6743 6744
6744 6745
6745 6746
6746 6747
6747 6748
6748 6749
6749 6750
6750 6751
6751 6752
6752 6753
6753 6754
6754 6755
6755 6756
6756 6757
6757 6758
6758 6759
6759 6760
6760 6761
11 12
12 13
13 14
14 15
15 16
16 17
17 18
18 19
19 20
20 21
21 22
22 23
23 24
24 25
25 26
26 27
27 28
28 29
29 30
30 31
31 32
32 33
33 34
34 35
35 36
36 37
37 38
38 39
39 40
40 41
41 42
42 43
43 44
44 45
45 46
46 47
47 48
48 49
49 50
50 51
51 52
52 53
53 54
54 55
55 56
56 57
57 58
58 59
59 60
60 61
61 62
62 63
63 64
64 65
65 66
66 67
67 68
68 69
69 70
3274 3275
3275 3276
3276 3277
3277 3278
3278 3279
3279 3280
3280 3281
3281 3282
7108 7109
7109 7110
7110 7111
7111 7112
7112 7113
7113 7114
6982 6983
6983 6984
6984 6985
6985 6986
6986 6987
6987 6988
6988 6989
6989 6990
6990 6991
6991 6992
6992 6993
6993 6994
6994 6995
6995 6996
6996 6997
6997 6998
6998 6999
6999 7000
7000 7001
7001 7002
7002 7003
7003 7004
7004 7005
7005 7006
7006 7007
7007 7008
7008 7009
7009 7010
7010 7011
7011 7012
7012 7013
7013 7014
7014 7015
1009 1010
1536 1537
1537 1538
1538 1539
1539 1540
1540 1541
1541 1542
1542 1543
1543 1544
1544 1545
1545 1546
1546 1547
1547 1548
1548 1549
1549 1550
1550 1551
1551 1552
1552 1553
1553 1554
1554 1555
1555 1556
1556 1557
5122 5123
5798 5799
5799 5800
5800 5801
5801 5802
5802 5803
5803 5804
5804 5805
5805 5806
5806 5807
5807 5808
5808 5809
5809 5810
5810 5811
5811 5812
5812 5813
5813 5814
5814 5815
5815 5816
5816 5817
5817 5818
5818 5819
5819 5820
5820 5821
5821 5822
5822 5823
5823 5824
5824 5825
5825 5826
5826 5827
5827 5828
5828 5829
5829 5830
5830 5831
5831 5832
5832 5833
5833 5834
5834 5835
5835 5836
3910 3911
3911 3912
3912 3913
3913 3914
3914 3915
3915 3916
3916 3917
3917 3918
3918 3919
3919 3920
3920 3921
3921 3922
3922 3923
3923 3924
3924 3925
3925 3926
3926 3927
3927 3928
3928 3929
3929 3930
3930 3931
3931 3932
3932 3933
3933 3934
3934 3935
3935 3936
3936 3937
3937 3938
3938 3939
3939 3940
3940 3941
3941 3942
3942 3943
4090 4091
4091 4092
4092 4093
4093 4094
4094 4095
4095 4096
4096 4097
4097 4098
4098 4099
4099 4100
3697 3698
3698 3699
3699 3700
6231 6232
6232 6233
6233 6234
6234 6235
6235 6236
6236 6237
6237 6238
6238 6239
6239 6240
6240 6241
6241 6242
6242 6243
6243 6244
6244 6245
6245 6246
6246 6247
6247 6248
6248 6249
6249 6250
6250 6251
6251 6252
6252 6253
6253 6254
4452 4453
4453 4454
4454 4455
4455 4456
4456 4457
4457 4458
4458 4459
4459 4460
4460 4461
4461 4462
4462 4463
4463 4464
4464 4465
4465 4466
4466 4467
4467 4468
4468 4469
4469 4470
4470 4471
4471 4472
4472 4473
4473 4474
4474 4475
4475 4476
4476 4477
4477 4478
4478 4479
4479 4480
4480 4481
4481 4482
4482 4483
4483 4484
4484 4485
4485 4486
4486 4487
4487 4488
4488 4489
4489 4490
4490 4491
4491 4492
4492 4493
4493 4494
4494 4495
4495 4496
4496 4497
4497 4498
4498 4499
4499 4500
4500 4501
4501 4502
4502 4503
4503 4504
4504 4505
4505 4506
4506 4507
4507 4508
4508 4509
4509 4510
4510 4511
4511 4512
4512 4513
4513 4514
4514 4515
4515 4516
4516 4517
4517 4518
4518 4519
4519 4520
4520 4521
4521 4522
4522 4523
4523 4524
4524 4525
4525 4526
4526 4527
5879 5880
5880 5881
5881 5882
5882 5883
5883 5884
5884 5885
5885 5886
5886 5887
5887 5888
5888 5889
5889 5890
5890 5891
5891 5892
5892 5893
5893 5894
5894 5895
5895 5896
5896 5897
5897 5898
987 988
988 989
989 990
990 991
991 992
992 993
993 994
994 995
995 996
996 997
997 998
998 999
999 1000
1000 1001
1001 1002
1002 1003
1003 1004
1004 1005
1005 1006
1006 1007
1007 1008
1008 1009
1009 1010
1010 1011
3820 3821
3821 3822
3822 3823
3823 3824
3824 3825
4222 4223
4223 4224
4224 4225
4225 4226
4226 4227
4227 4228
4228 4229
4229 4230
4230 4231
4231 4232
4232 4233
4233 4234
4234 4235
4235 4236
4236 4237
4237 4238
4238 4239
4239 4240
4240 4241
4241 4242
4242 4243
4243 4244
4244 4245
4245 4246
4246 4247
4247 4248
4248 4249
4249 4250
8622 8623
8623 8624
9188 9189
9189 9190
9190 9191
9191 9192
9192 9193
9193 9194
9194 9195
9195 9196
9196 9197
9197 9198
9198 9199
9199 9200
9200 9201
9201 9202
9202 9203
9203 9204
9204 9205
9205 9206
9206 9207
9207 9208
9208 9209
9209 9210
9210 9211
9211 9212
9212 9213
9213 9214
9214 9215
9215 9216
9216 9217
9217 9218
8220 8221
8221 8222
8222 8223
8223 8224
8224 8225
8225 8226
8226 8227
8227 8228
8228 8229
8229 8230
8230 8231
8231 8232
8232 8233
8233 8234
8234 8235
8235 8236
8236 8237
8237 8238
4110 4111
4111 4112
4112 4113
4113 4114
4114 4115
4115 4116
4116 4117
4117 4118
4118 4119
4119 4120
4120 4121
4121 4122
4122 4123
4123 4124
4124 4125
4125 4126
4126 4127
4127 4128
4128 4129
4129 4130
4130 4131
4131 4132
4132 4133
4133 4134
4134 4135
4135 4136
4136 4137
4137 4138
4138 4139
4139 4140
4140 4141
4141 4142
4142 4143
4143 4144
4144 4145
4145 4146
4146 4147
4147 4148
4148 4149
4149 4150
4150 4151
4151 4152
4152 4153
4153 4154
4154 4155
4155 4156
4156 4157
4157 4158
4158 4159
4159 4160
4160 4161
4161 4162
4162 4163
4163 4164
4164 4165
4165 4166
4166 4167
4167 4168
4168 4169
4169 4170
4170 4171
4171 4172
4172 4173
4173 4174
4174 4175
4175 4176
4176 4177
4177 4178
4178 4179
4179 4180
4180 4181
4181 4182
4182 4183
4183 4184
4184 4185
4185 4186
4186 4187
4187 4188
4188 4189
4189 4190
4190 4191
4191 4192
4192 4193
4193 4194
4194 4195
4195 4196
4196 4197
4197 4198
4198 4199
4199 4200
4200 4201
4201 4202
4202 4203
4203 4204
4204 4205
4205 4206
4206 4207
4207 4208
4208 4209
4209 4210
4210 4211
4211 4212
4212 4213
4213 4214
4214 4215
4215 4216
4216 4217
4217 4218
4218 4219
4219 4220
4220 4221
4221 4222
4222 4223
4223 4224
4224 4225
4225 4226
4226 4227
4227 4228
4228 4229
4229 4230
4230 4231
4231 4232
4232 4233
4233 4234
4234 4235
4235 4236
9323 9324
9324 9325
9325 9326
9326 9327
1977 1978
1978 1979
1979 1980
1980 1981
1981 1982
1982 1983
1983 1984
1984 1985
1985 1986
1986 1987
1987 1988
1988 1989
1989 1990
1990 1991
1991 1992
1992 1993
1993 1994
1994 1995
1995 1996
1996 1997
1997 1998
1998 1999
1999 2000
2000 2001
2001 2002
2002 2003
2003 2004
2004 2005
2005 2006
2006 2007
2007 2008
2008 2009
2009 2010
2010 2011
2011 2012
2012 2013
2013 2014
2014 2015
2015 2016
2016 2017
2017 2018
2018 2019
2019 2020
2020 2021
2021 2022
2022 2023
2023 2024
8450 8451
8451 8452
8452 8453
8453 8454
8454 8455
8455 8456
8456 8457
8457 8458
8458 8459
8459 8460
8460 8461
8899 8900
8900 8901
8901 8902
8902 8903
8903 8904
9832 9833
9833 9834
9834 9835
9835 9836
9836 9837
9837 9838
9838 9839
9839 9840
9840 9841
9841 9842
9842 9843
4683 4684
4684 4685
4685 4686
4686 4687
4687 4688
4688 4689
4689 4690
4690 4691
4691 4692
4692 4693
4693 4694
4694 4695
4695 4696
4696 4697
4697 4698
4698 4699
4699 4700
4700 4701
4701 4702
4702 4703
4703 4704
4704 4705
4705 4706
4706 4707
4707 4708
4708 4709
4709 4710
4710 4711
4711 4712
4712 4713
4713 4714
4714 4715
4715 4716
4716 4717
4717 4718
4718 4719
4719 4720
4720 4721
4721 4722
4722 4723
4723 4724
4724 4725
4725 4726
4726 4727
4727 4728
4728 4729
4729 4730
4730 4731
4731 4732
4732 4733
4733 4734
4734 4735
4735 4736
4736 4737
4737 4738
4738 4739
4739 4740
4740 4741
4741 4742
4742 4743
1133 1134
1134 1135
1135 1136
1136 1137
1137 1138
1138 1139
1139 1140
1140 1141
1141 1142
1142 1143
1143 1144
1144 1145
1145 1146
1146 1147
1147 1148
1148 1149
1149 1150
1150 1151
1151 1152
1152 1153
1153 1154
1154 1155
1155 1156
1156 1157
1157 1158
1158 1159
1159 1160
1160 1161
1161 1162
1162 1163
1163 1164
1164 1165
1165 1166
1166 1167
1167 1168
1168 1169
1169 1170
1170 1171
1171 1172
1172 1173
1173 1174
1174 1175
1175 1176
1176 1177
1177 1178
1178 1179
1179 1180
1180 1181
1181 1182
1182 1183
1183 1184
1184 1185
1185 1186
1186 1187
1187 1188
1188 1189
1189 1190
1190 1191
1191 1192
1192 1193
5590 5591
5591 5592
5592 5593
5593 5594
5594 5595
5595 5596
5596 5597
5597 5598
5598 5599
5599 5600
5600 5601
5601 5602
5602 5603
5603 5604
7186 7187
7187 7188
7188 7189
7189 7190
7190 7191
6035 6036
6036 6037
6037 6038
6038 6039
6039 6040
6040 6041
6041 6042
6042 6043
6043 6044
6044 6045
6045 6046
6046 6047
6047 6048
6048 6049
6049 6050
6050 6051
6051 6052
6052 6053
6053 6054
6054 6055
6055 6056
6056 6057
6057 6058
6058 6059
6059 6060
6060 6061
6061 6062
6062 6063
6063 6064
6064 6065
6065 6066
6066 6067
6067 6068
6068 6069
6069 6070
6070 6071
6071 6072
6072 6073
6073 6074
6074 6075
6075 6076
6076 6077
6077 6078
6078 6079
6079 6080
6080 6081
6081 6082
6082 6083
7972 7973
7973 7974
7974 7975
7975 7976
7976 7977
7977 7978
7978 7979
5256 5257
5257 5258
5258 5259
5259 5260
5260 5261
5261 5262
5262 5263
5263 5264
5264 5265
9845 9846
9846 9847
9847 9848
9848 9849
9849 9850
9850 9851
9851 9852
9852 9853
9853 9854
9854 9855
9855 9856
9856 9857
9857 9858
9858 9859
9859 9860
9860 9861
9861 9862
9862 9863
9863 9864
9864 9865
9865 9866
9866 9867
9867 9868
9868 9869
9869 9870
9870 9871
9871 9872
9872 9873
9873 9874
9874 9875
9875 9876
9876 9877
9877 9878
9878 9879
9879 9880
9880 9881
9881 9882
8856 8857
8857 8858
8858 8859
8859 8860
8860 8861
8861 8862
8862 8863
8863 8864
8864 8865
8865 8866
8866 8867
8867 8868
8868 8869
8869 8870
8870 8871
8871 8872
8872 8873
8873 8874
8874 8875
8875 8876
8876 8877
8877 8878
3173 3174
3174 3175
3175 3176
3176 3177
3177 3178
3178 3179
3179 3180
3180 3181
3181 3182
3182 3183
3183 3184
3184 3185
3185 3186
3186 3187
3187 3188
3188 3189
3189 3190
3190 3191
3191 3192
3192 3193
3193 3194
3194 3195
3195 3196
3196 3197
3197 3198
3198 3199
3199 3200
3200 3201
3201 3202
3202 3203
3203 3204
3204 3205
3205 3206
3206 3207
3207 3208
3208 3209
3209 3210
3210 3211
3211 3212
3212 3213
3213 3214
3214 3215
3215 3216
3216 3217
3217 3218
3218 3219
3219 3220
3220 3221
6723 6724
6724 6725
6725 6726
6726 6727
8958 8959
8959 8960
8960 8961
8961 8962
8962 8963
8963 8964
8964 8965
6444 6445
6445 6446
6446 6447
6447 6448
6448 6449
6449 6450
6450 6451
6451 6452
6452 6453
6453 6454
6454 6455
6455 6456
6456 6457
6457 6458
6458 6459
6459 6460
6460 6461
6461 6462
6462 6463
6463 6464
6464 6465
6465 6466
6466 6467
6467 6468
6468 6469
6469 6470
6470 6471
5082 5083
5083 5084
7879 7880
7880 7881
6906 6907
6907 6908
6908 6909
6909 6910
6910 6911
6911 6912
6912 6913
6913 6914
6914 6915
6915 6916
6916 6917
6917 6918
6918 6919
6919 6920
6920 6921
6921 6922
6922 6923
6923 6924
6924 6925
6925 6926
6926 6927
6927 6928
6928 6929
6929 6930
6930 6931
6931 6932
6932 6933
6933 6934
6934 6935
6935 6936
6936 6937
6937 6938
6938 6939
6939 6940
6940 6941
6941 6942
6942 6943
6943 6944
6944 6945
6945 6946
6946 6947
6947 6948
6948 6949
6949 6950
6950 6951
6951 6952
6952 6953
6953 6954
6954 6955
6955 6956
628 629
629 630
630 631
631 632
632 633
633 634
634 635
635 636
636 637
637 638
638 639
639 640
640 641
641 642
642 643
643 644
644 645
645 646
646 647
647 648
648 649
649 650
650 651
651 652
652 653
653 654
654 655
655 656
656 657
3940 3941
3941 3942
3942 3943
3943 3944
3944 3945
3945 3946
3946 3947
3947 3948
3948 3949
3949 3950
3950 3951
6043 6044
6044 6045
6045 6046
6046 6047
6047 6048
6048 6049
6049 6050
6050 6051
6051 6052
6052 6053
6053 6054
6054 6055
6055 6056
6056 6057
6057 6058
5388 5389
5389 5390
5390 5391
5391 5392
5392 5393
5393 5394
6956 6957
6957 6958
6958 6959
6959 6960
6960 6961
6961 6962
6962 6963
6963 6964
6964 6965
6965 6966
1074 1075
1075 1076
1076 1077
1345 1346
1346 1347
1347 1348
1348 1349
1349 1350
1350 1351
1351 1352
1352 1353
1353 1354
1354 1355
1355 1356
1356 1357
8686 8687
8687 8688
8688 8689
8689 8690
8690 8691
8691 8692
8692 8693
8693 8694
8694 8695
8695 8696
8696 8697
8697 8698
8698 8699
8699 8700
8700 8701
8701 8702
8702 8703
8703 8704
8704 8705
8705 8706
8706 8707
8707 8708
8708 8709
8709 8710
8710 8711
8711 8712
8712 8713
8713 8714
8714 8715
8715 8716
8716 8717
8717 8718
8718 8719
8719 8720
128 129
129 130
130 131
131 132
132 133
133 134
134 135
135 136
136 137
137 138
138 139
139 140
140 141
141 142
142 143
143 144
144 145
145 146
146 147
147 148
148 149
149 150
150 151
151 152
152 153
153 154
6994 6995
6995 6996
9496 9497
9497 9498
9498 9499
9499 9500
9500 9501
9501 9502
9502 9503
9503 9504
8337 8338
7524 7525
7525 7526
7526 7527
7527 7528
7528 7529
7529 7530
7530 7531
7531 7532
7532 7533
7533 7534
7534 7535
7535 7536
7536 7537
7537 7538
7538 7539
7539 7540
7540 7541
7541 7542
7542 7543
7543 7544
7544 7545
7545 7546
7546 7547
7547 7548
7548 7549
7549 7550
7550 7551
7551 7552
7552 7553
7553 7554
7554 7555
7555 7556
7556 7557
7557 7558
7558 7559
7559 7560
7560 7561
7561 7562
7562 7563
7563 7564
7564 7565
7565 7566
7566 7567
6874 6875
9590 9591
9591 9592
9592 9593
9593 9594
9594 9595
9595 9596
9596 9597
9597 9598
9598 9599
9599 9600
9600 9601
9601 9602
9602 9603
9603 9604
9604 9605
9605 9606
9606 9607
9607 9608
9608 9609
3470 3471
3471 3472
3472 3473
3473 3474
3474 3475
3475 3476
3476 3477
3477 3478
3478 3479
3479 3480
3480 3481
3481 3482
3482 3483
3483 3484
3484 3485
3485 3486
3486 3487
3487 3488
3488 3489
3489 3490
3490 3491
3491 3492
3492 3493
3493 3494
3494 3495
3495 3496
3496 3497
3497 3498
3498 3499
3499 3500
3500 3501
3501 3502
3502 3503
3503 3504
3504 3505
3505 3506
3506 3507
3507 3508
3508 3509
3509 3510
3510 3511
3511 3512
3512 3513
3513 3514
3514 3515
3515 3516
3516 3517
3517 3518
3518 3519
3519 3520
3520 3521
3521 3522
3522 3523
3523 3524
3524 3525
3525 3526
3526 3527
3527 3528
463 464
464 465
465 466
466 467
467 468
2858 2859
2859 2860
2860 2861
2861 2862
2862 2863
2863 2864
2864 2865
2865 2866
1615 1616
1616 1617
1617 1618
1618 1619
1619 1620
1620 1621
1621 1622
1622 1623
1623 1624
1624 1625
1625 1626
1626 1627
1627 1628
1628 1629
1629 1630
1630 1631
1631 1632
1632 1633
1633 1634
1634 1635
1635 1636
1877 1878
5051 5052
5052 5053
5053 5054
5054 5055
5055 5056
5056 5057
5057 5058
9738 9739
9739 9740
9740 9741
9741 9742
9742 9743
9743 9744
9744 9745
9745 9746
9746 9747
9747 9748
9748 9749
9749 9750
9750 9751
9751 9752
9752 9753
9753 9754
7538 7539
7539 7540
7540 7541
7541 7542
7542 7543
7543 7544
7544 7545
7545 7546
7546 7547
7547 7548
7548 7549
7549 7550
7550 7551
7551 7552
7552 7553
7553 7554
7554 7555
7555 7556
7556 7557
7557 7558
7558 7559
7559 7560
7560 7561
7561 7562
7562 7563
7563 7564
7564 7565
7565 7566
7566 7567
7567 7568
7568 7569
7569 7570
7570 7571
7571 7572
7572 7573
7573 7574
7574 7575
7575 7576
7576 7577
7577 7578
7578 7579
7579 7580
7580 7581
7581 7582
7582 7583
7583 7584
7584 7585
7585 7586
7586 7587
7587 7588
7588 7589
7589 7590
7590 7591
7591 7592
7592 7593
7593 7594
7594 7595
7595 7596
7596 7597
7597 7598
7598 7599
7599 7600
7600 7601
7601 7602
7602 7603
7603 7604
7604 7605
7605 7606
7606 7607
7607 7608
7608 7609
7609 7610
7610 7611
7611 7612
7612 7613
7613 7614
7614 7615
7615 7616
7616 7617
7617 7618
2293 2294
2294 2295
2295 2296
2296 2297
2297 2298
2298 2299
2299 2300
2300 2301
2301 2302
2302 2303
2303 2304
2304 2305
2305 2306
2306 2307
2307 2308
2717 2718
2718 2719
2719 2720
2720 2721
2721 2722
2722 2723
2723 2724
2724 2725
2725 2726
2726 2727
2727 2728
2728 2729
2729 2730
2730 2731
2731 2732
2732 2733
2733 2734
2734 2735
2735 2736
2736 2737
2737 2738
2738 2739
2739 2740
2740 2741
2741 2742
2742 2743
2743 2744
2744 2745
2745 2746
2746 2747
2747 2748
2748 2749
2749 2750
2750 2751
2751 2752
2752 2753
2753 2754
2754 2755
3000 3001
3001 3002
3002 3003
3003 3004
3004 3005
3005 3006
3006 3007
3007 3008
3008 3009
3009 3010
3010 3011
3011 3012
3012 3013
3013 3014
3014 3015
3015 3016
3016 3017
3017 3018
8329 8330
8330 8331
8331 8332
8332 8333
8333 8334
8334 8335
8335 8336
8336 8337
8337 8338
8338 8339
8339 8340
8340 8341
8341 8342
8342 8343
8343 8344
8344 8345
8848 8849
8849 8850
8850 8851
5316 5317
3621 3622
3622 3623
3623 3624
3624 3625
3625 3626
3626 3627
3627 3628
3628 3629
3629 3630
3630 3631
3631 3632
2849 2850
2850 2851
2851 2852
2852 2853
2853 2854
2854 2855
2855 2856
2856 2857
2857 2858
2858 2859
6396 6397
6397 6398
6398 6399
3011 3012
3012 3013
3013 3014
3014 3015
3015 3016
3016 3017
3017 3018
3018 3019
3019 3020
3020 3021
3021 3022
3022 3023
3023 3024
3024 3025
3025 3026
3026 3027
3027 3028
3028 3029
3029 3030
3030 3031
3031 3032
3032 3033
3033 3034
3034 3035
3035 3036
3036 3037
3037 3038
3038 3039
3039 3040
3040 3041
3041 3042
5099 5100
5100 5101
5101 5102
5102 5103
5103 5104
5104 5105
5105 5106
5106 5107
5107 5108
5108 5109
5109 5110
5110 5111
5111 5112
3341 3342
3342 3343
3343 3344
3344 3345
3345 3346
3346 3347
3347 3348
9112 9113
9113 9114
9114 9115
9115 9116
9116 9117
9117 9118
9118 9119
8255 8256
8256 8257
8257 8258
8258 8259
8259 8260
8260 8261
8261 8262
8262 8263
8263 8264
8264 8265
8265 8266
8266 8267
8267 8268
8268 8269
8269 8270
8270 8271
8271 8272
8272 8273
8273 8274
8274 8275
8275 8276
8276 8277
8277 8278
8278 8279
8279 8280
8280 8281
8281 8282
8282 8283
8283 8284
8284 8285
8285 8286
8286 8287
8287 8288
8288 8289
8289 8290
8290 8291
8291 8292
8292 8293
8293 8294
8294 8295
8295 8296
8296 8297
8297 8298
8298 8299
8299 8300
8300 8301
8301 8302
6446 6447
6447 6448
6448 6449
6449 6450
6450 6451
6451 6452
6452 6453
6453 6454
6454 6455
6455 6456
6456 6457
6457 6458
6458 6459
6459 6460
6460 6461
6461 6462
6462 6463
6463 6464
6464 6465
6465 6466
6466 6467
5753 5754
5754 5755
5755 5756
5756 5757
5757 5758
5758 5759
5759 5760
5760 5761
5761 5762
5762 5763
5763 5764
5764 5765
5765 5766
5766 5767
5767 5768
5768 5769
5769 5770
5770 5771
5771 5772
5772 5773
5773 5774
5774 5775
5775 5776
5776 5777
5777 5778
5778 5779
5779 5780
2172 2173
2173 2174
2174 2175
9911 9912
9912 9913
9913 9914
9914 9915
9915 9916
9916 9917
9917 9918
9918 9919
9919 9920
9920 9921
9921 9922
9922 9923
9923 9924
9924 9925
9925 9926
9926 9927
9927 9928
9928 9929
9929 9930
9348 9349
9349 9350
9350 9351
9351 9352
9352 9353
9353 9354
9354 9355
9355 9356
6857 6858
6858 6859
6859 6860
6860 6861
6861 6862
6862 6863
6863 6864
6864 6865
6865 6866
6866 6867
6867 6868
6868 6869
6869 6870
6870 6871
1789 1790
563 564
564 565
565 566
566 567
567 568
568 569
569 570
570 571
571 572
572 573
573 574
574 575
575 576
576 577
577 578
6283 6284
6284 6285
6285 6286
6286 6287
6287 6288
6288 6289
6289 6290
6290 6291
6291 6292
6292 6293
8196 8197
8197 8198
8198 8199
8199 8200
8200 8201
8201 8202
8202 8203
8203 8204
8204 8205
8205 8206
8206 8207
8207 8208
1272 1273
1273 1274
1274 1275
1275 1276
1276 1277
1277 1278
1278 1279
1279 1280
1280 1281
1281 1282
1282 1283
1283 1284
1284 1285
1285 1286
1286 1287
1287 1288
1288 1289
1289 1290
9042 9043
9043 9044
9044 9045
9045 9046
9046 9047
9047 9048
9048 9049
9049 9050
9050 9051
9051 9052
9052 9053
9053 9054
9054 9055
9055 9056
9056 9057
9057 9058
9058 9059
9059 9060
9060 9061
9061 9062
9062 9063
9063 9064
9064 9065
9065 9066
9066 9067
9067 9068
9068 9069
9069 9070
9070 9071
9071 9072
9072 9073
9073 9074
9074 9075
9075 9076
9076 9077
9077 9078
9078 9079
9079 9080
9080 9081
9081 9082
9082 9083
9083 9084
9084 9085
9085 9086
9086 9087
9087 9088
9401 9402
9402 9403
9403 9404
9404 9405
9405 9406
9406 9407
9407 9408
9408 9409
9409 9410
9410 9411
9411 9412
9412 9413
9413 9414
9414 9415
9415 9416
9416 9417
9417 9418
9418 9419
9419 9420
9420 9421
9421 9422
9422 9423
9423 9424
9424 9425
9425 9426
9426 9427
9427 9428
9428 9429
9429 9430
3349 3350
3350 3351
3351 3352
3352 3353
3353 3354
3354 3355
3355 3356
3356 3357
3357 3358
3358 3359
3359 3360
3360 3361
3361 3362
3362 3363
3363 3364
3364 3365
3365 3366
3366 3367
3367 3368
3368 3369
8463 8464
8464 8465
8465 8466
8466 8467
8467 8468
8468 8469
8469 8470
8470 8471
8471 8472
8472 8473
8473 8474
8474 8475
8475 8476
8476 8477
8477 8478
4693 4694
4694 4695
4695 4696
4696 4697
4697 4698
4698 4699
4699 4700
4700 4701
4701 4702
4702 4703
4703 4704
4704 4705
4705 4706
4706 4707
4707 4708
4708 4709
4709 4710
4710 4711
4711 4712
4712 4713
4713 4714
4714 4715
4715 4716
4716 4717
4717 4718
4718 4719
4719 4720
4720 4721
4721 4722
4722 4723
4723 4724
4724 4725
4725 4726
4726 4727
4727 4728
4728 4729
4729 4730
4730 4731
4731 4732
4732 4733
4733 4734
4734 4735
4735 4736
4736 4737
4737 4738
4738 4739
4739 4740
4740 4741
1167 1168
1168 1169
1169 1170
1170 1171
1171 1172
1172 1173
1173 1174
1174 1175
1175 1176
1176 1177
1177 1178
1178 1179
1179 1180
1180 1181
1181 1182
1182 1183
1183 1184
1184 1185
1185 1186
1186 1187
1187 1188
1188 1189
1189 1190
1190 1191
5204 5205
5205 5206
5206 5207
5207 5208
5208 5209
5209 5210
5210 5211
5211 5212
5212 5213
5213 5214
9330 9331
9331 9332
9332 9333
9333 9334
9334 9335
9335 9336
9336 9337
9337 9338
9338 9339
9339 9340
9340 9341
9341 9342
9342 9343
9343 9344
9344 9345
9345 9346
9346 9347
9347 9348
9348 9349
9349 9350
9350 9351
9351 9352
9352 9353
9353 9354
9354 9355
9355 9356
9356 9357
9357 9358
9358 9359
9359 9360
9360 9361
9361 9362
9362 9363
9363 9364
9364 9365
9365 9366
9366 9367
9367 9368
9368 9369
9369 9370
9370 9371
9371 9372
9372 9373
9373 9374
9374 9375
9375 9376
9376 9377
9377 9378
9378 9379
9379 9380
9380 9381
9381 9382
9382 9383
9383 9384
9384 9385
9385 9386
9386 9387
9387 9388
9388 9389
9389 9390
9390 9391
9391 9392
9392 9393
9393 9394
9394 9395
9395 9396
9396 9397
9397 9398
9398 9399
9399 9400
9400 9401
9401 9402
9402 9403
9403 9404
9404 9405
9405 9406
9406 9407
9407 9408
9408 9409
9409 9410
9410 9411
9411 9412
9412 9413
9413 9414
9414 9415
9415 9416
9416 9417
9417 9418
9418 9419
9419 9420
9420 9421
9421 9422
9422 9423
9423 9424
9424 9425
9425 9426
9426 9427
9427 9428
9428 9429
9429 9430
9430 9431
8259 8260
8260 8261
8261 8262
8262 8263
8263 8264
8264 8265
3522 3523
3523 3524
3524 3525
3525 3526
6920 6921
6921 6922
6922 6923
6923 6924
6924 6925
6925 6926
6926 6927
6927 6928
6445 6446
6446 6447
6447 6448
6448 6449
6449 6450
6450 6451
6451 6452
6452 6453
6453 6454
6454 6455
6455 6456
6456 6457
6457 6458
6458 6459
6459 6460
6460 6461
6461 6462
6462 6463
6463 6464
7158 7159
7159 7160
7160 7161
7161 7162
7162 7163
7163 7164
7164 7165
7165 7166
7166 7167
7167 7168
7168 7169
7169 7170
7170 7171
7171 7172
7172 7173
6639 6640
6640 6641
6641 6642
6642 6643
6643 6644
6644 6645
6645 6646
6646 6647
6647 6648
6648 6649
6649 6650
6650 6651
6651 6652
6652 6653
6653 6654
6654 6655
6655 6656
6656 6657
563 564
564 565
565 566
566 567
1080 1081
1081 1082
3021 3022
3022 3023
3023 3024
3024 3025
3025 3026
3026 3027
3027 3028
3028 3029
3029 3030
3030 3031
3031 3032
3032 3033
3033 3034
3034 3035
3035 3036
3036 3037
3037 3038
3038 3039
3039 3040
3040 3041
3041 3042
3042 3043
3043 3044
3044 3045
3045 3046
3046 3047
3047 3048
3048 3049
3049 3050
3050 3051
3051 3052
3052 3053
3053 3054
3054 3055
3055 3056
3056 3057
8289 8290
8290 8291
8291 8292
8292 8293
8293 8294
8294 8295
8295 8296
8296 8297
8297 8298
8298 8299
8299 8300
8300 8301
8301 8302
8302 8303
8303 8304
8304 8305
8305 8306
8306 8307
8307 8308
8308 8309
8309 8310
8310 8311
8311 8312
8312 8313
8313 8314
8314 8315
8315 8316
8316 8317
7004 7005
7005 7006
7006 7007
7007 7008
8233 8234
8234 8235
8235 8236
8236 8237
8237 8238
8238 8239
8239 8240
8240 8241
8241 8242
8242 8243
8243 8244
8244 8245
8245 8246
8246 8247
8247 8248
8248 8249
8249 8250
8250 8251
8251 8252
8252 8253
8253 8254
8254 8255
8255 8256
8256 8257
8257 8258
8258 8259
8964 8965
8965 8966
8966 8967
8967 8968
8968 8969
8969 8970
8970 8971
8971 8972
8972 8973
8973 8974
8974 8975
8975 8976
8976 8977
8977 8978
8978 8979
8979 8980
8980 8981
8981 8982
8982 8983
8983 8984
8984 8985
8985 8986
8986 8987
8987 8988
8988 8989
8989 8990
8990 8991
8991 8992
8992 8993
8993 8994
8994 8995
8995 8996
2725 2726
2726 2727
2727 2728
2728 2729
2729 2730
2730 2731
2731 2732
2732 2733
2733 2734
2734 2735
2735 2736
2736 2737
7430 7431
7431 7432
7432 7433
7433 7434
7434 7435
7435 7436
7436 7437
7437 7438
7438 7439
7439 7440
7440 7441
7441 7442
7442 7443
7443 7444
7444 7445
7445 7446
7446 7447
7447 7448
7448 7449
7449 7450
7450 7451
7451 7452
7452 7453
7453 7454
402 403
403 404
404 405
405 406
406 407
407 408
408 409
409 410
410 411
411 412
412 413
413 414
414 415
415 416
416 417
417 418
418 419
419 420
420 421
421 422
422 423
423 424
424 425
425 426
426 427
427 428
428 429
429 430
430 431
431 432
432 433
433 434
434 435
435 436
436 437
437 438
438 439
439 440
440 441
441 442
442 443
443 444
444 445
445 446
446 447
447 448
448 449
449 450
450 451
451 452
452 453
453 454
454 455
455 456
456 457
457 458
458 459
459 460
2712 2713
4506 4507
4507 4508
4508 4509
4509 4510
4510 4511
5827 5828
5828 5829
5829 5830
5830 5831
5831 5832
5832 5833
5833 5834
5834 5835
5835 5836
5836 5837
5837 5838
5838 5839
5839 5840
5840 5841
5841 5842
7678 7679
7679 7680
7680 7681
2346 2347
2347 2348
2348 2349
2349 2350
2350 2351
2351 2352
2352 2353
2353 2354
2354 2355
2002 2003
2003 2004
2004 2005
2005 2006
2006 2007
2007 2008
2008 2009
2009 2010
2010 2011
2011 2012
2012 2013
2013 2014
2014 2015
2015 2016
2016 2017
2017 2018
2018 2019
2019 2020
2020 2021
2021 2022
2022 2023
2023 2024
2024 2025
2025 2026
2026 2027
2027 2028
2028 2029
2029 2030
2030 2031
2031 2032
2032 2033
2033 2034
2034 2035
2035 2036
2036 2037
2037 2038
2038 2039
2039 2040
2040 2041
2041 2042
2042 2043
2043 2044
2044 2045
2045 2046
2046 2047
2047 2048
2048 2049
2049 2050
2050 2051
2051 2052
2052 2053
2053 2054
2054 2055
2055 2056
2056 2057
2057 2058
3635 3636
3636 3637
3637 3638
3638 3639
3639 3640
3640 3641
3641 3642
3642 3643
3643 3644
3644 3645
3645 3646
3646 3647
3647 3648
3648 3649
3649 3650
3650 3651
3651 3652
3652 3653
3653 3654
3654 3655
3655 3656
3656 3657
3657 3658
3658 3659
3659 3660
3660 3661
3661 3662
3662 3663
3663 3664
3664 3665
3665 3666
3666 3667
3667 3668
3668 3669
3669 3670
3670 3671
3671 3672
3672 3673
3673 3674
3674 3675
3675 3676
3676 3677
3677 3678
3678 3679
3679 3680
3680 3681
3681 3682
3682 3683
3683 3684
3684 3685
3685 3686
3686 3687
3687 3688
3688 3689
3689 3690
3690 3691
9656 9657
9657 9658
9658 9659
9659 9660
9660 9661
9661 9662
9662 9663
9663 9664
9664 9665
9665 9666
9666 9667
9667 9668
9668 9669
9669 9670
9670 9671
9671 9672
9672 9673
9673 9674
9674 9675
9675 9676
9676 9677
9677 9678
9678 9679
9679 9680
9680 9681
9681 9682
9682 9683
9683 9684
9684 9685
9685 9686
9686 9687
9687 9688
9688 9689
9689 9690
9690 9691
9691 9692
9692 9693
9693 9694
9694 9695
9695 9696
9696 9697
9697 9698
9698 9699
9699 9700
9700 9701
9701 9702
9702 9703
9703 9704
9704 9705
9705 9706
8608 8609
8609 8610
8610 8611
8611 8612
8612 8613
8613 8614
8614 8615
8615 8616
8616 8617
8617 8618
8618 8619
8619 8620
8620 8621
4492 4493
4493 4494
4494 4495
4495 4496
4496 4497
4497 4498
4498 4499
4499 4500
4500 4501
4501 4502
4502 4503
4503 4504
4944 4945
4945 4946
4946 4947
4947 4948
4948 4949
4949 4950
4950 4951
4951 4952
4952 4953
4953 4954
4954 4955
4955 4956
4956 4957
4957 4958
4958 4959
4959 4960
4960 4961
4961 4962
4962 4963
4963 4964
4964 4965
4965 4966
4966 4967
4967 4968
4968 4969
4969 4970
4970 4971
4971 4972
4972 4973
4973 4974
4974 4975
4975 4976
4976 4977
4977 4978
4978 4979
4979 4980
4980 4981
4981 4982
4982 4983
4983 4984
4984 4985
4985 4986
4986 4987
4987 4988
4988 4989
4989 4990
4990 4991
4991 4992
4992 4993
4993 4994
4994 4995
4995 4996
4996 4997
4997 4998
4998 4999
4999 5000
5000 5001
5001 5002
5002 5003
5003 5004
9425 9426
9426 9427
9427 9428
9428 9429
9429 9430
9430 9431
9431 9432
9432 9433
9433 9434
9434 9435
9435 9436
9436 9437
9437 9438
9438 9439
9439 9440
9440 9441
9851 9852
9852 9853
9853 9854
9854 9855
9855 9856
9856 9857
9857 9858
9858 9859
9859 9860
9860 9861
9861 9862
9862 9863
9863 9864
9864 9865
9865 9866
9866 9867
9867 9868
9868 9869
9869 9870
9870 9871
4231 4232
4232 4233
4233 4234
4234 4235
1173 1174
1174 1175
1175 1176
1176 1177
1177 1178
1178 1179
1179 1180
1180 1181
1181 1182
1182 1183
1183 1184
1184 1185
1185 1186
1186 1187
1187 1188
1188 1189
1189 1190
1190 1191
1191 1192
1192 1193
1193 1194
1194 1195
1195 1196
1196 1197
1197 1198
1198 1199
1199 1200
1200 1201
1201 1202
1202 1203
1203 1204
1204 1205
1205 1206
1206 1207
1207 1208
1208 1209
1209 1210
1210 1211
1211 1212
1212 1213
1213 1214
1214 1215
1215 1216
1216 1217
1217 1218
1218 1219
1219 1220
1220 1221
1221 1222
1222 1223
1223 1224
1224 1225
1225 1226
1226 1227
1227 1228
1228 1229
1229 1230
1230 1231
1231 1232
1232 1233
1233 1234
1234 1235
1235 1236
1236 1237
1237 1238
1238 1239
1239 1240
1240 1241
1241 1242
1242 1243
1243 1244
1244 1245
1245 1246
1246 1247
1247 1248
1248 1249
1249 1250
1250 1251
1251 1252
1252 1253
1253 1254
1254 1255
1255 1256
1256 1257
1257 1258
1258 1259
1259 1260
1260 1261
1261 1262
1262 1263
1263 1264
1264 1265
1265 1266
1266 1267
1267 1268
1268 1269
1269 1270
1270 1271
1271 1272
1272 1273
1273 1274
1274 1275
1275 1276
1276 1277
1277 1278
1278 1279
5148 5149
5149 5150
5150 5151
5151 5152
5152 5153
5153 5154
5154 5155
5155 5156
5156 5157
5157 5158
5158 5159
5159 5160
5160 5161
5161 5162
5162 5163
5163 5164
5164 5165
5165 5166
5166 5167
9858 9859
9859 9860
9860 9861
9861 9862
9862 9863
9863 9864
9864 9865
9865 9866
9866 9867
9867 9868
9868 9869
9869 9870
9870 9871
9871 9872
9872 9873
9873 9874
9874 9875
9875 9876
9018 9019
9019 9020
9020 9021
9021 9022
9022 9023
9023 9024
9024 9025
9025 9026
9026 9027
9027 9028
9028 9029
9029 9030
9030 9031
9031 9032
9032 9033
9033 9034
9034 9035
9035 9036
8621 8622
8622 8623
8623 8624
8624 8625
8625 8626
8626 8627
8627 8628
8628 8629
8629 8630
8630 8631
8631 8632
8632 8633
8633 8634
8634 8635
8635 8636
8636 8637
8637 8638
8638 8639
8639 8640
8640 8641
8641 8642
8642 8643
8643 8644
8644 8645
8645 8646
8646 8647
8647 8648
8648 8649
8649 8650
8650 8651
8651 8652
8652 8653
8653 8654
8654 8655
8655 8656
8656 8657
8657 8658
8658 8659
8659 8660
8660 8661
8661 8662
8662 8663
8663 8664
8664 8665
8665 8666
8666 8667
8667 8668
8668 8669
8669 8670
8670 8671
8671 8672
8672 8673
8673 8674
8674 8675
8675 8676
8676 8677
3767 3768
3768 3769
3769 3770
3770 3771
3771 3772
3772 3773
3773 3774
3774 3775
3775 3776
3776 3777
3777 3778
3778 3779
3779 3780
3780 3781
3781 3782
3782 3783
3783 3784
3784 3785
3785 3786
3786 3787
3787 3788
3788 3789
3789 3790
3790 3791
3791 3792
3792 3793
3793 3794
3794 3795
3795 3796
3796 3797
3797 3798
186 187
187 188
188 189
189 190
190 191
191 192
192 193
193 194
194 195
195 196
196 197
197 198
2666 2667
2667 2668
2668 2669
2669 2670
2670 2671
2671 2672
2672 2673
2673 2674
2674 2675
8877 8878
8878 8879
8879 8880
8880 8881
8881 8882
8882 8883
8883 8884
8884 8885
8885 8886
8886 8887
8887 8888
8888 8889
8889 8890
8890 8891
6711 6712
6712 6713
6713 6714
6714 6715
6715 6716
6716 6717
6717 6718
1476 1477
1477 1478
1478 1479
1479 1480
1480 1481
1481 1482
1482 1483
1483 1484
1484 1485
1485 1486
1486 1487
1487 1488
1488 1489
1489 1490
1490 1491
1491 1492
1492 1493
1493 1494
1494 1495
1495 1496
1496 1497
1497 1498
1498 1499
1499 1500
1500 1501
1501 1502
1502 1503
1503 1504
5903 5904
5904 5905
5905 5906
5906 5907
5907 5908
5908 5909
5909 5910
5910 5911
5911 5912
5912 5913
5913 5914
5914 5915
5915 5916
5916 5917
5917 5918
5918 5919
5919 5920
5920 5921
5921 5922
5922 5923
5923 5924
5924 5925
5925 5926
5926 5927
5927 5928
5928 5929
5929 5930
5930 5931
5931 5932
5932 5933
5933 5934
5934 5935
5935 5936
5936 5937
5937 5938
5938 5939
5939 5940
5940 5941
5941 5942
5942 5943
5943 5944
5944 5945
5945 5946
5946 5947
5947 5948
5948 5949
5949 5950
5950 5951
5951 5952
5952 5953
5953 5954
5954 5955
5955 5956
5956 5957
5957 5958
5958 5959
5959 5960
5960 5961
5961 5962
5962 5963
5963 5964
5964 5965
5965 5966
5966 5967
5967 5968
5968 5969
5969 5970
5970 5971
5971 5972
5972 5973
5973 5974
5974 5975
5975 5976
5976 5977
5977 5978
5978 5979
5979 5980
5980 5981
5981 5982
5982 5983
5983 5984
8939 8940
8940 8941
8941 8942
8942 8943
8943 8944
8944 8945
8945 8946
8946 8947
8947 8948
8948 8949
8949 8950
8950 8951
8951 8952
8952 8953
8953 8954
8954 8955
8955 8956
8956 8957
8957 8958
8958 8959
8959 8960
8960 8961
8961 8962
8962 8963
8963 8964
8964 8965
8965 8966
3258 3259
3259 3260
3260 3261
3261 3262
3262 3263
3263 3264
5459 5460
5460 5461
5461 5462
5462 5463
5463 5464
5464 5465
5465 5466
5466 5467
5467 5468
5468 5469
5469 5470
5470 5471
5471 5472
5472 5473
5473 5474
5474 5475
5475 5476
5476 5477
5477 5478
5478 5479
5479 5480
5480 5481
5481 5482
5482 5483
5483 5484
5484 5485
5485 5486
5486 5487
5487 5488
5488 5489
5489 5490
5490 5491
5491 5492
5492 5493
5493 5494
5494 5495
5495 5496
5496 5497
5497 5498
5498 5499
5499 5500
5500 5501
5501 5502
5502 5503
5503 5504
5504 5505
5505 5506
5506 5507
5507 5508
5508 5509
5509 5510
5510 5511
5511 5512
5512 5513
8510 8511
8511 8512
8512 8513
8513 8514
8514 8515
8515 8516
8516 8517
8517 8518
8518 8519
8519 8520
8520 8521
8521 8522
8522 8523
8523 8524
1516 1517
1517 1518
1518 1519
1519 1520
1520 1521
1521 1522
1522 1523
1523 1524
1524 1525
1525 1526
1526 1527
1527 1528
1528 1529
1529 1530
1530 1531
1531 1532
1532 1533
1533 1534
1534 1535
1535 1536
1536 1537
1537 1538
1538 1539
1539 1540
1540 1541
1541 1542
1542 1543
1543 1544
4273 4274
4274 4275
4275 4276
4276 4277
4277 4278
4278 4279
4279 4280
4280 4281
4281 4282
4282 4283
4283 4284
4284 4285
6812 6813
6813 6814
6814 6815
6815 6816
6816 6817
9135 9136
9136 9137
9137 9138
9138 9139
9139 9140
9140 9141
3128 3129
3129 3130
3130 3131
3131 3132
3132 3133
3133 3134
3134 3135
3135 3136
3136 3137
3137 3138
3138 3139
3139 3140
3140 3141
3141 3142
3142 3143
3143 3144
3144 3145
3145 3146
3146 3147
3147 3148
3148 3149
3149 3150
3150 3151
3151 3152
3152 3153
3153 3154
3154 3155
3155 3156
3156 3157
3157 3158
3158 3159
3159 3160
3160 3161
3161 3162
3162 3163
3163 3164
7768 7769
7769 7770
7770 7771
7771 7772
7772 7773
7773 7774
7774 7775
7775 7776
7776 7777
7777 7778
7778 7779
7779 7780
7780 7781
7781 7782
7782 7783
7783 7784
7784 7785
7785 7786
7786 7787
7787 7788
7788 7789
7789 7790
7790 7791
7791 7792
7792 7793
7793 7794
7794 7795
7795 7796
7796 7797
7797 7798
7798 7799
7799 7800
7800 7801
7801 7802
7802 7803
7803 7804
7804 7805
7805 7806
7806 7807
7807 7808
7808 7809
7809 7810
7810 7811
7811 7812
7812 7813
7813 7814
7814 7815
7815 7816
7816 7817
7817 7818
7818 7819
7819 7820
7820 7821
7821 7822
7822 7823
7823 7824
7824 7825
7825 7826
7826 7827
7827 7828
7828 7829
7829 7830
7830 7831
7831 7832
7832 7833
7833 7834
7834 7835
7835 7836
7836 7837
7837 7838
7838 7839
7839 7840
7840 7841
7841 7842
7842 7843
7843 7844
7844 7845
7845 7846
7846 7847
7847 7848
7848 7849
7849 7850
7850 7851
7851 7852
7852 7853
7853 7854
7854 7855
7855 7856
7856 7857
7857 7858
7858 7859
7859 7860
7860 7861
7861 7862
7862 7863
7863 7864
7864 7865
7865 7866
7866 7867
7867 7868
7868 7869
7869 7870
7870 7871
7871 7872
7872 7873
7873 7874
7874 7875
7875 7876
7876 7877
7877 7878
7878 7879
7879 7880
7880 7881
7881 7882
7882 7883
7883 7884
7884 7885
7885 7886
7886 7887
7887 7888
7888 7889
7889 7890
7890 7891
7891 7892
7892 7893
7893 7894
7894 7895
7895 7896
7896 7897
7897 7898
7898 7899
7899 7900
7900 7901
7901 7902
7902 7903
7903 7904
7904 7905
7905 7906
7906 7907
7907 7908
7908 7909
7909 7910
7910 7911
9187 9188
9188 9189
9189 9190
9190 9191
9191 9192
9192 9193
9193 9194
9194 9195
9195 9196
9196 9197
9197 9198
9198 9199
9199 9200
9200 9201
9201 9202
9202 9203
9203 9204
9204 9205
9205 9206
9206 9207
9207 9208
9208 9209
9209 9210
9210 9211
9211 9212
9212 9213
9213 9214
9214 9215
9215 9216
9216 9217
9217 9218
9218 9219
9219 9220
9220 9221
9221 9222
9222 9223
9223 9224
9224 9225
9225 9226
9226 9227
9227 9228
9228 9229
9229 9230
9230 9231
9231 9232
9232 9233
2860 2861
2861 2862
2862 2863
2863 2864
2864 2865
8552 8553
8553 8554
8554 8555
8555 8556
8556 8557
8557 8558
8558 8559
8559 8560
8560 8561
9473 9474
9474 9475
9475 9476
9476 9477
9477 9478
9478 9479
9479 9480
9480 9481
9481 9482
9482 9483
9483 9484
9484 9485
9485 9486
9486 9487
9487 9488
9488 9489
9489 9490
9490 9491
9491 9492
9492 9493
9493 9494
9494 9495
9495 9496
9496 9497
9497 9498
9498 9499
9499 9500
9500 9501
9501 9502
9502 9503
9503 9504
9504 9505
9505 9506
9506 9507
9507 9508
9508 9509
9509 9510
9510 9511
9511 9512
9512 9513
9513 9514
9514 9515
9515 9516
9516 9517
9517 9518
9518 9519
9519 9520
9520 9521
9521 9522
9522 9523
9523 9524
9524 9525
7866 7867
7867 7868
7868 7869
7869 7870
7870 7871
7871 7872
7872 7873
7873 7874
7874 7875
7875 7876
7876 7877
7877 7878
7878 7879
7879 7880
7880 7881
7881 7882
7882 7883
7883 7884
7884 7885
7885 7886
7886 7887
7887 7888
7888 7889
7889 7890
7890 7891
7891 7892
7892 7893
7893 7894
7894 7895
7895 7896
7896 7897
7897 7898
7898 7899
7899 7900
7900 7901
7901 7902
7902 7903
7903 7904
6382 6383
1612 1613
1613 1614
1614 1615
1615 1616
1616 1617
1617 1618
1618 1619
1619 1620
1620 1621
1621 1622
1622 1623
1623 1624
1624 1625
1625 1626
1626 1627
1627 1628
1628 1629
1629 1630
1630 1631
1631 1632
1632 1633
1633 1634
1634 1635
1635 1636
1636 1637
1637 1638
1638 1639
1639 1640
1640 1641
1641 1642
1642 1643
1643 1644
1644 1645
1645 1646
1646 1647
1647 1648
1648 1649
1649 1650
1650 1651
1651 1652
1652 1653
1653 1654
1654 1655
1655 1656
1656 1657
1657 1658
1658 1659
1659 1660
1660 1661
1661 1662
1662 1663
1663 1664
1664 1665
1665 1666
1666 1667
1667 1668
5908 5909
5909 5910
5910 5911
5911 5912
5912 5913
5913 5914
5914 5915
5915 5916
5916 5917
5917 5918
5918 5919
5919 5920
5920 5921
5921 5922
5922 5923
5923 5924
5924 5925
5677 5678
5678 5679
5679 5680
5680 5681
5681 5682
5682 5683
5683 5684
5684 5685
5685 5686
5686 5687
5687 5688
5688 5689
5689 5690
5690 5691
5691 5692
5692 5693
5693 5694
5694 5695
5695 5696
5696 5697
5697 5698
5698 5699
5699 5700
5700 5701
5701 5702
5702 5703
5703 5704
5704 5705
5705 5706
5706 5707
5707 5708
5708 5709
5709 5710
5710 5711
5711 5712
5712 5713
5713 5714
5714 5715
5715 5716
5716 5717
5717 5718
5718 5719
5719 5720
5720 5721
5721 5722
5722 5723
5723 5724
5724 5725
5725 5726
5726 5727
5727 5728
5728 5729
5729 5730
5730 5731
5731 5732
5732 5733
5733 5734
5734 5735
5735 5736
5736 5737
5737 5738
5738 5739
5739 5740
5740 5741
5741 5742
5742 5743
2001 2002
2002 2003
2003 2004
2004 2005
2005 2006
2006 2007
2007 2008
2008 2009
2009 2010
2010 2011
2011 2012
2012 2013
2013 2014
2014 2015
2015 2016
2016 2017
2017 2018
2018 2019
2019 2020
2020 2021
2021 2022
2022 2023
2023 2024
2024 2025
2025 2026
2026 2027
2027 2028
2028 2029
2029 2030
2030 2031
2031 2032
2032 2033
2033 2034
2034 2035
2035 2036
2036 2037
2037 2038
2038 2039
2039 2040
2040 2041
2041 2042
8057 8058
8058 8059
8059 8060
8060 8061
8061 8062
8062 8063
8063 8064
8064 8065
8065 8066
8066 8067
8067 8068
8068 8069
1568 1569
1569 1570
1570 1571
1571 1572
1572 1573
1573 1574
1574 1575
1575 1576
1576 1577
1577 1578
1578 1579
1579 1580
1580 1581
1581 1582
1582 1583
1583 1584
1584 1585
1585 1586
1586 1587
1587 1588
1588 1589
1589 1590
1590 1591
1591 1592
1592 1593
1593 1594
1594 1595
1595 1596
1596 1597
1597 1598
1598 1599
1599 1600
1600 1601
1601 1602
1661 1662
1662 1663
1663 1664
1664 1665
1665 1666
1666 1667
1667 1668
1668 1669
14 15
15 16
16 17
17 18
18 19
19 20
1626 1627
1627 1628
1628 1629
1629 1630
8714 8715
8715 8716
8716 8717
8717 8718
8718 8719
8719 8720
8720 8721
8721 8722
8722 8723
8723 8724
8724 8725
8725 8726
8726 8727
8727 8728
8728 8729
8729 8730
8730 8731
8731 8732
8732 8733
8733 8734
8734 8735
8735 8736
8736 8737
8737 8738
8738 8739
8739 8740
8740 8741
8741 8742
8742 8743
8743 8744
8744 8745
8745 8746
8746 8747
8747 8748
8748 8749
8749 8750
8750 8751
8751 8752
6339 6340
6340 6341
6341 6342
6342 6343
6343 6344
6344 6345
6345 6346
6346 6347
6347 6348
6348 6349
6349 6350
6350 6351
6351 6352
6352 6353
6353 6354
6354 6355
6355 6356
2872 2873
2873 2874
2874 2875
2875 2876
2876 2877
2877 2878
2878 2879
2879 2880
2880 2881
2881 2882
2882 2883
2883 2884
2884 2885
2885 2886
2886 2887
2887 2888
2888 2889
2889 2890
2890 2891
2891 2892
2892 2893
2893 2894
2894 2895
2895 2896
2896 2897
2897 2898
2898 2899
2899 2900
2900 2901
2901 2902
2902 2903
2903 2904
2904 2905
2905 2906
2906 2907
3148 3149
3149 3150
3150 3151
3151 3152
3152 3153
3153 3154
3154 3155
3155 3156
3156 3157
8637 8638
8638 8639
8639 8640
8640 8641
8641 8642
8642 8643
8643 8644
8644 8645
8645 8646
860 861
861 862
862 863
863 864
864 865
865 866
866 867
867 868
868 869
869 870
870 871
871 872
872 873
873 874
874 875
875 876
876 877
877 878
878 879
879 880
880 881
881 882
882 883
883 884
884 885
885 886
886 887
887 888
888 889
889 890
890 891
891 892
892 893
7791 7792
7792 7793
7793 7794
7794 7795
7795 7796
7796 7797
7797 7798
7798 7799
6291 6292
6292 6293
6293 6294
6294 6295
6295 6296
6296 6297
1474 1475
1475 1476
1476 1477
1477 1478
1478 1479
1479 1480
1480 1481
7472 7473
7473 7474
7474 7475
7475 7476
7476 7477
7477 7478
7478 7479
7479 7480
3965 3966
3966 3967
3967 3968
3968 3969
3969 3970
3970 3971
3971 3972
3972 3973
3973 3974
1209 1210
1210 1211
1211 1212
1212 1213
1213 1214
1214 1215
1215 1216
1216 1217
1217 1218
1218 1219
1219 1220
1220 1221
3891 3892
3892 3893
3893 3894
3894 3895
3895 3896
3896 3897
3897 3898
3898 3899
3899 3900
3900 3901
3901 3902
3902 3903
3903 3904
3904 3905
3905 3906
3906 3907
3907 3908
3908 3909
3909 3910
3910 3911
3911 3912
3912 3913
3913 3914
3914 3915
9742 9743
9743 9744
9744 9745
9745 9746
9746 9747
9747 9748
9748 9749
9749 9750
9750 9751
9751 9752
9752 9753
9753 9754
9754 9755
9755 9756
9756 9757
9757 9758
9758 9759
9759 9760
9760 9761
9761 9762
9762 9763
9763 9764
9764 9765
9765 9766
9766 9767
9767 9768
9768 9769
9769 9770
9770 9771
9771 9772
9772 9773
9773 9774
9774 9775
9775 9776
9776 9777
9777 9778
9778 9779
9779 9780
9780 9781
9781 9782
9782 9783
9783 9784
9784 9785
9785 9786
7479 7480
7480 7481
7481 7482
4167 4168
4168 4169
4169 4170
4170 4171
4171 4172
4172 4173
4173 4174
4174 4175
4175 4176
4176 4177
4177 4178
4178 4179
4179 4180
4180 4181
4181 4182
4182 4183
4183 4184
4184 4185
4185 4186
4186 4187
4187 4188
4188 4189
4189 4190
4190 4191
4191 4192
4192 4193
4193 4194
4194 4195
4195 4196
4196 4197
4197 4198
4198 4199
4199 4200
4200 4201
4201 4202
4202 4203
4203 4204
4204 4205
4205 4206
4206 4207
4207 4208
4208 4209
4209 4210
4210 4211
4211 4212
4212 4213
4213 4214
4214 4215
4215 4216
4216 4217
4217 4218
4218 4219
4219 4220
4220 4221
4221 4222
4222 4223
4223 4224
4224 4225
4225 4226
168 169
169 170
170 171
171 172
172 173
173 174
174 175
175 176
176 177
177 178
8874 8875
8875 8876
8876 8877
8877 8878
8878 8879
8879 8880
8880 8881
8881 8882
8882 8883
4948 4949
4949 4950
4950 4951
4951 4952
4952 4953
4953 4954
4954 4955
4955 4956
4956 4957
4957 4958
4958 4959
4959 4960
4960 4961
4961 4962
4962 4963
4963 4964
4964 4965
7028 7029
7029 7030
7030 7031
7031 7032
7032 7033
7033 7034
5965 5966
5966 5967
5967 5968
5968 5969
5969 5970
5970 5971
5971 5972
5972 5973
5973 5974
5974 5975
5975 5976
5976 5977
5977 5978
5978 5979
5979 5980
5980 5981
5981 5982
5982 5983
5983 5984
5984 5985
5985 5986
5986 5987
5987 5988
5988 5989
5989 5990
5990 5991
5991 5992
5992 5993
5993 5994
5994 5995
3855 3856
3856 3857
3857 3858
3858 3859
3859 3860
3860 3861
3861 3862
3862 3863
3863 3864
327 328
328 329
329 330
330 331
331 332
332 333
333 334
334 335
335 336
336 337
337 338
338 339
339 340
340 341
341 342
342 343
343 344
344 345
345 346
346 347
347 348
348 349
349 350
350 351
351 352
352 353
353 354
354 355
355 356
356 357
357 358
358 359
359 360
360 361
361 362
362 363
363 364
364 365
9921 9922
9922 9923
2894 2895
2895 2896
2896 2897
2897 2898
2898 2899
2899 2900
2900 2901
2901 2902
2902 2903
2903 2904
2904 2905
2905 2906
2906 2907
2907 2908
2908 2909
5559 5560
5560 5561
5561 5562
5562 5563
5563 5564
5564 5565
5565 5566
5566 5567
5567 5568
5568 5569
5569 5570
5570 5571
5571 5572
5572 5573
5573 5574
5574 5575
5575 5576
5576 5577
5577 5578
5578 5579
5579 5580
5915 5916
5916 5917
5917 5918
5918 5919
5919 5920
5920 5921
5921 5922
5922 5923
5923 5924
5924 5925
5925 5926
5926 5927
5927 5928
5928 5929
4294 4295
4295 4296
4296 4297
4297 4298
4298 4299
4299 4300
4300 4301
4301 4302
4302 4303
4303 4304
4304 4305
4305 4306
204 205
205 206
206 207
207 208
208 209
1776 1777
1777 1778
1778 1779
1779 1780
1780 1781
1781 1782
1782 1783
1783 1784
1784 1785
1785 1786
1786 1787
1787 1788
1788 1789
1789 1790
1790 1791
1791 1792
1792 1793
1793 1794
1794 1795
1795 1796
1796 1797
1797 1798
1798 1799
1799 1800
1800 1801
1801 1802
1802 1803
1803 1804
1804 1805
1805 1806
1806 1807
1807 1808
1808 1809
1809 1810
1810 1811
1811 1812
1812 1813
1813 1814
1814 1815
1815 1816
1816 1817
1817 1818
1818 1819
1819 1820
1820 1821
1821 1822
1822 1823
1823 1824
1824 1825
1825 1826
1826 1827
1827 1828
1828 1829
1829 1830
2712 2713
2713 2714
2714 2715
2715 2716
2716 2717
2717 2718
2718 2719
2719 2720
2720 2721
2721 2722
2722 2723
2723 2724
2724 2725
522 523
523 524
524 525
525 526
526 527
527 528
528 529
529 530
530 531
531 532
532 533
533 534
534 535
535 536
536 537
537 538
538 539
539 540
540 541
541 542
542 543
543 544
544 545
545 546
546 547
547 548
548 549
549 550
550 551
551 552
552 553
553 554
554 555
555 556
556 557
557 558
2635 2636
2636 2637
2637 2638
2638 2639
2639 2640
2640 2641
2641 2642
2642 2643
2643 2644
2644 2645
2645 2646
2646 2647
2647 2648
2648 2649
2649 2650
2650 2651
2651 2652
2652 2653
2653 2654
2654 2655
2655 2656
2656 2657
2657 2658
5209 5210
5210 5211
5211 5212
5212 5213
5213 5214
5214 5215
5215 5216
5216 5217
5217 5218
5218 5219
5219 5220
5220 5221
5221 5222
5222 5223
5223 5224
5224 5225
5225 5226
5226 5227
5227 5228
5228 5229
5229 5230
5230 5231
5231 5232
5232 5233
5233 5234
5234 5235
5235 5236
5236 5237
5237 5238
5238 5239
5239 5240
5240 5241
5241 5242
5242 5243
5243 5244
5244 5245
5245 5246
5246 5247
5247 5248
5248 5249
5249 5250
5250 5251
5251 5252
5252 5253
5253 5254
5254 5255
5255 5256
5256 5257
5257 5258
5258 5259
5259 5260
5260 5261
5261 5262
3479 3480
3480 3481
3481 3482
3482 3483
3483 3484
3484 3485
3485 3486
3486 3487
5583 5584
5584 5585
5585 5586
5586 5587
5587 5588
5588 5589
5589 5590
5590 5591
5591 5592
5592 5593
5593 5594
5594 5595
5595 5596
5596 5597
5597 5598
5598 5599
5599 5600
5600 5601
5601 5602
5602 5603
5603 5604
5604 5605
5605 5606
5606 5607
5607 5608
5608 5609
5609 5610
5610 5611
5611 5612
5612 5613
5613 5614
5614 5615
2778 2779
2779 2780
2780 2781
2781 2782
2782 2783
2783 2784
2784 2785
2785 2786
8648 8649
8649 8650
8650 8651
8651 8652
8652 8653
8653 8654
8654 8655
8655 8656
8656 8657
8657 8658
8658 8659
8659 8660
8660 8661
8661 8662
8662 8663
8663 8664
8664 8665
8665 8666
8666 8667
7251 7252
7252 7253
7253 7254
7254 7255
5654 5655
5655 5656
5656 5657
5657 5658
1615 1616
1616 1617
1617 1618
1618 1619
1619 1620
1620 1621
1621 1622
1622 1623
1623 1624
7099 7100
7100 7101
7101 7102
7102 7103
7103 7104
7104 7105
7105 7106
7106 7107
7107 7108
7108 7109
7109 7110
7110 7111
7111 7112
7112 7113
2593 2594
2594 2595
2595 2596
2596 2597
2597 2598
2598 2599
2599 2600
2600 2601
2601 2602
2602 2603
2603 2604
2604 2605
2605 2606
2606 2607
2607 2608
2608 2609
2609 2610
2610 2611
2611 2612
2612 2613
2613 2614
2614 2615
2615 2616
2616 2617
2617 2618
2618 2619
2619 2620
2620 2621
2621 2622
2622 2623
2623 2624
2624 2625
2625 2626
2626 2627
2627 2628
2628 2629
2629 2630
2630 2631
2631 2632
2632 2633
2633 2634
2634 2635
2635 2636
2636 2637
2637 2638
2638 2639
2639 2640
2640 2641
2641 2642
2642 2643
2643 2644
2644 2645
2645 2646
2646 2647
2647 2648
2648 2649
2649 2650
2650 2651
2651 2652
2652 2653
2653 2654
2654 2655
7351 7352
7352 7353
7353 7354
7354 7355
7355 7356
7356 7357
7357 7358
7358 7359
3357 3358
9023 9024
9024 9025
9025 9026
9026 9027
9027 9028
9028 9029
9029 9030
9030 9031
9031 9032
9032 9033
9033 9034
9034 9035
9035 9036
9036 9037
9037 9038
9038 9039
9039 9040
9040 9041
9041 9042
9042 9043
9043 9044
9044 9045
9045 9046
9046 9047
9047 9048
9048 9049
9049 9050
9050 9051
9051 9052
9052 9053
9053 9054
9054 9055
9055 9056
9056 9057
9057 9058
9058 9059
9059 9060
9060 9061
9061 9062
9062 9063
9063 9064
9064 9065
9065 9066
9066 9067
307 308
308 309
309 310
310 311
311 312
312 313
313 314
314 315
315 316
316 317
317 318
318 319
319 320
320 321
321 322
322 323
323 324
324 325
325 326
326 327
327 328
328 329
329 330
330 331
331 332
332 333
333 334
334 335
335 336
336 337
337 338
338 339
339 340
340 341
341 342
342 343
343 344
344 345
345 346
346 347
347 348
348 349
349 350
350 351
351 352
352 353
353 354
354 355
355 356
356 357
357 358
358 359
359 360
360 361
361 362
362 363
363 364
364 365
365 366
366 367
367 368
368 369
369 370
5982 5983
5983 5984
5984 5985
5985 5986
5986 5987
5987 5988
5988 5989
5989 5990
5990 5991
5991 5992
5992 5993
5993 5994
5994 5995
5995 5996
5996 5997
5997 5998
5998 5999
5999 6000
6000 6001
6001 6002
6002 6003
6003 6004
6004 6005
6005 6006
6006 6007
6007 6008
6008 6009
6009 6010
6010 6011
6011 6012
6012 6013
6013 6014
6244 6245
6245 6246
6246 6247
6247 6248
6248 6249
7111 7112
7112 7113
7113 7114
7114 7115
7115 7116
7116 7117
7117 7118
7118 7119
7119 7120
7120 7121
7121 7122
7122 7123
7123 7124
7124 7125
2554 2555
2555 2556
2556 2557
2557 2558
2558 2559
2559 2560
2560 2561
2561 2562
2562 2563
2563 2564
2564 2565
2565 2566
2566 2567
2567 2568
2568 2569
2569 2570
2570 2571
2571 2572
2572 2573
2573 2574
7190 7191
7191 7192
7192 7193
7193 7194
7194 7195
7195 7196
7196 7197
7197 7198
7198 7199
7199 7200
7200 7201
7201 7202
7202 7203
7203 7204
7204 7205
7205 7206
7206 7207
7207 7208
7208 7209
7209 7210
7210 7211
7211 7212
7212 7213
8619 8620
8620 8621
8621 8622
8622 8623
8623 8624
8624 8625
8625 8626
8626 8627
8627 8628
8628 8629
8629 8630
8630 8631
8631 8632
8632 8633
8633 8634
8634 8635
8635 8636
8636 8637
8637 8638
8638 8639
8639 8640
8640 8641
8641 8642
8642 8643
8643 8644
8644 8645
8645 8646
8646 8647
8647 8648
8648 8649
8649 8650
8650 8651
8651 8652
8652 8653
8653 8654
8654 8655
8655 8656
8656 8657
8657 8658
8658 8659
8659 8660
8660 8661
8661 8662
8662 8663
8663 8664
8664 8665
8665 8666
8666 8667
8667 8668
8668 8669
8669 8670
8670 8671
8671 8672
8672 8673
8673 8674
8674 8675
8675 8676
8676 8677
8677 8678
8678 8679
8679 8680
8680 8681
8681 8682
8682 8683
8683 8684
8684 8685
8685 8686
8686 8687
8687 8688
8688 8689
8689 8690
8690 8691
8691 8692
8692 8693
8693 8694
8694 8695
8695 8696
8696 8697
8697 8698
8698 8699
8699 8700
8700 8701
8701 8702
8702 8703
8703 8704
8704 8705
8705 8706
8706 8707
8707 8708
8708 8709
8709 8710
8710 8711
8711 8712
8712 8713
8713 8714
8714 8715
8715 8716
8716 8717
8717 8718
8718 8719
8719 8720
8720 8721
8721 8722
8722 8723
3753 3754
3754 3755
3755 3756
3756 3757
3757 3758
3758 3759
3759 3760
3760 3761
9179 9180
9180 9181
9181 9182
9182 9183
9183 9184
9184 9185
9185 9186
9186 9187
9187 9188
6572 6573
6573 6574
6574 6575
6575 6576
6576 6577
6577 6578
6578 6579
6579 6580
6580 6581
6581 6582
2319 2320
2320 2321
1639 1640
1640 1641
1641 1642
1642 1643
1643 1644
1644 1645
1645 1646
1646 1647
1647 1648
1648 1649
1649 1650
1650 1651
1651 1652
1652 1653
1653 1654
1654 1655
1655 1656
1656 1657
3620 3621
3621 3622
3622 3623
3623 3624
3624 3625
3625 3626
3626 3627
3627 3628
3628 3629
3629 3630
3630 3631
3631 3632
3632 3633
3633 3634
3634 3635
3635 3636
3636 3637
3637 3638
3638 3639
3639 3640
3640 3641
3641 3642
3642 3643
3643 3644
3644 3645
3645 3646
3646 3647
5814 5815
5815 5816
9434 9435
9435 9436
9436 9437
9437 9438
9438 9439
9439 9440
9440 9441
9441 9442
9442 9443
9443 9444
9444 9445
9445 9446
8762 8763
8763 8764
8764 8765
8765 8766
8766 8767
8767 8768
3700 3701
3701 3702
3702 3703
3703 3704
3704 3705
3705 3706
3706 3707
3707 3708
3708 3709
3709 3710
3710 3711
3711 3712
3712 3713
3713 3714
3714 3715
3715 3716
3716 3717
3717 3718
3718 3719
3719 3720
3720 3721
3721 3722
3722 3723
3723 3724
3724 3725
3725 3726
3726 3727
3727 3728
3728 3729
3729 3730
3730 3731
3731 3732
3732 3733
3733 3734
8613 8614
8614 8615
8615 8616
8616 8617
8617 8618
8618 8619
8619 8620
8620 8621
8621 8622
8622 8623
8623 8624
8624 8625
8625 8626
8626 8627
8627 8628
8628 8629
8629 8630
8630 8631
8631 8632
8632 8633
8633 8634
8634 8635
8635 8636
8636 8637
8637 8638
8638 8639
8639 8640
8640 8641
8641 8642
8642 8643
8643 8644
8644 8645
8645 8646
8646 8647
8647 8648
8648 8649
8649 8650
8650 8651
1793 1794
1794 1795
1795 1796
1796 1797
1797 1798
1798 1799
1799 1800
1800 1801
1801 1802
1802 1803
1803 1804
1804 1805
1805 1806
1806 1807
1807 1808
1808 1809
1809 1810
1810 1811
1811 1812
1812 1813
1813 1814
1814 1815
1815 1816
1816 1817
1817 1818
1818 1819
1819 1820
1820 1821
1821 1822
1822 1823
1823 1824
1824 1825
1825 1826
1826 1827
1827 1828
1828 1829
1829 1830
1830 1831
1831 1832
1832 1833
1833 1834
1834 1835
1835 1836
1836 1837
1837 1838
1838 1839
1839 1840
1840 1841
1841 1842
1842 1843
1843 1844
1844 1845
1845 1846
1846 1847
1847 1848
1848 1849
1849 1850
1850 1851
1851 1852
1852 1853
1853 1854
1854 1855
1855 1856
1856 1857
1857 1858
1858 1859
9786 9787
9787 9788
9788 9789
9789 9790
9790 9791
9791 9792
9792 9793
9793 9794
9794 9795
9795 9796
9796 9797
9797 9798
9798 9799
9799 9800
9800 9801
9801 9802
6057 6058
6058 6059
6059 6060
6060 6061
6061 6062
6062 6063
6063 6064
6064 6065
6065 6066
6066 6067
871 872
872 873
657 658
658 659
659 660
660 661
661 662
662 663
663 664
664 665
665 666
666 667
667 668
668 669
669 670
670 671
671 672
672 673
673 674
2162 2163
2163 2164
2164 2165
2165 2166
2166 2167
2167 2168
2168 2169
2169 2170
2170 2171
2171 2172
2172 2173
2173 2174
2174 2175
2175 2176
2176 2177
2177 2178
2178 2179
2179 2180
2180 2181
2181 2182
2182 2183
2183 2184
2184 2185
2185 2186
2186 2187
2187 2188
2188 2189
2189 2190
2190 2191
2191 2192
2192 2193
2193 2194
2194 2195
2195 2196
2196 2197
2197 2198
2198 2199
2199 2200
2200 2201
2201 2202
2202 2203
2203 2204
2204 2205
2205 2206
2206 2207
2207 2208
2208 2209
2209 2210
2210 2211
2211 2212
2212 2213
2213 2214
2214 2215
2215 2216
2216 2217
2217 2218
2218 2219
2219 2220
2220 2221
2221 2222
2222 2223
2223 2224
2224 2225
2225 2226
2226 2227
2227 2228
2228 2229
2229 2230
2230 2231
2231 2232
2232 2233
2233 2234
2234 2235
2235 2236
2236 2237
2237 2238
2238 2239
7031 7032
7032 7033
7033 7034
7034 7035
7035 7036
7036 7037
7037 7038
7038 7039
7039 7040
2419 2420
2420 2421
2421 2422
1908 1909
1909 1910
1910 1911
1911 1912
1912 1913
1913 1914
1914 1915
1915 1916
1916 1917
1917 1918
1918 1919
1919 1920
1920 1921
1921 1922
1922 1923
1923 1924
1924 1925
1925 1926
1926 1927
1927 1928
1928 1929
1929 1930
1930 1931
1931 1932
1932 1933
1933 1934
1934 1935
1935 1936
1936 1937
1937 1938
1938 1939
1939 1940
1940 1941
1941 1942
1942 1943
1943 1944
1944 1945
1945 1946
1946 1947
1947 1948
1948 1949
1949 1950
1950 1951
1951 1952
1952 1953
1953 1954
1954 1955
1955 1956
545 546
546 547
547 548
548 549
549 550
550 551
551 552
552 553
5046 5047
5047 5048
5048 5049
5049 5050
5050 5051
5051 5052
5052 5053
2306 2307
2307 2308
2308 2309
5633 5634
5634 5635
5635 5636
5636 5637
5637 5638
5638 5639
5639 5640
5640 5641
5641 5642
5642 5643
5643 5644
5644 5645
5645 5646
5646 5647
5647 5648
5648 5649
5649 5650
5650 5651
5651 5652
5652 5653
5653 5654
5654 5655
5655 5656
5656 5657
5657 5658
5658 5659
5659 5660
5660 5661
5661 5662
5662 5663
5663 5664
5664 5665
9739 9740
9740 9741
9741 9742
9742 9743
9743 9744
9744 9745
9745 9746
9746 9747
9747 9748
9748 9749
9749 9750
9750 9751
9751 9752
9752 9753
9753 9754
9754 9755
9755 9756
9756 9757
2225 2226
2226 2227
2227 2228
2228 2229
2229 2230
2230 2231
2231 2232
2232 2233
2233 2234
2234 2235
2235 2236
2236 2237
2237 2238
5212 5213
5213 5214
5214 5215
5215 5216
5216 5217
5217 5218
5218 5219
5219 5220
5220 5221
5221 5222
5222 5223
5223 5224
5224 5225
5225 5226
5226 5227
5227 5228
5788 5789
5789 5790
5790 5791
5791 5792
5792 5793
5793 5794
5794 5795
5795 5796
5796 5797
5797 5798
5798 5799
5799 5800
5800 5801
5801 5802
5802 5803
5803 5804
5804 5805
5805 5806
5806 5807
5807 5808
5808 5809
5809 5810
5810 5811
5811 5812
5812 5813
5813 5814
5814 5815
5815 5816
5816 5817
5817 5818
5818 5819
5819 5820
4537 4538
4538 4539
4539 4540
4540 4541
4541 4542
4542 4543
4543 4544
4544 4545
4545 4546
4546 4547
4547 4548
2100 2101
210 211
211 212
212 213
213 214
214 215
215 216
216 217
3490 3491
3491 3492
3492 3493
3493 3494
3494 3495
3495 3496
3496 3497
3497 3498
3498 3499
3499 3500
3500 3501
3501 3502
3502 3503
3503 3504
3504 3505
3505 3506
7364 7365
7365 7366
7366 7367
7367 7368
7368 7369
7369 7370
7370 7371
7371 7372
7372 7373
7373 7374
7374 7375
7375 7376
7376 7377
7377 7378
7378 7379
7379 7380
7380 7381
7381 7382
7382 7383
7383 7384
7384 7385
7385 7386
7386 7387
7387 7388
7388 7389
7389 7390
7390 7391
7391 7392
7392 7393
7393 7394
7394 7395
7395 7396
7396 7397
7397 7398
7398 7399
7399 7400
7400 7401
7401 7402
7402 7403
7403 7404
7404 7405
7405 7406
7406 7407
7407 7408
7408 7409
7409 7410
7410 7411
7411 7412
7412 7413
7413 7414
7414 7415
7415 7416
7416 7417
7417 7418
7418 7419
7419 7420
7420 7421
7421 7422
7422 7423
7423 7424
7424 7425
7425 7426
7426 7427
7427 7428
7428 7429
7429 7430
7430 7431
7431 7432
7432 7433
7433 7434
7434 7435
7435 7436
7436 7437
7437 7438
7438 7439
7439 7440
7440 7441
7441 7442
7442 7443
7443 7444
7444 7445
7445 7446
7446 7447
7447 7448
7448 7449
7449 7450
7450 7451
7451 7452
7452 7453
7453 7454
8894 8895
8895 8896
8896 8897
8897 8898
8898 8899
8899 8900
8900 8901
8901 8902
8902 8903
8903 8904
8904 8905
8905 8906
8906 8907
8907 8908
8908 8909
8909 8910
1113 1114
1114 1115
1115 1116
1116 1117
1117 1118
1118 1119
1119 1120
1120 1121
1121 1122
1122 1123
1123 1124
1124 1125
1125 1126
1126 1127
1127 1128
1128 1129
1129 1130
1130 1131
1131 1132
1132 1133
1133 1134
1134 1135
1135 1136
1136 1137
7369 7370
7370 7371
7371 7372
7372 7373
7373 7374
7374 7375
7375 7376
7376 7377
7377 7378
7378 7379
7379 7380
2040 2041
2041 2042
2042 2043
2043 2044
2044 2045
2045 2046
2046 2047
2047 2048
7112 7113
7113 7114
7114 7115
7115 7116
7116 7117
7117 7118
7118 7119
7119 7120
7120 7121
7121 7122
7122 7123
7123 7124
7124 7125
7125 7126
7126 7127
7127 7128
7128 7129
7129 7130
7130 7131
7131 7132
7132 7133
7133 7134
7134 7135
7135 7136
7136 7137
7137 7138
7138 7139
7139 7140
7140 7141
7141 7142
7142 7143
7143 7144
7144 7145
7145 7146
7146 7147
7147 7148
7148 7149
7149 7150
7150 7151
7151 7152
7152 7153
7153 7154
7154 7155
7155 7156
7156 7157
7157 7158
7158 7159
7159 7160
7160 7161
7161 7162
7162 7163
7163 7164
7164 7165
7165 7166
7166 7167
7167 7168
7168 7169
8620 8621
8621 8622
8622 8623
8623 8624
8624 8625
8625 8626
8626 8627
8627 8628
8628 8629
8629 8630
2513 2514
2514 2515
2515 2516
2516 2517
2517 2518
2518 2519
2519 2520
2520 2521
2521 2522
2522 2523
2523 2524
2524 2525
2525 2526
2526 2527
5242 5243
5243 5244
5244 5245
5245 5246
5246 5247
5247 5248
5248 5249
5249 5250
5250 5251
5251 5252
5252 5253
5253 5254
5254 5255
5255 5256
4660 4661
4661 4662
4662 4663
4663 4664
4664 4665
4665 4666
4666 4667
4667 4668
4668 4669
4669 4670
4670 4671
4671 4672
4226 4227
4227 4228
9468 9469
9469 9470
9470 9471
9471 9472
9472 9473
9473 9474
9474 9475
9475 9476
9476 9477
9477 9478
9478 9479
9479 9480
9480 9481
9481 9482
9482 9483
9483 9484
9484 9485
9485 9486
9486 9487
9487 9488
9488 9489
9489 9490
9490 9491
9491 9492
9492 9493
9493 9494
9494 9495
9495 9496
9496 9497
9497 9498
9498 9499
9499 9500
9500 9501
9501 9502
9502 9503
9503 9504
9504 9505
9505 9506
9506 9507
9507 9508
9508 9509
9509 9510
9510 9511
9511 9512
9512 9513
9513 9514
9514 9515
9515 9516
9516 9517
9517 9518
9518 9519
9519 9520
7904 7905
7905 7906
7906 7907
7907 7908
7908 7909
8887 8888
8888 8889
8889 8890
8890 8891
8891 8892
8892 8893
8893 8894
8894 8895
8895 8896
8896 8897
8897 8898
8898 8899
8899 8900
8900 8901
8901 8902
8902 8903
8903 8904
8904 8905
8905 8906
8906 8907
8907 8908
9947 9948
9948 9949
7851 7852
7852 7853
7853 7854
7854 7855
7855 7856
7856 7857
7857 7858
7858 7859
7859 7860
7860 7861
7861 7862
7862 7863
7863 7864
7864 7865
7865 7866
7866 7867
7867 7868
7868 7869
6401 6402
6402 6403
6403 6404
6404 6405
6405 6406
6406 6407
6407 6408
6408 6409
6409 6410
6410 6411
6411 6412
6412 6413
6413 6414
6414 6415
6415 6416
6416 6417
6417 6418
6418 6419
6419 6420
6420 6421
6421 6422
6422 6423
6423 6424
6424 6425
6425 6426
6426 6427
6427 6428
6428 6429
6429 6430
6430 6431
6431 6432
6432 6433
6096 6097
6097 6098
6098 6099
6099 6100
6100 6101
6101 6102
6102 6103
6103 6104
3329 3330
3330 3331
3331 3332
3332 3333
3333 3334
3334 3335
3335 3336
3336 3337
9734 9735
9735 9736
9736 9737
9737 9738
9738 9739
9739 9740
9740 9741
9741 9742
9742 9743
9743 9744
9744 9745
9745 9746
9746 9747
9747 9748
9748 9749
9749 9750
9750 9751
9751 9752
9752 9753
9753 9754
9754 9755
9755 9756
9756 9757
9757 9758
9758 9759
9759 9760
9760 9761
9761 9762
9762 9763
9763 9764
9764 9765
9765 9766
9766 9767
9767 9768
9768 9769
9769 9770
9770 9771
9771 9772
9772 9773
9773 9774
9774 9775
9775 9776
9776 9777
9777 9778
1644 1645
1645 1646
1646 1647
1647 1648
1648 1649
1649 1650
1650 1651
1651 1652
1652 1653
1653 1654
1654 1655
1655 1656
1656 1657
1657 1658
1658 1659
1659 1660
1660 1661
1661 1662
1662 1663
1663 1664
1664 1665
1665 1666
1666 1667
1667 1668
1668 1669
1669 1670
1670 1671
1671 1672
1672 1673
1673 1674
1674 1675
1675 1676
1676 1677
1677 1678
1678 1679
1679 1680
1680 1681
1681 1682
1682 1683
1683 1684
1684 1685
1685 1686
1686 1687
1687 1688
1688 1689
1689 1690
1690 1691
1691 1692
1692 1693
1693 1694
1694 1695
1695 1696
1696 1697
1697 1698
1698 1699
1699 1700
1700 1701
1701 1702
1702 1703
1703 1704
1704 1705
1705 1706
1706 1707
1707 1708
1708 1709
1709 1710
1710 1711
1711 1712
1712 1713
1713 1714
1714 1715
1715 1716
1716 1717
1717 1718
1718 1719
1719 1720
1720 1721
1721 1722
1722 1723
9925 9926
9926 9927
9927 9928
9928 9929
9929 9930
9930 9931
9931 9932
9932 9933
9933 9934
9934 9935
9935 9936
9936 9937
9937 9938
9938 9939
9939 9940
4290 4291
4291 4292
4292 4293
4293 4294
4294 4295
4295 4296
4296 4297
4297 4298
4298 4299
4299 4300
4300 4301
4301 4302
4302 4303
4303 4304
4304 4305
4305 4306
4306 4307
4307 4308
4308 4309
4309 4310
4310 4311
4311 4312
4312 4313
4313 4314
4314 4315
4315 4316
4316 4317
4317 4318
4318 4319
4319 4320
4320 4321
4321 4322
4322 4323
4323 4324
4324 4325
4325 4326
4326 4327
4327 4328
4328 4329
4329 4330
4330 4331
4331 4332
4332 4333
4333 4334
4334 4335
9209 9210
9210 9211
9211 9212
9212 9213
9213 9214
9214 9215
9215 9216
7345 7346
7346 7347
7347 7348
7348 7349
7349 7350
7350 7351
7351 7352
7352 7353
7353 7354
7354 7355
7355 7356
7356 7357
7357 7358
7358 7359
7359 7360
7360 7361
7361 7362
7362 7363
7363 7364
7364 7365
7365 7366
7366 7367
7367 7368
7368 7369
7369 7370
7370 7371
7371 7372
7372 7373
7373 7374
7374 7375
7375 7376
7376 7377
7377 7378
7378 7379
7379 7380
7380 7381
7381 7382
7382 7383
7730 7731
7731 7732
7732 7733
5315 5316
5316 5317
5317 5318
5318 5319
5319 5320
5320 5321
5321 5322
5322 5323
5323 5324
5324 5325
5325 5326
5326 5327
5327 5328
5328 5329
5329 5330
5330 5331
5331 5332
5332 5333
5333 5334
5334 5335
5335 5336
6461 6462
6462 6463
6463 6464
6464 6465
6465 6466
6466 6467
6467 6468
6468 6469
6469 6470
6470 6471
6471 6472
6472 6473
6473 6474
6474 6475
6475 6476
6476 6477
6477 6478
6478 6479
6479 6480
6480 6481
6481 6482
6482 6483
6483 6484
6484 6485
6485 6486
6486 6487
6487 6488
6488 6489
6489 6490
6490 6491
6491 6492
6492 6493
6493 6494
6494 6495
6495 6496
6496 6497
6497 6498
6498 6499
6499 6500
6500 6501
6501 6502
6502 6503
6503 6504
6504 6505
6505 6506
6506 6507
6507 6508
6508 6509
6509 6510
8718 8719
8719 8720
8720 8721
8721 8722
8722 8723
8723 8724
8724 8725
8725 8726
8726 8727
8727 8728
8728 8729
8729 8730
8730 8731
8731 8732
8732 8733
8733 8734
8734 8735
8735 8736
3274 3275
3275 3276
3276 3277
3277 3278
3278 3279
3279 3280
3280 3281
3281 3282
3282 3283
3283 3284
3284 3285
3285 3286
3286 3287
3287 3288
3288 3289
3289 3290
3290 3291
3291 3292
3292 3293
3293 3294
3294 3295
3295 3296
1392 1393
1393 1394
1394 1395
1395 1396
1396 1397
1397 1398
76 77
77 78
78 79
79 80
80 81
81 82
82 83
83 84
84 85
85 86
86 87
87 88
88 89
89 90
90 91
91 92
92 93
93 94
94 95
95 96
96 97
97 98
98 99
99 100
100 101
101 102
102 103
103 104
104 105
105 106
106 107
107 108
108 109
109 110
110 111
111 112
112 113
113 114
114 115
115 116
116 117
117 118
118 119
119 120
120 121
121 122
122 123
123 124
124 125
125 126
126 127
127 128
128 129
129 130
130 131
131 132
132 133
133 134
134 135
135 136
136 137
137 138
138 139
139 140
140 141
141 142
142 143
143 144
144 145
145 146
146 147
7510 7511
7511 7512
7512 7513
7513 7514
4087 4088
4088 4089
4089 4090
4090 4091
4091 4092
4092 4093
4093 4094
4094 4095
4095 4096
4096 4097
3696 3697
3697 3698
3698 3699
3699 3700
3700 3701
3701 3702
3702 3703
3703 3704
3704 3705
3705 3706
3706 3707
3707 3708
3708 3709
3709 3710
3710 3711
3711 3712
3712 3713
3713 3714
3714 3715
3715 3716
3716 3717
3888 3889
3889 3890
3890 3891
3891 3892
3892 3893
3893 3894
3894 3895
3895 3896
3896 3897
3897 3898
3898 3899
3899 3900
3900 3901
3901 3902
3902 3903
3903 3904
3904 3905
3905 3906
3906 3907
3907 3908
3908 3909
3892 3893
3893 3894
3894 3895
3895 3896
3896 3897
3897 3898
3898 3899
3899 3900
3900 3901
3901 3902
3902 3903
3903 3904
3904 3905
3905 3906
3906 3907
3907 3908
3908 3909
3909 3910
3910 3911
3911 3912
3912 3913
3913 3914
3914 3915
3915 3916
2407 2408
2408 2409
2409 2410
2410 2411
2411 2412
2412 2413
2413 2414
2414 2415
2415 2416
2416 2417
2417 2418
3634 3635
3635 3636
3636 3637
3637 3638
3638 3639
6121 6122
6122 6123
6123 6124
6124 6125
6125 6126
6126 6127
6127 6128
6128 6129
6129 6130
6130 6131
6131 6132
6132 6133
6133 6134
6134 6135
6135 6136
6136 6137
6137 6138
6138 6139
6139 6140
6140 6141
6141 6142
6142 6143
6143 6144
6144 6145
6145 6146
6146 6147
6147 6148
6148 6149
6149 6150
6150 6151
6151 6152
6152 6153
6153 6154
6154 6155
6155 6156
6156 6157
6157 6158
6158 6159
6159 6160
6160 6161
6161 6162
6162 6163
6163 6164
6164 6165
6165 6166
6166 6167
6167 6168
6168 6169
6169 6170
6170 6171
6171 6172
6172 6173
6173 6174
6174 6175
6175 6176
6176 6177
6177 6178
6178 6179
6179 6180
6180 6181
1433 1434
1434 1435
1435 1436
1436 1437
1437 1438
1438 1439
1439 1440
1440 1441
1441 1442
1442 1443
1443 1444
1444 1445
1445 1446
1446 1447
1447 1448
7462 7463
7463 7464
7464 7465
2476 2477
2477 2478
2478 2479
2479 2480
2480 2481
2481 2482
2482 2483
2483 2484
2484 2485
2485 2486
2486 2487
2487 2488
2488 2489
2489 2490
2490 2491
2491 2492
2492 2493
3003 3004
3004 3005
3005 3006
3006 3007
3007 3008
3008 3009
3009 3010
3010 3011
3011 3012
3012 3013
3013 3014
3014 3015
3015 3016
3016 3017
3017 3018
3018 3019
3019 3020
3020 3021
3021 3022
3022 3023
3023 3024
3024 3025
3025 3026
3026 3027
3027 3028
3028 3029
3029 3030
3030 3031
1872 1873
1873 1874
1874 1875
1875 1876
1876 1877
1877 1878
1878 1879
1879 1880
1880 1881
1881 1882
1882 1883
1883 1884
1884 1885
1885 1886
1886 1887
1887 1888
1888 1889
1889 1890
1890 1891
1891 1892
1892 1893
1893 1894
3687 3688
3688 3689
3689 3690
3690 3691
3691 3692
3692 3693
3693 3694
3694 3695
3695 3696
3696 3697
3697 3698
3698 3699
3699 3700
3700 3701
3701 3702
2683 2684
2684 2685
2685 2686
2686 2687
2687 2688
2688 2689
2689 2690
2690 2691
2691 2692
2692 2693
2693 2694
2694 2695
2695 2696
2696 2697
2697 2698
2698 2699
2699 2700
2700 2701
2701 2702
2702 2703
2703 2704
2704 2705
2705 2706
2706 2707
2707 2708
2708 2709
2709 2710
2710 2711
2711 2712
2712 2713
2713 2714
2714 2715
2715 2716
2716 2717
2717 2718
2718 2719
2719 2720
2720 2721
2721 2722
2722 2723
2723 2724
2724 2725
2725 2726
2726 2727
2727 2728
2728 2729
2729 2730
2730 2731
2731 2732
2732 2733
2733 2734
2734 2735
2735 2736
2736 2737
2737 2738
2738 2739
2739 2740
2740 2741
2741 2742
2742 2743
2743 2744
2744 2745
2745 2746
2746 2747
2747 2748
2748 2749
2749 2750
2750 2751
2751 2752
2752 2753
2753 2754
2754 2755
5060 5061
5061 5062
5062 5063
5063 5064
5064 5065
5065 5066
5066 5067
5067 5068
5068 5069
5069 5070
5070 5071
5071 5072
5072 5073
5073 5074
5074 5075
5075 5076
5076 5077
5077 5078
5078 5079
5079 5080
5080 5081
5081 5082
5082 5083
5083 5084
5084 5085
5085 5086
5086 5087
5087 5088
5088 5089
5089 5090
5090 5091
5091 5092
5092 5093
5093 5094
5094 5095
5095 5096
5096 5097
5097 5098
5098 5099
5099 5100
5100 5101
5101 5102
5102 5103
5103 5104
5104 5105
5105 5106
5106 5107
5107 5108
5108 5109
5109 5110
5110 5111
5111 5112
5112 5113
5113 5114
5114 5115
5115 5116
9699 9700
9700 9701
9701 9702
9702 9703
9703 9704
9704 9705
9705 9706
9706 9707
9707 9708
9708 9709
9709 9710
9710 9711
831 832
832 833
833 834
834 835
835 836
836 837
837 838
838 839
839 840
840 841
841 842
842 843
843 844
844 845
845 846
846 847
847 848
848 849
849 850
850 851
851 852
852 853
853 854
854 855
855 856
856 857
857 858
858 859
859 860
860 861
861 862
862 863
863 864
864 865
865 866
866 867
867 868
868 869
869 870
870 871
871 872
872 873
873 874
874 875
875 876
876 877
877 878
878 879
879 880
880 881
881 882
882 883
883 884
884 885
885 886
886 887
887 888
888 889
889 890
890 891
891 892
892 893
893 894
894 895
895 896
896 897
897 898
898 899
899 900
900 901
901 902
902 903
903 904
904 905
905 906
906 907
907 908
908 909
909 910
910 911
911 912
912 913
913 914
914 915
915 916
916 917
917 918
918 919
919 920
920 921
921 922
922 923
923 924
924 925
925 926
926 927
927 928
928 929
929 930
930 931
931 932
932 933
933 934
934 935
935 936
936 937
937 938
938 939
939 940
940 941
941 942
942 943
943 944
944 945
945 946
946 947
947 948
948 949
7740 7741
7741 7742
7742 7743
1010 1011
1011 1012
1012 1013
1013 1014
1014 1015
1015 1016
1016 1017
1017 1018
1018 1019
1019 1020
1020 1021
1021 1022
1022 1023
1023 1024
1024 1025
1025 1026
1026 1027
1027 1028
1028 1029
1029 1030
1030 1031
1031 1032
1032 1033
1033 1034
1034 1035
1035 1036
1036 1037
1037 1038
1038 1039
1039 1040
1040 1041
1041 1042
1042 1043
1043 1044
2410 2411
2411 2412
2412 2413
2413 2414
2414 2415
2415 2416
3886 3887
3887 3888
3888 3889
3889 3890
3890 3891
3891 3892
1707 1708
1708 1709
1709 1710
1710 1711
1711 1712
1712 1713
1713 1714
1714 1715
1715 1716
1716 1717
1717 1718
8012 8013
8013 8014
8014 8015
8015 8016
8016 8017
8017 8018
8018 8019
8019 8020
8020 8021
8021 8022
8022 8023
8023 8024
8024 8025
8025 8026
8026 8027
8027 8028
8028 8029
8029 8030
8030 8031
8031 8032
8032 8033
8033 8034
8034 8035
8035 8036
9886 9887
9887 9888
9888 9889
9889 9890
9890 9891
9891 9892
9892 9893
9893 9894
9894 9895
9895 9896
9896 9897
9897 9898
9898 9899
9899 9900
9900 9901
9901 9902
9902 9903
9903 9904
9904 9905
9905 9906
9906 9907
9907 9908
9908 9909
2870 2871
2871 2872
2872 2873
2873 2874
2874 2875
2875 2876
2876 2877
2877 2878
2878 2879
2879 2880
2880 2881
2881 2882
2882 2883
2883 2884
2884 2885
2885 2886
2886 2887
2887 2888
2888 2889
2889 2890
2890 2891
2891 2892
2892 2893
2893 2894
3653 3654
3654 3655
3655 3656
3656 3657
3657 3658
3658 3659
3659 3660
3660 3661
3661 3662
3662 3663
3663 3664
3664 3665
3665 3666
3666 3667
3667 3668
3668 3669
3669 3670
3670 3671
3671 3672
3672 3673
3673 3674
3674 3675
3675 3676
3676 3677
3677 3678
3678 3679
3679 3680
3680 3681
3681 3682
3682 3683
3683 3684
3684 3685
3685 3686
3686 3687
3687 3688
3688 3689
3689 3690
3690 3691
3691 3692
3692 3693
3693 3694
3694 3695
3695 3696
3696 3697
3697 3698
3698 3699
3699 3700
3700 3701
3701 3702
3702 3703
3703 3704
3704 3705
3705 3706
3706 3707
3707 3708
3708 3709
3709 3710
3710 3711
3711 3712
3712 3713
3713 3714
3714 3715
3715 3716
3716 3717
3717 3718
3718 3719
3719 3720
3720 3721
3721 3722
3722 3723
3723 3724
3724 3725
3725 3726
3726 3727
3727 3728
3728 3729
3729 3730
3730 3731
3731 3732
3732 3733
725 726
726 727
727 728
728 729
729 730
730 731
731 732
732 733
733 734
734 735
735 736
736 737
737 738
738 739
739 740
740 741
741 742
742 743
743 744
744 745
745 746
746 747
747 748
748 749
749 750
750 751
751 752
752 753
753 754
754 755
755 756
756 757
757 758
758 759
218 219
219 220
220 221
221 222
222 223
223 224
224 225
225 226
226 227
227 228
228 229
229 230
230 231
231 232
232 233
233 234
234 235
235 236
236 237
237 238
238 239
239 240
240 241
241 242
242 243
243 244
244 245
245 246
246 247
247 248
248 249
249 250
250 251
251 252
8502 8503
8503 8504
8504 8505
8505 8506
8506 8507
8507 8508
8508 8509
8509 8510
8510 8511
8511 8512
8512 8513
8513 8514
8514 8515
8515 8516
8516 8517
8517 8518
8518 8519
8519 8520
8520 8521
8521 8522
8522 8523
8523 8524
8524 8525
8525 8526
8526 8527
8527 8528
8528 8529
8529 8530
8530 8531
8531 8532
8532 8533
8533 8534
8534 8535
8535 8536
8536 8537
8537 8538
8538 8539
8539 8540
8540 8541
8541 8542
8542 8543
8543 8544
8544 8545
8545 8546
8546 8547
8547 8548
8548 8549
8549 8550
8550 8551
8551 8552
8552 8553
8553 8554
8554 8555
8555 8556
8556 8557
8557 8558
8558 8559
8559 8560
8560 8561
8561 8562
8562 8563
8563 8564
8564 8565
8565 8566
8566 8567
8567 8568
8568 8569
8569 8570
8570 8571
8571 8572
8572 8573
8573 8574
8574 8575
8575 8576
8576 8577
8577 8578
8578 8579
8579 8580
8580 8581
8581 8582
8582 8583
8583 8584
8584 8585
8585 8586
8586 8587
8587 8588
8588 8589
8589 8590
8590 8591
8591 8592
8592 8593
8593 8594
8594 8595
8595 8596
9744 9745
9745 9746
9746 9747
3578 3579
3579 3580
3580 3581
3581 3582
3833 3834
3834 3835
4380 4381
4381 4382
4382 4383
4383 4384
4384 4385
4385 4386
4386 4387
4387 4388
4388 4389
4389 4390
4390 4391
4391 4392
4392 4393
4393 4394
4394 4395
4395 4396
4396 4397
4397 4398
4398 4399
4399 4400
4400 4401
4401 4402
4402 4403
4403 4404
4404 4405
4405 4406
4406 4407
4407 4408
4408 4409
4409 4410
4410 4411
4411 4412
4412 4413
4413 4414
4414 4415
4415 4416
4416 4417
4417 4418
4418 4419
4419 4420
4420 4421
4421 4422
4422 4423
4423 4424
4424 4425
4425 4426
4426 4427
4427 4428
4428 4429
4429 4430
4430 4431
4431 4432
4432 4433
7761 7762
7762 7763
7763 7764
7764 7765
7765 7766
7766 7767
7767 7768
7768 7769
7769 7770
7770 7771
7771 7772
7772 7773
7773 7774
7774 7775
7775 7776
7776 7777
7777 7778
7778 7779
7779 7780
7780 7781
7781 7782
7782 7783
7783 7784
7784 7785
7785 7786
7786 7787
7787 7788
7788 7789
7789 7790
7790 7791
7791 7792
7792 7793
7793 7794
7794 7795
7795 7796
7796 7797
7797 7798
7798 7799
7799 7800
7800 7801
5173 5174
5174 5175
5175 5176
5176 5177
5177 5178
5178 5179
5179 5180
5180 5181
1636 1637
1637 1638
1638 1639
1639 1640
1640 1641
1641 1642
1642 1643
1643 1644
1644 1645
1645 1646
1646 1647
1647 1648
1648 1649
1649 1650
1650 1651
1651 1652
6978 6979
6979 6980
6980 6981
6981 6982
6982 6983
6983 6984
6984 6985
6985 6986
6986 6987
6987 6988
519 520
520 521
2155 2156
2156 2157
2157 2158
2158 2159
2159 2160
2160 2161
2161 2162
2162 2163
2163 2164
2164 2165
2165 2166
2166 2167
2167 2168
2168 2169
2169 2170
2170 2171
2171 2172
2767 2768
2768 2769
2769 2770
2770 2771
2771 2772
2772 2773
2773 2774
2774 2775
2775 2776
6125 6126
6126 6127
6127 6128
6128 6129
6129 6130
6130 6131
6131 6132
6132 6133
6133 6134
6806 6807
6807 6808
6808 6809
6809 6810
9808 9809
9809 9810
9810 9811
9811 9812
9812 9813
9813 9814
9814 9815
9815 9816
9816 9817
9817 9818
9818 9819
9819 9820
9820 9821
9821 9822
9822 9823
9823 9824
9824 9825
9825 9826
9826 9827
9827 9828
9828 9829
9829 9830
9830 9831
9831 9832
9832 9833
9833 9834
9834 9835
9835 9836
9836 9837
9837 9838
9838 9839
9839 9840
9840 9841
9841 9842
9842 9843
6015 6016
6016 6017
6017 6018
6018 6019
6019 6020
6020 6021
6021 6022
6022 6023
6023 6024
6024 6025
6025 6026
6026 6027
6027 6028
6028 6029
6029 6030
6030 6031
6031 6032
6032 6033
6033 6034
6034 6035
6035 6036
6036 6037
6037 6038
6038 6039
6039 6040
6040 6041
6041 6042
6042 6043
6043 6044
6044 6045
6045 6046
6046 6047
6047 6048
6048 6049
1830 1831
1831 1832
1832 1833
1833 1834
1834 1835
1835 1836
1836 1837
1837 1838
1838 1839
1839 1840
1840 1841
1841 1842
1842 1843
1843 1844
1844 1845
1845 1846
1846 1847
1847 1848
1848 1849
1849 1850
1850 1851
1851 1852
1852 1853
1853 1854
1854 1855
1855 1856
1856 1857
1857 1858
1858 1859
1859 1860
1860 1861
1861 1862
1862 1863
1863 1864
1864 1865
1865 1866
1866 1867
1867 1868
1868 1869
1869 1870
1870 1871
1871 1872
1872 1873
1873 1874
1874 1875
1875 1876
1876 1877
1877 1878
1878 1879
1879 1880
1880 1881
1881 1882
1882 1883
1883 1884
9028 9029
9029 9030
9030 9031
9031 9032
9032 9033
9033 9034
9034 9035
9035 9036
6461 6462
6462 6463
6463 6464
6464 6465
6465 6466
6466 6467
6467 6468
6468 6469
6469 6470
6470 6471
6436 6437
6437 6438
6438 6439
6439 6440
6440 6441
6441 6442
6442 6443
6443 6444
6444 6445
6445 6446
6446 6447
6447 6448
6448 6449
6449 6450
6450 6451
6451 6452
6452 6453
6453 6454
6454 6455
6455 6456
6456 6457
6457 6458
6458 6459
6459 6460
6460 6461
6461 6462
6462 6463
6463 6464
6464 6465
1562 1563
1563 1564
1564 1565
1565 1566
1566 1567
1567 1568
1568 1569
1569 1570
1570 1571
1571 1572
1572 1573
1573 1574
1574 1575
1575 1576
1576 1577
1577 1578
6918 6919
6919 6920
6920 6921
6921 6922
6922 6923
6923 6924
6924 6925
6925 6926
6926 6927
6927 6928
6928 6929
6929 6930
6930 6931
6931 6932
6932 6933
6933 6934
6934 6935
6935 6936
6936 6937
4156 4157
4157 4158
4158 4159
4159 4160
4160 4161
4161 4162
4162 4163
4163 4164
4164 4165
4165 4166
4166 4167
4167 4168
4168 4169
4169 4170
4170 4171
4171 4172
4172 4173
4173 4174
4174 4175
4175 4176
4176 4177
4177 4178
4178 4179
4179 4180
4180 4181
4181 4182
4182 4183
4183 4184
4184 4185
4185 4186
4186 4187
4187 4188
4188 4189
4189 4190
4190 4191
4191 4192
4192 4193
4193 4194
4194 4195
4195 4196
4196 4197
4197 4198
4198 4199
4199 4200
4200 4201
4201 4202
4202 4203
4203 4204
4204 4205
4205 4206
4206 4207
4207 4208
4208 4209
4209 4210
4210 4211
4211 4212
4212 4213
4213 4214
4214 4215
4215 4216
4216 4217
4217 4218
6253 6254
6254 6255
6255 6256
6256 6257
6257 6258
6258 6259
6259 6260
6260 6261
6261 6262
6262 6263
6263 6264
6264 6265
6265 6266
6266 6267
6267 6268
6268 6269
6269 6270
6270 6271
6271 6272
6272 6273
6273 6274
6274 6275
2468 2469
6474 6475
6475 6476
6476 6477
6477 6478
6478 6479
6479 6480
6480 6481
6481 6482
6482 6483
6483 6484
6484 6485
6202 6203
6203 6204
6204 6205
6205 6206
6206 6207
6207 6208
6208 6209
6209 6210
6210 6211
6211 6212
6212 6213
6213 6214
6214 6215
6215 6216
6216 6217
6217 6218
6218 6219
6219 6220
6220 6221
6221 6222
6222 6223
6223 6224
6224 6225
6225 6226
6226 6227
9659 9660
9660 9661
9661 9662
9662 9663
9663 9664
9664 9665
9665 9666
9666 9667
9667 9668
9668 9669
9669 9670
9670 9671
9671 9672
9672 9673
9673 9674
9674 9675
9675 9676
9676 9677
9677 9678
9678 9679
9679 9680
9680 9681
9681 9682
9682 9683
9683 9684
9684 9685
9685 9686
9686 9687
9687 9688
9688 9689
9689 9690
9690 9691
9691 9692
9692 9693
9693 9694
9694 9695
9695 9696
9696 9697
9697 9698
9698 9699
9699 9700
3914 3915
3915 3916
3916 3917
3917 3918
3918 3919
3919 3920
3920 3921
3921 3922
3922 3923
3923 3924
3924 3925
3925 3926
3926 3927
3927 3928
3928 3929
3929 3930
3930 3931
3931 3932
3932 3933
3933 3934
3934 3935
3935 3936
3936 3937
3937 3938
3938 3939
3939 3940
3940 3941
3941 3942
3942 3943
3943 3944
3944 3945
3945 3946
3946 3947
3947 3948
3948 3949
3949 3950
3950 3951
3951 3952
3952 3953
3953 3954
3954 3955
3955 3956
3956 3957
3957 3958
3958 3959
6416 6417
6417 6418
6418 6419
6419 6420
6420 6421
6421 6422
6422 6423
6423 6424
6424 6425
6425 6426
6426 6427
6427 6428
3625 3626
3626 3627
3627 3628
3628 3629
3629 3630
3630 3631
3631 3632
3632 3633
3633 3634
3634 3635
3635 3636
3636 3637
3637 3638
3638 3639
3639 3640
3640 3641
3641 3642
3642 3643
3643 3644
3644 3645
3645 3646
3646 3647
582 583
583 584
3089 3090
3090 3091
3091 3092
3092 3093
3093 3094
3094 3095
3095 3096
3096 3097
3097 3098
3098 3099
3099 3100
3100 3101
3101 3102
3102 3103
3103 3104
3104 3105
3105 3106
9547 9548
9548 9549
9549 9550
9550 9551
9551 9552
9552 9553
9553 9554
9554 9555
9555 9556
9556 9557
9557 9558
9558 9559
9559 9560
9560 9561
9561 9562
9803 9804
9804 9805
9805 9806
7572 7573
7573 7574
7574 7575
7575 7576
7576 7577
7577 7578
7578 7579
7579 7580
7580 7581
7581 7582
7582 7583
7583 7584
7584 7585
7585 7586
8322 8323
8323 8324
8324 8325
8325 8326
8326 8327
8327 8328
8328 8329
8329 8330
8330 8331
8331 8332
8332 8333
8333 8334
8334 8335
8335 8336
8336 8337
9078 9079
9079 9080
9080 9081
9081 9082
9082 9083
9083 9084
9084 9085
9085 9086
9086 9087
9087 9088
9088 9089
9089 9090
9090 9091
9091 9092
9092 9093
9093 9094
9094 9095
9095 9096
9096 9097
9097 9098
9098 9099
9099 9100
9100 9101
9101 9102
9102 9103
9103 9104
9104 9105
9105 9106
9106 9107
2847 2848
2848 2849
2849 2850
2850 2851
2851 2852
2852 2853
2853 2854
2854 2855
2855 2856
2856 2857
2857 2858
2858 2859
2859 2860
2860 2861
2861 2862
2862 2863
2863 2864
2864 2865
2865 2866
2866 2867
2867 2868
2868 2869
2869 2870
508 509
509 510
510 511
511 512
512 513
513 514
514 515
515 516
516 517
517 518
518 519
519 520
520 521
521 522
522 523
523 524
524 525
525 526
5199 5200
5200 5201
5201 5202
5202 5203
5203 5204
5204 5205
5205 5206
5206 5207
5207 5208
5208 5209
5209 5210
5210 5211
5211 5212
5212 5213
5213 5214
5214 5215
5215 5216
5216 5217
5217 5218
5218 5219
5219 5220
5220 5221
5221 5222
5222 5223
5223 5224
5224 5225
5225 5226
5226 5227
5227 5228
5228 5229
5229 5230
5230 5231
5231 5232
5232 5233
5233 5234
5234 5235
5235 5236
5236 5237
5237 5238
5238 5239
5239 5240
5240 5241
5241 5242
5242 5243
5243 5244
5244 5245
5245 5246
5246 5247
5247 5248
5248 5249
5249 5250
5250 5251
5251 5252
5252 5253
5253 5254
5254 5255
5255 5256
5256 5257
5257 5258
5258 5259
5259 5260
5260 5261
5261 5262
5262 5263
5263 5264
5264 5265
5265 5266
5266 5267
5267 5268
5268 5269
5269 5270
5270 5271
5271 5272
5272 5273
5273 5274
5274 5275
5275 5276
5276 5277
5277 5278
5278 5279
5279 5280
1663 1664
1664 1665
1665 1666
1666 1667
1667 1668
1668 1669
1669 1670
1670 1671
1671 1672
1672 1673
1673 1674
1674 1675
1675 1676
1676 1677
1677 1678
1678 1679
1679 1680
1680 1681
1681 1682
1682 1683
4746 4747
4747 4748
4748 4749
4749 4750
4750 4751
4751 4752
4752 4753
4753 4754
4754 4755
4755 4756
4756 4757
4757 4758
4758 4759
4759 4760
4760 4761
4661 4662
5350 5351
5351 5352
5352 5353
5353 5354
5354 5355
5355 5356
5356 5357
5357 5358
5358 5359
5359 5360
5360 5361
5361 5362
5362 5363
5363 5364
5364 5365
5365 5366
5366 5367
5367 5368
5368 5369
5369 5370
5370 5371
5371 5372
5372 5373
5373 5374
5374 5375
5375 5376
5376 5377
5377 5378
5378 5379
5379 5380
5380 5381
5381 5382
5382 5383
5383 5384
5384 5385
5385 5386
5386 5387
5387 5388
5388 5389
5389 5390
5390 5391
5391 5392
5392 5393
5393 5394
7229 7230
7230 7231
7231 7232
7232 7233
8668 8669
8669 8670
8670 8671
8671 8672
8672 8673
8673 8674
8674 8675
8675 8676
8676 8677
8677 8678
8678 8679
8679 8680
8680 8681
8681 8682
8682 8683
8683 8684
8684 8685
8685 8686
8686 8687
8687 8688
8688 8689
4306 4307
4307 4308
4308 4309
4309 4310
4310 4311
4311 4312
4312 4313
4313 4314
4314 4315
4315 4316
4316 4317
4317 4318
4318 4319
4319 4320
4320 4321
4321 4322
4322 4323
4323 4324
4324 4325
4325 4326
4326 4327
4327 4328
4328 4329
4329 4330
4330 4331
4331 4332
4332 4333
4333 4334
4334 4335
4335 4336
4336 4337
4337 4338
4338 4339
4339 4340
4340 4341
4341 4342
4342 4343
4343 4344
4344 4345
4345 4346
4346 4347
4347 4348
4348 4349
4349 4350
4350 4351
4351 4352
4352 4353
4353 4354
4354 4355
4355 4356
4356 4357
4357 4358
4358 4359
4359 4360
4360 4361
4361 4362
4362 4363
4363 4364
1863 1864
1864 1865
1865 1866
1866 1867
1867 1868
1868 1869
1869 1870
1870 1871
1871 1872
1872 1873
1873 1874
1874 1875
1875 1876
1876 1877
1877 1878
1878 1879
5534 5535
5535 5536
5536 5537
5537 5538
5538 5539
5539 5540
5540 5541
5541 5542
5542 5543
5543 5544
5544 5545
5545 5546
5546 5547
5547 5548
5548 5549
5549 5550
5550 5551
5551 5552
5552 5553
5553 5554
5554 5555
5555 5556
5556 5557
5557 5558
5558 5559
5559 5560
5560 5561
5561 5562
5562 5563
5563 5564
5564 5565
5565 5566
5566 5567
5567 5568
5568 5569
5569 5570
3359 3360
3360 3361
3361 3362
3362 3363
3363 3364
3364 3365
3365 3366
3366 3367
3367 3368
3368 3369
3369 3370
3370 3371
3371 3372
3372 3373
3373 3374
3374 3375
3479 3480
3480 3481
3481 3482
3482 3483
3483 3484
3484 3485
3485 3486
3486 3487
3487 3488
3488 3489
3489 3490
3490 3491
3491 3492
3492 3493
3493 3494
3494 3495
3495 3496
3496 3497
3497 3498
3498 3499
3499 3500
3500 3501
3501 3502
3502 3503
3503 3504
3504 3505
2583 2584
2584 2585
2585 2586
2586 2587
2587 2588
2588 2589
2589 2590
2590 2591
2591 2592
2592 2593
1458 1459
1459 1460
1460 1461
1461 1462
1462 1463
1463 1464
1464 1465
1465 1466
1466 1467
1467 1468
2843 2844
2844 2845
2845 2846
2846 2847
2847 2848
3215 3216
3216 3217
2150 2151
2151 2152
2152 2153
2153 2154
2154 2155
2155 2156
2156 2157
2157 2158
2158 2159
2159 2160
2160 2161
2161 2162
2162 2163
2163 2164
2164 2165
2165 2166
2166 2167
2167 2168
2168 2169
2169 2170
2170 2171
2171 2172
2172 2173
2173 2174
2174 2175
2175 2176
2176 2177
2177 2178
2178 2179
2179 2180
2180 2181
2181 2182
2182 2183
2183 2184
2184 2185
2185 2186
2186 2187
2187 2188
2188 2189
2189 2190
2190 2191
2191 2192
2192 2193
2193 2194
2194 2195
2195 2196
2196 2197
2197 2198
8928 8929
8929 8930
8930 8931
8931 8932
8932 8933
8933 8934
8934 8935
8935 8936
8936 8937
8937 8938
8938 8939
8939 8940
8940 8941
8941 8942
8942 8943
8943 8944
8944 8945
8945 8946
8946 8947
8947 8948
8948 8949
8949 8950
8950 8951
8951 8952
8952 8953
8953 8954
8954 8955
8955 8956
8956 8957
8957 8958
8958 8959
8959 8960
8960 8961
8961 8962
8962 8963
8963 8964
8964 8965
8965 8966
8966 8967
8967 8968
8968 8969
8969 8970
8970 8971
8971 8972
8972 8973
8973 8974
8974 8975
8975 8976
8976 8977
8977 8978
8978 8979
8979 8980
8980 8981
8981 8982
8982 8983
8983 8984
8984 8985
8985 8986
8986 8987
8987 8988
8988 8989
8989 8990
8990 8991
8991 8992
8992 8993
8993 8994
8994 8995
8995 8996
8996 8997
8997 8998
8998 8999
8999 9000
9000 9001
9001 9002
9002 9003
9003 9004
9004 9005
9005 9006
9006 9007
9007 9008
507 508
508 509
509 510
510 511
511 512
512 513
513 514
3481 3482
3482 3483
3483 3484
3484 3485
1676 1677
1677 1678
1678 1679
1679 1680
1680 1681
1681 1682
1682 1683
1683 1684
1684 1685
1685 1686
1686 1687
1687 1688
1688 1689
1689 1690
1690 1691
1691 1692
1692 1693
1693 1694
1694 1695
1695 1696
1696 1697
1697 1698
1698 1699
1699 1700
1700 1701
1701 1702
1702 1703
1703 1704
1704 1705
1705 1706
1706 1707
1707 1708
1708 1709
1709 1710
1710 1711
1711 1712
1712 1713
1713 1714
1714 1715
1715 1716
1716 1717
1717 1718
1718 1719
1719 1720
1720 1721
1721 1722
1722 1723
1723 1724
1724 1725
1725 1726
1726 1727
1727 1728
1728 1729
1729 1730
1730 1731
1731 1732
1732 1733
1733 1734
1734 1735
408 409
409 410
410 411
411 412
412 413
413 414
6174 6175
6175 6176
6176 6177
6177 6178
6178 6179
6179 6180
6180 6181
9051 9052
9052 9053
9053 9054
9054 9055
9055 9056
9056 9057
9057 9058
9058 9059
9059 9060
9060 9061
9061 9062
9062 9063
9063 9064
9064 9065
9065 9066
9066 9067
9067 9068
9068 9069
9069 9070
9070 9071
9071 9072
9072 9073
9073 9074
9074 9075
9075 9076
9076 9077
9077 9078
9078 9079
9079 9080
9080 9081
9081 9082
9082 9083
9083 9084
9084 9085
9085 9086
9086 9087
9087 9088
9088 9089
9089 9090
9090 9091
9091 9092
9092 9093
9093 9094
9094 9095
9095 9096
9096 9097
6481 6482
6482 6483
6483 6484
6484 6485
7701 7702
7702 7703
7703 7704
7704 7705
7705 7706
7706 7707
7707 7708
7708 7709
7709 7710
7710 7711
7711 7712
7712 7713
7713 7714
7714 7715
7715 7716
7716 7717
7717 7718
7718 7719
7719 7720
7720 7721
7721 7722
7722 7723
7723 7724
7724 7725
7725 7726
7726 7727
7727 7728
7728 7729
7729 7730
7730 7731
7731 7732
7732 7733
7733 7734
7734 7735
7735 7736
7736 7737
7737 7738
7738 7739
7739 7740
7740 7741
5716 5717
5717 5718
5718 5719
5719 5720
5720 5721
5721 5722
5722 5723
5723 5724
5724 5725
5725 5726
5726 5727
5727 5728
5728 5729
5729 5730
5730 5731
5731 5732
5732 5733
5733 5734
5734 5735
5735 5736
5736 5737
5737 5738
5738 5739
5739 5740
5740 5741
5741 5742
5742 5743
5743 5744
5744 5745
5745 5746
5746 5747
5747 5748
5748 5749
5749 5750
5750 5751
5751 5752
5752 5753
5753 5754
5754 5755
5755 5756
5756 5757
5757 5758
5758 5759
5759 5760
5760 5761
5761 5762
5762 5763
945 946
8349 8350
8350 8351
8351 8352
8352 8353
8353 8354
8354 8355
8355 8356
8356 8357
8357 8358
8358 8359
8359 8360
8360 8361
8361 8362
8362 8363
8363 8364
8364 8365
8365 8366
8366 8367
8367 8368
8368 8369
8369 8370
8370 8371
8371 8372
8372 8373
8373 8374
8374 8375
8375 8376
8376 8377
8377 8378
8378 8379
8379 8380
8380 8381
8381 8382
8382 8383
8383 8384
8384 8385
8385 8386
8386 8387
8387 8388
8388 8389
8389 8390
8390 8391
8391 8392
8392 8393
8393 8394
8394 8395
8395 8396
8396 8397
8397 8398
1808 1809
1809 1810
1810 1811
1811 1812
1812 1813
1813 1814
1814 1815
1815 1816
1816 1817
1817 1818
1818 1819
1819 1820
1820 1821
1821 1822
1822 1823
1823 1824
1824 1825
1825 1826
1826 1827
1827 1828
6402 6403
6403 6404
6404 6405
6405 6406
6406 6407
6407 6408
6408 6409
6409 6410
6410 6411
6411 6412
6412 6413
6413 6414
6414 6415
6415 6416
6416 6417
6417 6418
6418 6419
6419 6420
6420 6421
6421 6422
6422 6423
6423 6424
6424 6425
6425 6426
6426 6427
6427 6428
6428 6429
6429 6430
6430 6431
6431 6432
6432 6433
6433 6434
6434 6435
6435 6436
6436 6437
6437 6438
6438 6439
6439 6440
6440 6441
6441 6442
6442 6443
6443 6444
6444 6445
6445 6446
6446 6447
6447 6448
6448 6449
6449 6450
6450 6451
6451 6452
312 313
313 314
314 315
315 316
316 317
317 318
318 319
319 320
320 321
321 322
322 323
323 324
324 325
325 326
326 327
327 328
328 329
329 330
330 331
331 332
332 333
333 334
334 335
335 336
336 337
337 338
338 339
339 340
340 341
341 342
342 343
343 344
344 345
345 346
346 347
347 348
348 349
349 350
350 351
351 352
352 353
353 354
354 355
355 356
356 357
357 358
358 359
359 360
360 361
361 362
362 363
363 364
8114 8115
8115 8116
8116 8117
8117 8118
8118 8119
8119 8120
8120 8121
8121 8122
8122 8123
8123 8124
8124 8125
8125 8126
8126 8127
8127 8128
8128 8129
8129 8130
8130 8131
8131 8132
8132 8133
8133 8134
8134 8135
8135 8136
8136 8137
8137 8138
8138 8139
8139 8140
8140 8141
8141 8142
8142 8143
8143 8144
8144 8145
8145 8146
8146 8147
8147 8148
8148 8149
8149 8150
2354 2355
2355 2356
2356 2357
2357 2358
2358 2359
2359 2360
2360 2361
2361 2362
5862 5863
5863 5864
5864 5865
5865 5866
5866 5867
5867 5868
5868 5869
5869 5870
5870 5871
5871 5872
6642 6643
6643 6644
6644 6645
6645 6646
6646 6647
6647 6648
6648 6649
6649 6650
6650 6651
6651 6652
6652 6653
6653 6654
6654 6655
6655 6656
6656 6657
6657 6658
6658 6659
6659 6660
6660 6661
6661 6662
6662 6663
6663 6664
6664 6665
6665 6666
6666 6667
6667 6668
6668 6669
6669 6670
6670 6671
6671 6672
6672 6673
6673 6674
6674 6675
6675 6676
6676 6677
7104 7105
8836 8837
8837 8838
8838 8839
8839 8840
8840 8841
8841 8842
8842 8843
8843 8844
3131 3132
3132 3133
3133 3134
3134 3135
3135 3136
3136 3137
3137 3138
3138 3139
3139 3140
3140 3141
3141 3142
3142 3143
3143 3144
3144 3145
3145 3146
3146 3147
3147 3148
3148 3149
3149 3150
3150 3151
3151 3152
3152 3153
3153 3154
3154 3155
3155 3156
3156 3157
3157 3158
3158 3159
3159 3160
3160 3161
3161 3162
3162 3163
3163 3164
3164 3165
3165 3166
3166 3167
3167 3168
3168 3169
3169 3170
3170 3171
3171 3172
3172 3173
3173 3174
3174 3175
3175 3176
3176 3177
3177 3178
3178 3179
3179 3180
3180 3181
3181 3182
3182 3183
3183 3184
3184 3185
3185 3186
3186 3187
3187 3188
3188 3189
3189 3190
3190 3191
3191 3192
3192 3193
3193 3194
3194 3195
3195 3196
3196 3197
3197 3198
3198 3199
3199 3200
3200 3201
3201 3202
3202 3203
3203 3204
3204 3205
3205 3206
3206 3207
3207 3208
3208 3209
3209 3210
3210 3211
3762 3763
3763 3764
3764 3765
8848 8849
8849 8850
8850 8851
8851 8852
8852 8853
8853 8854
8854 8855
8855 8856
8856 8857
8857 8858
8858 8859
8859 8860
8860 8861
8861 8862
8862 8863
8863 8864
8864 8865
8865 8866
8866 8867
8867 8868
8868 8869
8869 8870
8870 8871
8871 8872
8872 8873
8873 8874
8874 8875
8875 8876
8876 8877
8877 8878
8878 8879
8879 8880
8880 8881
8881 8882
8882 8883
8883 8884
7740 7741
7741 7742
7742 7743
7743 7744
7744 7745
7745 7746
7746 7747
7747 7748
7748 7749
7749 7750
7750 7751
7751 7752
7752 7753
7753 7754
7754 7755
7755 7756
4062 4063
4063 4064
4064 4065
4065 4066
4066 4067
4067 4068
4068 4069
4069 4070
4070 4071
4071 4072
4072 4073
4073 4074
4074 4075
4075 4076
4076 4077
4077 4078
4078 4079
4079 4080
4080 4081
4081 4082
4082 4083
4083 4084
4084 4085
4085 4086
4086 4087
4087 4088
4088 4089
4089 4090
4090 4091
4091 4092
4092 4093
4093 4094
4094 4095
4095 4096
4096 4097
4097 4098
9905 9906
9906 9907
9907 9908
9908 9909
9909 9910
9910 9911
9911 9912
9912 9913
9913 9914
9914 9915
9915 9916
9916 9917
9917 9918
9918 9919
9919 9920
9920 9921
9921 9922
9922 9923
9923 9924
9924 9925
9925 9926
9926 9927
9927 9928
9928 9929
9929 9930
9930 9931
9931 9932
9932 9933
9933 9934
9934 9935
9935 9936
9936 9937
9937 9938
9938 9939
9939 9940
9940 9941
9941 9942
9942 9943
9943 9944
9944 9945
9945 9946
9946 9947
9947 9948
9948 9949
9949 9950
9950 9951
9951 9952
9952 9953
9953 9954
9954 9955
9955 9956
9956 9957
9957 9958
9958 9959
9959 9960
9960 9961
9961 9962
9962 9963
9963 9964
9964 9965
9203 9204
9204 9205
9205 9206
9206 9207
9207 9208
9208 9209
9209 9210
9210 9211
9211 9212
9212 9213
9213 9214
9214 9215
9215 9216
9216 9217
9217 9218
9218 9219
9219 9220
9220 9221
9221 9222
9222 9223
9223 9224
9224 9225
9225 9226
9226 9227
9227 9228
9228 9229
9229 9230
9230 9231
9231 9232
9232 9233
9233 9234
9234 9235
9235 9236
9236 9237
9237 9238
9238 9239
9239 9240
9240 9241
9241 9242
9242 9243
9243 9244
9244 9245
9245 9246
9246 9247
9247 9248
9248 9249
9249 9250
9250 9251
9251 9252
9252 9253
9253 9254
9254 9255
9255 9256
9256 9257
9257 9258
9258 9259
9259 9260
9260 9261
9261 9262
9262 9263
9263 9264
9264 9265
9265 9266
9266 9267
9267 9268
9268 9269
9269 9270
9270 9271
9271 9272
9272 9273
9273 9274
9274 9275
9275 9276
9276 9277
2884 2885
2885 2886
2886 2887
2887 2888
2888 2889
2889 2890
2890 2891
2891 2892
2892 2893
2893 2894
2894 2895
4619 4620
4620 4621
4621 4622
4622 4623
4623 4624
4624 4625
4625 4626
4626 4627
4627 4628
4628 4629
4629 4630
4630 4631
4631 4632
4632 4633
4633 4634
4634 4635
4635 4636
4636 4637
4637 4638
4638 4639
4639 4640
4640 4641
4641 4642
4642 4643
4643 4644
4644 4645
4645 4646
4646 4647
4647 4648
4648 4649
4649 4650
4650 4651
4651 4652
4652 4653
4653 4654
4654 4655
4655 4656
4656 4657
4657 4658
4658 4659
4659 4660
4660 4661
4661 4662
4662 4663
4663 4664
4664 4665
4665 4666
4666 4667
4667 4668
4668 4669
4669 4670
4670 4671
4671 4672
4672 4673
4673 4674
4674 4675
4675 4676
4676 4677
4677 4678
4678 4679
4679 4680
4680 4681
4681 4682
4682 4683
4683 4684
4684 4685
4685 4686
4686 4687
4687 4688
4688 4689
4689 4690
4690 4691
4691 4692
4692 4693
4693 4694
4694 4695
4695 4696
4696 4697
4697 4698
4698 4699
4699 4700
4700 4701
4701 4702
4702 4703
4703 4704
4704 4705
8702 8703
8703 8704
8704 8705
8705 8706
8706 8707
8707 8708
8708 8709
8709 8710
8710 8711
8711 8712
8712 8713
8713 8714
8714 8715
8715 8716
1198 1199
1199 1200
1200 1201
1201 1202
7014 7015
7015 7016
7016 7017
7017 7018
7018 7019
7019 7020
3451 3452
3452 3453
3453 3454
3454 3455
3455 3456
3456 3457
3457 3458
2056 2057
2057 2058
2058 2059
2059 2060
2060 2061
2061 2062
663 664
664 665
665 666
666 667
667 668
668 669
669 670
670 671
671 672
672 673
673 674
674 675
675 676
676 677
677 678
678 679
679 680
680 681
681 682
682 683
683 684
8697 8698
8698 8699
8699 8700
8700 8701
8701 8702
8702 8703
8703 8704
8704 8705
8705 8706
8706 8707
8707 8708
8708 8709
8709 8710
8710 8711
8711 8712
8712 8713
8713 8714
8714 8715
8715 8716
8716 8717
8717 8718
8718 8719
8719 8720
8720 8721
8721 8722
8722 8723
8723 8724
8724 8725
8725 8726
8726 8727
8727 8728
8728 8729
8729 8730
8730 8731
8731 8732
8732 8733
8733 8734
1432 1433
1433 1434
1434 1435
1435 1436
1436 1437
1778 1779
1779 1780
1780 1781
1781 1782
1782 1783
1783 1784
1784 1785
1785 1786
1786 1787
1787 1788
1788 1789
1789 1790
1790 1791
1791 1792
1792 1793
1793 1794
1794 1795
1795 1796
1796 1797
1797 1798
1798 1799
1799 1800
1800 1801
1801 1802
1802 1803
1803 1804
1804 1805
1805 1806
1806 1807
1807 1808
5660 5661
5661 5662
5662 5663
5663 5664
5664 5665
5665 5666
5666 5667
5667 5668
5668 5669
5669 5670
5670 5671
5671 5672
5672 5673
5673 5674
5674 5675
5675 5676
5676 5677
5677 5678
5678 5679
5679 5680
5680 5681
5681 5682
5682 5683
5683 5684
5684 5685
5685 5686
5686 5687
5687 5688
5688 5689
5689 5690
5690 5691
5691 5692
8208 8209
8209 8210
8210 8211
8211 8212
8212 8213
7654 7655
7655 7656
7656 7657
7657 7658
7658 7659
7659 7660
7660 7661
7661 7662
7662 7663
7663 7664
7664 7665
7665 7666
3396 3397
3397 3398
3398 3399
3399 3400
3400 3401
3401 3402
3402 3403
3403 3404
3404 3405
3405 3406
3406 3407
3407 3408
3408 3409
3409 3410
3410 3411
3411 3412
3412 3413
3413 3414
3414 3415
3415 3416
3416 3417
3417 3418
3418 3419
3419 3420
3420 3421
3421 3422
3422 3423
3423 3424
3424 3425
3425 3426
3426 3427
3427 3428
3428 3429
3429 3430
3430 3431
3431 3432
3432 3433
3433 3434
3434 3435
3435 3436
3436 3437
3437 3438
3438 3439
3439 3440
3440 3441
3441 3442
3442 3443
3443 3444
3444 3445
3445 3446
3446 3447
3447 3448
3448 3449
3449 3450
3450 3451
3451 3452
3452 3453
3453 3454
3454 3455
3455 3456
3456 3457
3457 3458
3458 3459
3459 3460
3460 3461
3461 3462
3462 3463
3463 3464
3464 3465
3465 3466
3466 3467
3467 3468
3468 3469
3469 3470
3470 3471
3471 3472
3472 3473
3473 3474
3474 3475
3475 3476
3476 3477
3477 3478
3478 3479
3479 3480
3480 3481
3481 3482
3482 3483
3483 3484
3484 3485
2231 2232
2232 2233
2233 2234
2234 2235
2235 2236
2236 2237
2237 2238
2238 2239
2239 2240
2240 2241
2241 2242
2242 2243
2243 2244
2244 2245
2245 2246
1809 1810
1810 1811
1811 1812
1812 1813
1813 1814
1814 1815
1815 1816
1816 1817
1817 1818
1818 1819
1819 1820
1820 1821
1821 1822
6971 6972
6972 6973
6973 6974
6974 6975
6975 6976
6976 6977
6977 6978
6978 6979
6979 6980
6980 6981
6981 6982
6982 6983
6983 6984
6984 6985
6985 6986
6986 6987
6987 6988
6988 6989
6989 6990
6990 6991
6991 6992
6992 6993
6993 6994
6994 6995
6995 6996
6996 6997
6997 6998
6998 6999
6999 7000
7000 7001
7001 7002
7002 7003
7003 7004
7004 7005
7005 7006
7006 7007
7007 7008
7008 7009
7009 7010
7010 7011
7011 7012
7012 7013
7013 7014
7014 7015
7015 7016
2928 2929
2929 2930
2930 2931
2931 2932
2932 2933
2933 2934
2934 2935
2935 2936
4281 4282
4282 4283
4283 4284
4284 4285
4285 4286
4286 4287
4287 4288
4288 4289
4289 4290
4290 4291
4291 4292
4292 4293
4293 4294
4294 4295
4295 4296
4296 4297
4297 4298
4298 4299
4299 4300
4300 4301
4301 4302
4302 4303
4303 4304
4304 4305
4305 4306
4306 4307
4307 4308
4308 4309
4309 4310
4310 4311
4311 4312
4312 4313
4313 4314
4314 4315
5491 5492
5492 5493
5493 5494
5494 5495
5495 5496
5496 5497
5497 5498
5498 5499
5499 5500
5500 5501
5501 5502
5502 5503
5503 5504
5504 5505
5505 5506
5506 5507
5507 5508
5508 5509
5509 5510
5510 5511
5511 5512
5512 5513
5513 5514
5514 5515
5515 5516
5516 5517
5517 5518
5518 5519
5519 5520
5520 5521
5521 5522
5522 5523
5523 5524
5524 5525
5525 5526
5526 5527
5527 5528
5528 5529
5529 5530
5530 5531
5531 5532
5532 5533
5533 5534
5534 5535
5535 5536
5536 5537
5537 5538
5538 5539
5539 5540
5540 5541
5541 5542
5542 5543
5543 5544
5544 5545
5545 5546
5546 5547
5547 5548
5548 5549
5549 5550
5550 5551
5551 5552
5552 5553
5553 5554
5554 5555
5555 5556
5556 5557
5557 5558
5558 5559
5559 5560
5560 5561
5561 5562
5562 5563
5563 5564
5564 5565
5565 5566
5566 5567
5567 5568
5568 5569
5569 5570
5570 5571
5571 5572
5572 5573
5573 5574
5574 5575
5575 5576
5576 5577
5577 5578
5578 5579
5579 5580
5580 5581
5581 5582
5582 5583
5583 5584
5584 5585
5585 5586
5586 5587
5587 5588
5588 5589
5589 5590
5590 5591
5591 5592
5592 5593
5593 5594
5594 5595
5595 5596
5596 5597
5597 5598
5598 5599
5599 5600
5600 5601
5601 5602
5602 5603
5603 5604
5604 5605
5605 5606
5606 5607
5607 5608
5608 5609
5609 5610
5610 5611
5611 5612
5612 5613
5613 5614
5614 5615
5615 5616
5616 5617
5617 5618
5618 5619
5619 5620
5620 5621
5621 5622
5622 5623
5623 5624
5624 5625
5625 5626
5626 5627
5627 5628
5628 5629
5629 5630
5630 5631
5631 5632
5632 5633
5633 5634
5634 5635
5635 5636
5636 5637
5637 5638
5638 5639
5639 5640
5640 5641
5641 5642
5642 5643
5643 5644
5644 5645
5645 5646
5646 5647
5647 5648
5648 5649
5649 5650
5650 5651
7689 7690
7690 7691
7691 7692
7692 7693
7693 7694
7694 7695
7695 7696
7696 7697
7697 7698
7698 7699
7699 7700
7700 7701
7701 7702
7702 7703
7703 7704
7704 7705
7705 7706
7706 7707
7707 7708
7708 7709
7709 7710
7710 7711
7711 7712
7712 7713
7713 7714
7714 7715
7715 7716
7716 7717
7717 7718
7718 7719
7719 7720
7720 7721
7721 7722
7722 7723
7723 7724
7724 7725
2731 2732
2732 2733
2733 2734
2734 2735
2735 2736
2736 2737
2737 2738
2738 2739
2739 2740
2740 2741
2741 2742
2742 2743
2743 2744
2744 2745
2745 2746
2746 2747
2747 2748
2748 2749
2749 2750
2750 2751
2751 2752
2752 2753
2753 2754
2754 2755
2755 2756
2756 2757
2757 2758
2758 2759
3139 3140
3140 3141
3141 3142
3142 3143
3143 3144
612 613
613 614
614 615
615 616
616 617
617 618
618 619
619 620
620 621
621 622
622 623
623 624
624 625
8809 8810
8810 8811
8811 8812
8812 8813
8813 8814
8814 8815
8815 8816
8816 8817
8817 8818
8818 8819
8819 8820
8820 8821
8821 8822
8822 8823
8823 8824
8824 8825
8825 8826
8826 8827
8827 8828
8828 8829
8313 8314
8314 8315
8315 8316
8316 8317
6896 6897
6897 6898
6898 6899
6899 6900
6900 6901
6901 6902
6902 6903
6903 6904
6904 6905
2796 2797
2797 2798
2798 2799
2799 2800
2800 2801
2801 2802
2802 2803
2803 2804
2804 2805
2805 2806
2806 2807
2807 2808
2808 2809
2809 2810
2810 2811
2811 2812
2812 2813
2813 2814
2814 2815
2815 2816
2816 2817
2817 2818
2818 2819
2819 2820
2820 2821
2821 2822
2822 2823
2823 2824
2824 2825
2825 2826
2826 2827
2827 2828
2828 2829
2829 2830
2830 2831
2831 2832
2832 2833
2833 2834
2834 2835
2835 2836
2836 2837
2837 2838
2838 2839
2839 2840
2840 2841
2841 2842
2842 2843
2843 2844
2844 2845
2845 2846
2846 2847
2847 2848
2848 2849
2849 2850
2850 2851
2851 2852
2852 2853
2853 2854
2854 2855
2855 2856
2856 2857
2857 2858
2858 2859
2859 2860
2860 2861
2861 2862
2862 2863
2863 2864
2864 2865
2865 2866
2866 2867
2867 2868
2868 2869
1263 1264
1264 1265
1265 1266
1266 1267
1267 1268
1268 1269
1269 1270
1270 1271
1271 1272
1272 1273
1273 1274
1274 1275
1275 1276
1276 1277
1277 1278
1278 1279
1279 1280
1280 1281
1281 1282
1282 1283
1283 1284
1284 1285
1285 1286
1286 1287
1287 1288
1288 1289
1289 1290
1290 1291
1291 1292
1292 1293
1293 1294
1294 1295
6740 6741
6741 6742
6742 6743
6743 6744
6744 6745
6745 6746
6746 6747
6747 6748
6748 6749
6749 6750
6750 6751
6751 6752
6752 6753
6753 6754
6754 6755
6755 6756
6756 6757
6757 6758
6758 6759
6759 6760
6760 6761
6761 6762
6762 6763
6763 6764
6764 6765
6765 6766
6766 6767
6767 6768
6768 6769
6769 6770
6770 6771
6771 6772
6772 6773
6773 6774
6774 6775
6775 6776
6776 6777
6777 6778
6778 6779
6779 6780
6780 6781
6781 6782
6782 6783
6783 6784
6784 6785
6785 6786
6786 6787
6787 6788
6788 6789
6789 6790
6790 6791
2117 2118
2118 2119
2119 2120
2120 2121
2121 2122
2122 2123
2123 2124
2124 2125
2125 2126
2126 2127
2127 2128
2128 2129
2129 2130
2130 2131
2131 2132
2132 2133
2133 2134
2134 2135
2135 2136
2136 2137
2137 2138
2138 2139
2139 2140
2140 2141
2141 2142
2142 2143
2143 2144
2144 2145
2145 2146
2146 2147
2147 2148
2148 2149
2149 2150
2150 2151
2151 2152
2152 2153
2153 2154
2154 2155
2155 2156
2156 2157
2157 2158
2158 2159
2159 2160
2160 2161
2161 2162
2162 2163
2163 2164
2164 2165
9170 9171
9171 9172
9172 9173
9173 9174
9174 9175
9175 9176
9176 9177
9177 9178
9178 9179
9179 9180
9180 9181
9181 9182
9182 9183
9183 9184
9184 9185
9185 9186
8952 8953
8953 8954
8954 8955
8955 8956
8956 8957
8957 8958
8958 8959
8959 8960
8960 8961
8961 8962
8962 8963
8963 8964
8964 8965
8965 8966
8966 8967
8967 8968
8968 8969
8969 8970
8970 8971
8971 8972
8972 8973
8973 8974
8974 8975
8975 8976
8976 8977
8977 8978
8978 8979
8979 8980
8980 8981
8981 8982
8982 8983
8983 8984
8984 8985
8985 8986
8986 8987
8987 8988
8988 8989
8989 8990
8990 8991
8991 8992
8992 8993
8993 8994
8994 8995
8995 8996
8996 8997
8997 8998
8998 8999
8999 9000
9000 9001
9001 9002
9002 9003
9003 9004
9004 9005
9005 9006
9006 9007
9007 9008
9008 9009
9009 9010
9010 9011
9011 9012
9012 9013
9013 9014
9014 9015
9015 9016
9016 9017
9017 9018
9903 9904
9904 9905
9905 9906
9906 9907
9907 9908
9908 9909
9909 9910
9910 9911
9911 9912
9912 9913
9913 9914
9914 9915
9915 9916
9916 9917
9917 9918
9918 9919
9919 9920
9920 9921
9921 9922
9922 9923
8719 8720
8720 8721
8721 8722
8722 8723
8723 8724
1373 1374
1374 1375
1375 1376
1376 1377
1377 1378
1378 1379
1379 1380
1380 1381
1381 1382
1382 1383
1383 1384
1384 1385
1385 1386
1386 1387
1387 1388
1388 1389
1389 1390
1390 1391
1391 1392
1392 1393
1393 1394
1394 1395
1395 1396
1396 1397
1397 1398
1398 1399
1399 1400
1400 1401
1401 1402
1402 1403
1403 1404
1404 1405
1405 1406
1406 1407
1407 1408
1408 1409
1409 1410
1410 1411
1411 1412
8607 8608
8608 8609
8609 8610
8610 8611
8611 8612
8612 8613
8613 8614
8614 8615
8615 8616
8616 8617
8617 8618
8618 8619
8619 8620
8620 8621
8621 8622
8622 8623
5823 5824
5824 5825
5825 5826
5826 5827
5827 5828
5828 5829
5829 5830
5830 5831
5831 5832
5832 5833
5833 5834
5834 5835
5835 5836
5836 5837
5837 5838
5838 5839
5839 5840
5840 5841
5841 5842
5842 5843
5843 5844
5844 5845
5845 5846
5846 5847
5847 5848
5848 5849
5849 5850
5850 5851
5851 5852
5852 5853
5853 5854
5854 5855
5855 5856
5856 5857
5857 5858
5858 5859
5859 5860
5860 5861
5861 5862
5862 5863
5863 5864
5864 5865
5865 5866
5866 5867
5867 5868
5868 5869
5869 5870
5870 5871
5871 5872
5872 5873
5873 5874
5874 5875
5875 5876
5876 5877
5877 5878
5878 5879
5879 5880
5880 5881
223 224
224 225
225 226
226 227
227 228
228 229
229 230
230 231
231 232
232 233
233 234
234 235
235 236
236 237
237 238
238 239
239 240
240 241
241 242
242 243
243 244
244 245
245 246
246 247
247 248
248 249
249 250
250 251
251 252
252 253
253 254
254 255
349 350
350 351
351 352
352 353
353 354
354 355
355 356
356 357
357 358
358 359
359 360
360 361
361 362
362 363
363 364
364 365
365 366
366 367
367 368
368 369
369 370
370 371
371 372
372 373
373 374
374 375
375 376
376 377
377 378
378 379
379 380
3686 3687
3687 3688
3688 3689
3689 3690
3690 3691
3691 3692
3692 3693
3693 3694
3694 3695
3695 3696
3696 3697
3697 3698
3698 3699
3699 3700
3700 3701
3701 3702
3702 3703
3703 3704
3704 3705
3705 3706
6950 6951
6951 6952
6952 6953
6953 6954
6954 6955
6955 6956
6956 6957
6957 6958
6958 6959
6959 6960
6960 6961
6961 6962
6962 6963
6963 6964
6964 6965
6965 6966
6966 6967
6967 6968
6968 6969
6969 6970
6970 6971
6971 6972
6972 6973
2155 2156
2156 2157
2157 2158
2158 2159
2159 2160
2160 2161
2161 2162
2162 2163
2163 2164
2164 2165
2165 2166
2166 2167
2167 2168
2168 2169
2169 2170
2170 2171
2171 2172
2172 2173
2173 2174
2174 2175
2175 2176
2176 2177
2177 2178
2178 2179
7247 7248
7248 7249
7249 7250
7250 7251
7251 7252
7252 7253
7253 7254
7254 7255
7255 7256
7256 7257
7257 7258
7258 7259
7259 7260
7260 7261
7261 7262
7262 7263
7263 7264
7264 7265
7265 7266
7266 7267
7267 7268
7268 7269
2850 2851
2851 2852
2852 2853
2853 2854
2854 2855
2855 2856
2856 2857
2857 2858
2858 2859
2859 2860
9516 9517
9331 9332
9332 9333
9333 9334
9334 9335
9335 9336
9336 9337
9337 9338
9338 9339
9339 9340
9340 9341
9341 9342
9342 9343
9343 9344
9344 9345
9345 9346
9346 9347
9347 9348
9348 9349
9349 9350
9350 9351
9351 9352
9352 9353
9353 9354
9354 9355
9355 9356
9356 9357
9357 9358
9358 9359
9359 9360
9360 9361
9361 9362
9362 9363
9363 9364
2759 2760
2760 2761
2761 2762
1398 1399
1399 1400
1400 1401
1401 1402
1402 1403
1403 1404
1404 1405
1405 1406
1406 1407
1407 1408
1408 1409
1409 1410
1410 1411
1411 1412
1412 1413
1413 1414
1414 1415
1415 1416
1416 1417
1417 1418
1418 1419
1419 1420
1420 1421
1421 1422
1422 1423
1423 1424
1424 1425
1425 1426
1426 1427
1427 1428
1428 1429
1429 1430
1430 1431
1431 1432
1432 1433
1433 1434
1434 1435
1435 1436
1142 1143
1143 1144
1144 1145
1145 1146
1146 1147
1147 1148
1148 1149
1149 1150
1150 1151
1151 1152
1152 1153
1153 1154
1154 1155
5126 5127
5127 5128
5128 5129
5129 5130
5130 5131
5131 5132
5132 5133
5133 5134
5134 5135
5135 5136
5136 5137
5137 5138
5138 5139
5139 5140
5140 5141
5141 5142
5142 5143
5143 5144
5144 5145
5145 5146
5146 5147
5147 5148
5148 5149
6911 6912
6912 6913
6913 6914
6914 6915
6915 6916
6916 6917
6917 6918
6918 6919
6919 6920
6920 6921
6921 6922
6922 6923
6923 6924
6924 6925
6925 6926
6926 6927
2133 2134
2134 2135
2135 2136
2136 2137
2137 2138
2138 2139
2139 2140
2140 2141
2141 2142
2142 2143
2143 2144
2144 2145
2145 2146
2146 2147
2147 2148
2148 2149
2149 2150
2150 2151
2151 2152
2152 2153
2153 2154
2154 2155
2155 2156
2156 2157
2157 2158
2158 2159
2159 2160
2160 2161
2161 2162
2162 2163
2163 2164
2164 2165
2165 2166
2166 2167
2167 2168
2168 2169
2169 2170
2170 2171
2171 2172
2172 2173
2173 2174
2174 2175
2175 2176
2176 2177
2177 2178
2178 2179
2179 2180
2180 2181
2181 2182
2182 2183
2183 2184
5084 5085
5085 5086
5086 5087
5087 5088
5088 5089
448 449
449 450
450 451
451 452
452 453
453 454
454 455
455 456
456 457
457 458
458 459
459 460
460 461
461 462
462 463
9427 9428
9428 9429
9429 9430
9430 9431
9431 9432
9432 9433
9433 9434
9434 9435
9435 9436
9436 9437
9437 9438
9438 9439
9439 9440
9440 9441
9441 9442
9442 9443
9443 9444
9444 9445
9445 9446
9446 9447
9447 9448
9448 9449
9449 9450
9450 9451
9451 9452
9452 9453
9453 9454
9454 9455
6939 6940
6940 6941
6941 6942
6942 6943
6943 6944
6944 6945
6945 6946
6946 6947
6947 6948
6948 6949
6949 6950
6950 6951
6951 6952
6952 6953
6953 6954
6954 6955
6955 6956
6956 6957
6957 6958
6958 6959
6959 6960
6960 6961
6961 6962
6962 6963
6963 6964
6964 6965
6965 6966
4720 4721
4721 4722
8011 8012
8012 8013
8013 8014
8014 8015
8015 8016
8016 8017
8017 8018
8018 8019
915 916
916 917
917 918
918 919
919 920
920 921
921 922
922 923
923 924
924 925
5587 5588
5588 5589
5589 5590
5590 5591
5591 5592
5592 5593
5593 5594
5594 5595
5595 5596
5596 5597
5597 5598
693 694
694 695
695 696
696 697
697 698
698 699
699 700
700 701
701 702
702 703
703 704
704 705
705 706
706 707
707 708
708 709
709 710
710 711
711 712
712 713
713 714
714 715
715 716
716 717
717 718
718 719
719 720
720 721
4765 4766
4766 4767
4767 4768
4768 4769
4769 4770
4770 4771
4771 4772
4772 4773
4773 4774
4774 4775
4775 4776
4518 4519
4519 4520
4520 4521
4521 4522
4522 4523
4523 4524
4524 4525
4525 4526
4526 4527
4527 4528
4528 4529
4529 4530
4530 4531
4531 4532
4532 4533
4533 4534
4534 4535
4535 4536
4536 4537
4537 4538
4538 4539
4539 4540
4540 4541
4541 4542
4542 4543
4543 4544
4544 4545
4545 4546
4546 4547
6687 6688
6688 6689
6689 6690
6690 6691
6691 6692
6692 6693
6693 6694
6694 6695
6695 6696
6696 6697
6697 6698
6698 6699
6699 6700
6700 6701
6701 6702
6702 6703
6703 6704
6704 6705
6705 6706
6706 6707
5519 5520
5520 5521
5521 5522
5522 5523
5523 5524
5524 5525
5525 5526
5526 5527
5527 5528
5528 5529
5529 5530
5530 5531
5531 5532
1959 1960
1960 1961
1961 1962
1962 1963
1963 1964
1964 1965
1965 1966
1966 1967
1967 1968
1968 1969
1969 1970
1970 1971
1971 1972
1972 1973
7294 7295
7295 7296
7296 7297
7297 7298
7298 7299
7299 7300
7300 7301
7301 7302
7302 7303
7303 7304
7304 7305
7305 7306
7306 7307
7307 7308
7308 7309
7309 7310
7310 7311
7311 7312
7312 7313
5239 5240
5240 5241
5241 5242
5242 5243
5243 5244
5244 5245
5245 5246
5246 5247
5247 5248
5248 5249
5249 5250
5250 5251
5251 5252
5252 5253
5253 5254
5254 5255
5255 5256
5256 5257
5257 5258
5258 5259
5259 5260
5260 5261
5261 5262
5262 5263
5263 5264
5264 5265
5265 5266
5266 5267
5267 5268
5268 5269
5269 5270
5270 5271
5271 5272
5272 5273
5273 5274
5274 5275
5275 5276
5276 5277
5277 5278
5278 5279
5279 5280
5280 5281
5281 5282
5282 5283
5283 5284
5284 5285
5285 5286
5286 5287
5287 5288
5288 5289
5289 5290
5290 5291
5291 5292
5292 5293
5293 5294
5294 5295
5295 5296
5296 5297
5297 5298
5298 5299
5299 5300
5300 5301
5301 5302
5302 5303
5303 5304
5304 5305
5305 5306
5306 5307
5307 5308
5308 5309
5309 5310
5310 5311
5311 5312
5312 5313
5313 5314
5314 5315
5315 5316
5316 5317
5317 5318
5318 5319
5319 5320
5320 5321
5321 5322
5322 5323
5323 5324
5324 5325
5325 5326
5326 5327
5327 5328
5328 5329
5329 5330
5330 5331
5331 5332
5332 5333
5333 5334
5334 5335
5335 5336
5336 5337
5337 5338
5338 5339
5339 5340
5340 5341
5341 5342
5342 5343
5343 5344
5344 5345
5345 5346
5346 5347
5347 5348
5348 5349
5349 5350
5350 5351
5351 5352
5352 5353
5353 5354
5354 5355
5355 5356
5356 5357
5357 5358
5358 5359
5359 5360
5360 5361
5361 5362
5362 5363
5363 5364
5364 5365
5365 5366
5366 5367
3760 3761
6597 6598
6598 6599
2573 2574
2574 2575
2575 2576
2576 2577
2577 2578
2578 2579
2579 2580
2580 2581
2581 2582
2582 2583
2583 2584
2584 2585
2585 2586
2586 2587
2587 2588
2588 2589
2589 2590
2590 2591
2591 2592
2592 2593
2593 2594
2594 2595
2595 2596
2596 2597
2597 2598
2598 2599
2599 2600
2600 2601
2601 2602
2602 2603
2603 2604
2604 2605
2605 2606
877 878
878 879
879 880
2247 2248
2248 2249
2249 2250
2250 2251
2251 2252
2252 2253
2253 2254
2254 2255
2255 2256
2256 2257
2257 2258
2258 2259
2259 2260
2260 2261
2261 2262
2262 2263
2263 2264
2264 2265
2265 2266
2266 2267
2267 2268
2268 2269
2269 2270
2270 2271
2271 2272
2272 2273
2273 2274
2274 2275
2275 2276
2276 2277
2277 2278
2278 2279
2279 2280
2280 2281
2281 2282
2282 2283
2283 2284
4473 4474
4474 4475
4475 4476
4476 4477
4477 4478
4478 4479
4479 4480
4480 4481
4481 4482
4482 4483
4483 4484
4484 4485
4485 4486
2431 2432
2432 2433
2433 2434
2434 2435
2435 2436
2436 2437
2437 2438
2438 2439
2439 2440
2440 2441
2441 2442
2442 2443
2443 2444
2444 2445
4183 4184
4184 4185
4185 4186
4186 4187
4187 4188
4188 4189
4189 4190
4190 4191
4191 4192
4192 4193
4193 4194
4194 4195
4195 4196
4196 4197
4197 4198
4198 4199
4199 4200
4200 4201
4201 4202
4202 4203
4203 4204
4204 4205
4205 4206
4206 4207
4207 4208
4208 4209
4209 4210
4210 4211
4211 4212
4212 4213
4213 4214
4214 4215
4215 4216
4216 4217
4217 4218
4218 4219
4219 4220
4220 4221
4221 4222
4222 4223
4223 4224
4224 4225
4225 4226
4226 4227
4227 4228
4228 4229
4229 4230
4230 4231
4231 4232
4232 4233
4233 4234
4234 4235
4235 4236
4236 4237
4237 4238
4238 4239
4239 4240
4240 4241
4241 4242
4242 4243
4243 4244
4244 4245
4245 4246
3450 3451
3451 3452
3452 3453
3453 3454
3454 3455
3455 3456
3456 3457
3457 3458
3458 3459
3459 3460
3460 3461
3461 3462
3462 3463
3463 3464
3464 3465
3465 3466
3466 3467
3467 3468
3468 3469
3469 3470
3470 3471
3471 3472
3472 3473
3473 3474
3474 3475
3475 3476
3476 3477
3477 3478
3478 3479
3479 3480
3480 3481
3481 3482
3482 3483
3483 3484
3484 3485
3485 3486
3486 3487
3487 3488
3488 3489
3489 3490
3490 3491
3491 3492
3492 3493
3493 3494
3494 3495
3495 3496
3496 3497
3497 3498
3498 3499
3499 3500
3500 3501
3501 3502
3502 3503
3503 3504
3504 3505
3505 3506
3506 3507
3507 3508
3508 3509
3509 3510
3510 3511
3511 3512
3512 3513
3513 3514
3514 3515
3515 3516
3516 3517
5643 5644
5644 5645
5645 5646
5646 5647
5647 5648
5648 5649
5649 5650
5650 5651
829 830
830 831
831 832
832 833
833 834
834 835
835 836
836 837
837 838
838 839
839 840
840 841
841 842
842 843
843 844
844 845
5083 5084
5084 5085
5085 5086
5086 5087
5087 5088
5088 5089
5089 5090
5090 5091
5091 5092
5092 5093
5093 5094
5094 5095
5095 5096
5096 5097
5097 5098
5098 5099
5099 5100
5100 5101
5101 5102
5102 5103
5103 5104
5104 5105
5105 5106
5106 5107
5107 5108
5108 5109
5109 5110
5110 5111
5111 5112
5112 5113
5113 5114
5114 5115
5115 5116
5116 5117
5117 5118
7524 7525
7525 7526
7526 7527
7527 7528
7528 7529
7529 7530
7530 7531
7531 7532
7532 7533
7533 7534
7534 7535
7535 7536
7536 7537
7537 7538
7538 7539
7539 7540
7540 7541
3882 3883
3883 3884
3884 3885
3885 3886
3886 3887
3887 3888
3888 3889
3889 3890
3890 3891
3891 3892
3892 3893
3893 3894
3894 3895
3895 3896
3896 3897
3897 3898
3898 3899
3899 3900
3900 3901
3901 3902
3902 3903
6409 6410
6410 6411
6411 6412
6412 6413
6413 6414
6414 6415
6415 6416
6416 6417
6417 6418
6418 6419
6419 6420
6420 6421
6421 6422
6422 6423
6423 6424
6424 6425
6425 6426
6426 6427
6427 6428
6428 6429
6429 6430
6430 6431
6431 6432
6432 6433
6433 6434
6434 6435
6435 6436
6436 6437
6437 6438
6438 6439
6439 6440
6440 6441
6441 6442
6442 6443
6443 6444
6444 6445
6445 6446
6446 6447
6447 6448
6448 6449
6449 6450
6450 6451
6451 6452
6452 6453
6453 6454
6454 6455
6455 6456
6456 6457
6457 6458
6458 6459
1766 1767
1767 1768
1768 1769
1769 1770
1770 1771
1771 1772
1772 1773
1773 1774
1774 1775
1775 1776
1776 1777
1777 1778
1778 1779
1779 1780
1780 1781
1781 1782
1782 1783
1783 1784
1784 1785
1785 1786
1786 1787
1787 1788
1788 1789
1789 1790
1790 1791
1791 1792
1792 1793
1793 1794
1794 1795
1795 1796
1796 1797
1797 1798
1798 1799
1799 1800
1800 1801
1801 1802
1802 1803
1803 1804
1804 1805
1805 1806
1806 1807
1807 1808
1808 1809
1809 1810
1810 1811
1811 1812
1812 1813
1813 1814
1814 1815
1815 1816
1816 1817
1817 1818
1818 1819
1819 1820
1820 1821
1821 1822
1822 1823
1823 1824
1824 1825
1825 1826
1826 1827
1827 1828
1828 1829
1829 1830
1830 1831
1831 1832
1832 1833
1833 1834
1834 1835
1835 1836
1836 1837
1837 1838
1838 1839
1839 1840
1840 1841
1841 1842
1842 1843
1843 1844
1844 1845
1845 1846
1846 1847
1847 1848
1848 1849
1849 1850
1850 1851
1851 1852
1852 1853
1853 1854
1854 1855
1855 1856
1856 1857
1857 1858
1858 1859
1859 1860
1860 1861
1861 1862
1862 1863
1863 1864
1864 1865
1865 1866
1866 1867
1867 1868
1868 1869
1869 1870
1870 1871
1871 1872
1872 1873
1873 1874
1874 1875
1875 1876
1876 1877
1877 1878
1878 1879
1879 1880
1880 1881
5523 5524
5524 5525
5525 5526
5526 5527
5527 5528
5528 5529
5529 5530
5530 5531
5531 5532
5532 5533
5533 5534
5534 5535
5535 5536
5536 5537
5537 5538
5538 5539
5539 5540
5540 5541
5541 5542
5542 5543
5543 5544
5544 5545
5545 5546
5546 5547
5547 5548
5548 5549
5549 5550
5550 5551
5551 5552
3836 3837
3837 3838
3838 3839
3839 3840
3840 3841
3841 3842
3842 3843
3843 3844
3844 3845
3845 3846
3846 3847
3847 3848
3848 3849
3849 3850
3850 3851
3851 3852
3852 3853
3853 3854
3854 3855
3855 3856
3856 3857
3857 3858
3858 3859
3859 3860
3860 3861
3861 3862
3862 3863
3863 3864
3864 3865
3865 3866
3866 3867
3867 3868
3868 3869
3869 3870
3870 3871
3871 3872
3872 3873
3873 3874
3874 3875
3875 3876
3876 3877
3877 3878
3878 3879
3879 3880
3880 3881
3881 3882
3882 3883
3883 3884
3884 3885
3885 3886
7513 590
6153 6903
9043 4640
6345 7388
5866 6593
683 1947
2886 3462
4766 1742
1607 5830
5205 2333
4956 4047
1437 4845
1828 6769
7713 4952
1170 8398
5340 2096
5351 8684
9676 7845
5233 4394
7339 6021
4321 7451
913 8022
9765 7207
9390 2031
4364 7724
8123 947
5792 5672
2441 9560
4512 3973
8723 6507
4955 2035
719 4063
8260 306
4700 6747
2769 3493
7296 8392
6414 7090
649 8209
6592 2531
256 6391
7338 956
2980 4731
4292 3131
7104 1773
8280 8804
839 2179
2594 9587
9893 7910
4658 854
4347 946
5690 3779
7221 1643
6204 2104
988 7870
614 2796
104 7596
2327 7952
7435 9436
1209 6619
1776 891
3070 5842
5429 8967
3230 5664
6518 1675
8973 4240
4371 7217
5212 4663
3119 1592
5814 7768
6916 4107
8055 6428
733 7020
2808 6735
9706 8168
9060 4018
9860 7834
3154 2130
7795 1641
3316 6384
6976 665
7883 2289
6952 1347
9291 3095
864 72
531 5105
7886 7780
1153 8587
1674 8619
6787 313
4331 1380
9215 5847
4330 543
2185 2369
5105 8477
9142 5501
7791 2081
9780 3377
2825 1095
1167 9071
4176 41
4173 1699
6638 8414
7033 5326
1992 4664
6044 3821
6020 6323
6867 1611
332 6702
5179 5404
905 5437
3870 674
403 5048
6144 2
9073 3228
3269 3663
1714 9602
8016 7443
9121 8352
9368 5050
5223 1113
3789 5413
3376 7595
4298 7008
2412 3709
5498 5829
2855 9669
1070 5721
5723 3259
2839 7214
877 1149
751 2461
9904 2592
7296 8767
169 5377
2843 6665
8430 1744
9340 2984
9992 1806
1867 9990
5819 8756
8425 7366
9439 5027
4638 9495
3061 5162
6311 7477
6290 291
9235 3414
8534 2546
7924 6531
9548 8703
6800 7119
103 4330
6137 6140
6130 95
5203 4356
1722 8301
9680 9980
9476 7513
2676 4318
8148 8889
9180 5339
8754 4438
6985 8415
1299 7288
2343 1261
4732 7199
1530 9143
1635 4835
1282 4019
8375 4117
2419 6485
6465 6450
3963 8451
9122 2293
1183 2991
8331 7270
8060 6715
5131 3437
725 1397
9010 2782
9981 9420
8564 3742
8577 1511
5530 199
669 6211
2696 258
6708 9440
7891 5514
4159 7023
15 7013
635 5342
8410 8346
1783 8696
93 3541
6323 8860
8280 5456
9198 2656
4168 3196
9748 4128
339 6050
6308 417
9857 9388
1254 9368
6392 7748
1114 5413
7108 2759
1105 1749
445 5518
9059 9240
8100 6891
2347 1734
742 2732
5929 7897
2025 4910
7313 2029
2446 8717
8105 9973
5694 8655
2755 9359
4772 2086
4845 3869
5619 1880
7398 2302
7894 2416
5659 2809
895 5994
5078 4358
2256 1638
2900 7359
9388 4281
9350 6565
6539 8186
3193 7455
3166 2233
671 5949
6170 7939
6171 1868
522 1789
558 9922
9083 8416
762 6217
576 6331
4321 5840
3200 2832
3465 7221
3787 8940
3479 2816
6623 6678
5263 6672
8973 9790
4081 5934
4154 5144
3285 6604
6526 4676
3092 3843
61 1962
8293 3854
9694 637
9821 2614
6187 9246
4539 9638
8806 6326
9356 8018
1042 5430
1572 4619
553 16
1512 5653
2257 1059
5735 4797
8641 5136
7098 8827
9033 8702
5691 1743
709 5080
678 1864
1502 3248
9575 5217
9587 6661
2091 5283
9903 630
6998 3663
5668 6808
7868 8510
3307 7925
3061 3603
8783 1948
7002 159
8254 7816
9248 9045
909 8963
2212 9927
5144 8764
5425 8139
3422 1084
8066 3868
7531 3325
6486 5064
9926 9551
7476 4354
4309 9585
7886 538
7049 3092
7261 1240
286 5304
619 6509
2788 7547
6311 2831
970 7933
5369 8088
1956 4393
4070 3435
4851 5839
5390 556
4910 1129
714 2867
9757 5572
8664 4952
6193 3158
4814 2277
5139 6479
4026 5434
4617 7927
2212 6690
4778 5588
6333 7581
7368 3087
8926 6755
7312 2219
9700 669
9888 8574
4146 415
5367 5997
9155 9163
7792 1560
4391 322
2108 2931
7211 4770
7812 6725
8665 9423
3357 2590
2029 1350
8106 725
9297 956
1625 1770
6696 8997
5764 1513
3862 7195
2710 7484
9044 3017
9691 502
9786 9788
910 1799
4877 6997
6420 8722
7664 3542
1245 6129
3207 9694
650 9351
7473 2504
7853 8627
6492 4169
1364 3618
1102 354
9723 4074
929 6498
2638 5767
7566 715
7712 3548
2270 8795
8690 484
6614 9935
9629 9935
9286 9821
8677 6631
1610 3111
7280 6530
148 8102
4808 8645
9071 7602
4101 883
6650 0
715 3091
6640 4217
9364 4779
5264 8910
5197 8054
7989 8230
8051 1178
7809 3627
6738 6728
9610 5771
3873 4019
9016 6111
3713 5033
5917 4439
4440 4166
7258 2567
3136 1507
6287 3898
9160 2501
6907 7903
6133 710
1888 4897
8524 4184
7264 6050
1821 1615
1986 3226
9337 2047
7080 7354
1793 3051
3569 9349
8269 2585
445 827
1077 1405
258 6732
987 6590
7300 7166
8415 7120
7656 5540
7942 6939
4906 1272
4498 9764
8163 6892
4246 3836
3239 1595
945 2392
1329 3160
340 9214
6971 1774
4858 1417
4359 7230
748 5845
2965 8011
3552 9163
2454 6973
8245 1494
7610 7361
605 2744
2932 5773
3721 1204
9948 2523
5683 4666
232 1277
3052 6023
3793 3555
785 4262
108 8152
2516 7885
7048 9425
6399 6068
3914 5855
9568 996
92 7877
2 173
7729 3024
5547 3723
4741 7677
5307 7583
9958 4973
8529 8359
8973 3751
8256 5666
9904 9081
4859 772
3192 3304
9159 7610
8606 3458
1335 5079
1605 5051
8075 7690
1413 9334
3364 9975
3910 6155
7480 8671
3382 3868
7620 2361
4380 2355
1437 2228
3000 4284
7588 2648
258 2544
2354 3100
8179 5216
267 3690
1380 9784
5471 4695
1022 9145
5300 8835
7506 4932
8800 9133
1494 888
3243 6420
5000 5874
6510 1032
32 4352
6896 4099
3551 6642
1859 9251
9293 1730
7867 8478
9525 7025
6170 3338
2173 547
5479 7823
3308 6031
3271 4280
7052 1154
3381 6514
3899 2053
6405 9891
342 3931
574 9654
5257 3893
1976 8785
7263 902
7927 9843
3181 3141
3688 449
4624 1706
7737 9168
9800 7932
9087 7360
3874 6852
5257 2468
8711 4125
4409 8015
4021 9054
9299 4983
120 5630
6532 1275
7470 3735
6876 811
1260 7003
8709 565
6085 2237
169 2798
158 5885
9089 5608
4428 385
862 699
8714 3140
2194 5271
254 9087
4717 7845
9121 374
4110 1249
2060 6591
3595 986
7903 9672
1909 8656
7807 3988
9873 2079
4039 4317
4702 5315
6014 8468
7960 1917
7188 1080
167 154
4351 7443
4169 1236
2485 3472
6416 4631
1970 897
569 6363
1371 9873
214 8831
7262 9178
9848 6439
1754 1301
6121 902
2819 7768
5200 4081
587 8
3803 1719
2955 4939
8411 7972
8956 5440
2689 1179
7542 926
7151 9611
8442 5266
4444 7365
3805 5704
7005 4292
5195 5559
9680 9479
3560 4366
4374 4880
6600 4148
9087 8177
6150 9555
1348 3850
5030 5106
2384 389
0 8924
4190 9535
3253 8442
498 4987
5631 7058
8969 3856
3335 7178
1545 8649
9882 6895
7395 5919
449 2834
8741 6482
6685 6599
8057 6441
6831 8067
3343 6793
6328 3183
7978 3886
8873 9581
2991 8476
2332 856
4387 1961
6962 2019
8915 5932
8203 3196
6030 6310
9145 8652
1603 1124
7565 5830
249 6012
2805 748
3932 3592
7478 5486
1419 8262
6738 2703
3560 4411
2724 5423
7442 7947
231 6038
9235 2709
5372 8434
3439 1617
2741 869
6699 5042
7407 6659
3759 3300
6892 212
2050 4043
2305 4371
7074 3470
4233 5396
819 6986
1285 3309
9347 4613
7323 1516
6303 4934
6552 2695
3564 6094
1136 5645
8656 6615
9915 4895
5108 2416
2811 3159
3882 3510
6980 5117
513 7309
4295 7565
874 7684
2297 5581
3449 222
5156 9620
8667 6104
2198 8060
3706 8583
1550 9687
4582 2362
1130 7817
977 6042
9553 3942
5411 4859
2168 2885
451 5924
9960 2816
4749 1325
7899 2257
8230 4550
655 9408
3820 6897
1833 2853
8892 3878
2593 3383
1201 9827
5869 3723
4017 2178
3389 1774
4660 9428
5352 5558
4726 5111
2788 1664
3922 9475
4025 7040
2800 2152
5401 1032
238 6620
6851 7234
6970 9130
8957 9444
3167 8171
349 1179
2953 7185
6613 90
2000 7613
9076 8318
9982 6726
6201 8217
1609 256
8760 6579
7611 4409
7381 514
4100 7849
3332 4232
3676 1070
9241 8641
9820 3196
6733 5942
6033 9126
6739 3346
8016 8033
1112 2168
6737 4351
959 3665
244 8346
9107 6072
6586 4208
8409 6488
7073 686
8109 8093
6735 7101
297 3702
5997 6555
5681 3382
3081 8382
6415 8773
7293 1097
1800 3879
7545 4030
2376 9112
5184 4141
8349 1483
4323 1770
8808 3111
1204 1396
4850 6917
6972 7939
847 1499
4882 2969
1351 2880
8005 7963
5412 4118
7998 1650
5680 3565
2677 5543
6036 8056
5891 7861
5983 4386
3849 215
7963 4791
8061 5053
9345 9165
665 1385
4354 6544
5776 1899
6214 5705
9823 3782
5432 1626
1543 4173
6068 7465
1873 4220
8433 2105
2843 7765
4332 768
5560 6692
8097 8647
7813 9973
1358 7442
3986 4830
6729 2064
7769 9763
9897 2943
921 3944
8118 1681
9146 2465
3037 538
2643 7372
5137 7823
8591 5486
8530 5821
820 503
6828 6628
4070 4985
9815 4538
6602 4409
524 2896
2191 4371
4668 6773
4806 3113
1930 9138
9676 305
7677 1319
9142 8672
510 9166
4987 4086
4589 9041
5669 5807
793 1418
2308 6091
6852 6960
9857 8911
9634 3728
501 2048
1513 4302
9792 1660
1965 9795
1115 9469
4493 9642
8808 257
695 5003
396 147
5954 5285
3055 2417
4861 3099
6412 5363
626 1713
5442 2621
1021 261
915 2295
3955 2535
8682 708
6529 2272
1914 9797
6407 1022
6025 722
869 7102
8739 2774
5191 3176
2627 1794
3510 52
1766 5391
8012 4136
4397 3560
2207 5386
4273 5313
2373 2515
4787 2955
2753 8902
9924 6702
3776 9160
2614 2301
5075 998
526 1354
3148 267
319 3153
4897 3010
3499 8437
8349 2909
8295 4248
5913 6909
9424 2568
5524 8286
7188 563
3617 4629
141 7112
5766 3746
4744 2755
4109 841
7460 1622
1127 3610
6620 4132
8921 6024
5286 119
4368 3623
532 3581
2502 281
8568 6308
3223 4378
5359 2108
5573 6841
6939 5500
8255 1339
8532 1683
9657 2365
5975 2345
2829 784
6809 2595
9067 1750
5373 2095
2028 9787
68 2257
4917 4530
5260 4988
7097 8141
1334 619
6119 2670
361 8273
6308 4375
6740 5245
7590 5965
6749 9067
8014 419
8522 3558
5653 7081
6868 247
2505 4034
8564 3289
8277 7422
1915 177
796 1726
748 3249
1522 3268
3995 7461
2707 4182
147 7087
6154 297
7069 3249
6807 4168
7602 5591
5838 8813
2847 4470
7759 4695
8470 7763
7940 2389
4115 385
9987 5089
8357 1216
8677 1509
2044 2352
9439 1384
8034 2191
5440 1945
6113 1455
3398 8600
3765 3715
4538 5588
284 2964
727 8649
1038 8754
5491 5020
6461 1506
9074 5478
3340 1170
9874 7751
5488 5384
3927 5665
7610 9874
1329 5720
4320 75
3791 4727
315 4437
7401 4681
3330 6951
2057 8128
9500 721
8579 7549
9379 5961
7131 7653
1756 2719
4455 7005
2670 7244
7118 8383
4103 280
6708 4799
9526 4775
9212 499
1532 6194
9497 6613
1093 1214
1935 1555
5456 594
2907 514
4519 4835
7555 39
3396 6276
9872 8362
6745 6067
2699 3343
8142 7200
1975 9407
6258 4021
6567 1187
4152 4142
5357 6064
7619 5246
2192 7292
4159 3075
4263 5099
5138 5030
1306 8170
6532 8535
954 7531
874 3278
478 5
9413 5368
5741 8806
9993 2023
6166 2308
4725 498
5744 1523
5167 2344
1772 7936
3035 5678
709 6035
557 4526
3061 8367
5898 7089
6719 367
372 3124
4845 3550
2356 6137
4513 586
2895 8701
9199 679
8554 7620
6316 4943
9231 73
5752 4440
6827 2267
6793 6461
1180 7384
826 6206
2925 3431
6555 7545
1095 3297
5787 1400
8339 3451
2153 300
979 1234
5206 1352
2648 5885
5958 7874
8667 1879
4146 8062
875 1846
9231 7291
9849 2056
5487 57
3954 2774
6072 8394
6147 5050
4853 1859
8511 4486
2072 7006
4711 9490
1727 3630
7856 7359
9238 4037
2100 6523
8370 9737
3380 2975
1383 3953
362 3230
6004 6870
5265 4316
9366 2076
287 7764
2250 572
7578 8798
4640 4322
7952 8641
2352 2719
6757 5808
8684 7943
7680 8857
8184 7054
7359 1060
4290 9568
2790 7721
2037 6647
5075 4407
2171 7756
8328 5363
513 4421
5095 2258
7252 1506
4225 9399
5208 9604
7547 7334
2543 244
3650 1579
8992 728
6648 1009
5082 3282
6281 9438
3846 7119
1227 1357
3072 6017
439 5907
4518 9937
1443 5534
4934 1770
7726 2021
9355 6494
3090 5274
6853 8251
8979 6740
4101 2197
1832 5627
1417 9183
2654 8113
9470 5263
1281 3882
6141 2542
2480 8072
9958 659
2429 275
8648 1244
4090 6508
1782 4356
2607 7180
272 4987
7185 7938
9917 4373
9908 9017
7130 1334
6598 2563
2797 2953
1847 7879
2303 8938
9598 679
955 2261
3506 8379
4887 5955
311 7596
1129 3021
8009 2918
856 1401
2127 1546
6915 773
2108 2035
4598 397
9702 8706
2937 7395
6334 1550
2229 5240
3853 2284
663 9536
5492 7359
1308 1903
4924 5803
8722 2437
3838 9285
7183 5930
3056 5965
8001 4098
848 5164
222 8951
2699 550
2100 9511
1103 9033
1317 682
218 4956
2316 8332
235 5710
7866 3624
2413 5160
797 2940
8870 6251
8569 7981
2079 8278
3442 2922
8225 9279
9830 16
5879 924
6309 8282
8964 6982
1939 3978
2311 9183
1245 607
583 8898
4058 5463
8403 2996
5599 4856
9189 3626
1904 520
3442 1268
548 1699
1715 1668
8944 6730
5012 3947
929 5254
9232 3977
9512 2868
9827 1543
442 7109
2573 410
3406 852
2060 976
954 5358
5878 1249
8870 2859
910 5673
7341 5770
2500 8977
2924 2637
7891 7512
7841 3854
3074 7124
5019 7353
4463 2902
9664 1813
9018 3388
4364 3071
4781 1078
8680 1671
4530 659
6332 3902
9672 5440
769 25
2663 8524
2388 3694
7548 6906
4030 230
3935 622
9876 5402
7215 4750
8138 9541
8964 6233
3664 8855
526 3745
756 8696
2598 1408
3200 7089
3466 8622
7146 3969
7663 2481
9388 5886
2468 5211
2186 9770
5172 6404
7506 8414
7955 8740
4973 5645
4500 3271
7016 4989
3685 1378
2786 4125
7566 6283
4905 5986
9955 1032
3514 8403
4290 3971
9182 9254
9024 6758
9514 7720
6135 4197
2937 7021
9018 442
3714 4262
9252 3518
1248 7082
1207 9289
5573 4034
6372 8773
6158 6830
5234 2679
6650 6024
5278 5876
2634 2185
6257 4302
4851 2149
5522 2392
9187 4140
4755 4540
4410 9253
6335 359
9648 5658
6044 3895
2668 5221
8404 2416
1447 5178
1202 3638
9514 8098
283 6480
7135 8500
7001 6540
5285 1986
2479 2523
7063 824
77 7234
7593 7825
9835 6412
6659 3593
5167 5879
4647 9328
858 3571
3561 6095
4193 2061
8541 9427
7927 828
3720 2028
367 1281
3804 5357
6181 2846
6432 7220
1397 2610
5375 377
3970 1233
7112 2034
7714 9137
9060 1760
4207 8573
634 2621
8400 4752
5580 5527
7556 2680
3961 5652
7362 7923
7121 4117
7689 9895
2506 9905
282 9087
320 7881
9915 604
6094 3784
1896 7630
6203 5154
4128 6103
855 3189
8716 8880
1560 2787
8440 2624
6899 5521
9639 2154
2049 372
277 7328
2767 4555
8788 559
7516 3087
6872 8704
2686 3610
5116 8768
4872 8889
2078 5596
4477 2079
4867 7146
9771 6037
7911 9659
1813 3022
3395 7550
1230 214
4770 3672
584 3998
3437 3558
8614 8100
8062 6661
5430 1300
6541 3178
8775 6654
8733 8619
2118 3252
5641 9952
5963 8241
1263 3552
7454 7776
7991 1010
4683 8685
9035 9113
9023 1619
6071 8824
5486 3990
5290 4133
3663 7268
3922 1832
6803 2438
2042 9007
5312 5273
3514 7684
1236 1275
9052 1130
2140 8691
3728 3395
8860 3175
4794 9115
7939 4235
8225 865
1350 9777
7045 3516
1700 5014
7452 967
6327 8503
129 5847
9883 1639
9266 3643
1125 7471
2514 4670
8065 3266
2793 6242
1709 3277
7513 7588
4805 6001
5778 5738
5606 6156
7522 2824
143 7306
2162 1326
7173 6470
4461 2291
2286 7056
4528 3728
8398 3412
3030 3394
9637 2816
6093 5823
9763 7698
3699 9958
5697 921
3429 5830
8654 7655
1314 951
2277 8797
1620 3476
2119 5803
2859 2433
6161 4405
4169 3739
7134 912
3728 7199
9375 3123
7173 6173
2484 5490
6411 873
6703 4533
2188 9840
7143 1709
6858 3502
3330 9421
5224 8478
912 5449
6207 4435
4527 3425
689 376
3928 8013
7488 4417
6943 9655
5145 4661
1886 9427
3960 1557
7749 4941
3002 2500
6003 4893
666 9861
4691 9333
4783 2242
3029 1955
5381 7342
4070 3908
8273 6070
6840 4350
4005 5761
6775 135
9562 9151
7060 5013
6307 9874
2374 1161
6054 9309
5522 8377
4063 3072
5314 214
2169 5198
2540 4696
8604 3902
9973 6610
961 6878
8991 3165
3300 1318
469 2118
3484 9214
5440 3881
5043 6143
1804 7814
2544 7449
522 7327
3893 6607
8157 2188
6884 6062
9965 697
3659 1841
5071 6290
5807 972
2291 414
8885 9107
4673 9112
2994 2369
8512 113
4279 4389
1838 316
3995 6823
9782 2360
901 7888
303 7939
4988 4137
5978 6620
9262 8648
9620 7401
7816 5069
528 8263
7376 6701
5422 1553
1666 6722
1111 286
6954 5945
9121 2949
1662 950
5190 8903
6843 2563
3052 1845
8465 8183
6831 9031
2784 4079
9148 2804
1067 6952
5 6028
7581 4795
1517 5427
2065 5599
7897 8980
1930 9020
6322 7018
2273 9944
8859 7864
9710 5468
3652 1911
7294 4527
8607 483
9639 79
7031 4107
6488 7059
1854 7037
8816 421
6021 9724
8704 7234
6254 270
7288 6986
3282 8928
6792 5913
1382 2141
4053 2854
7382 5034
1869 1347
1426 2341
2800 1509
4920 4810
8199 9288
6062 3126
9202 3367
601 8435
8705 4259
1245 6855
2135 2345
8258 4528
6669 5280
8134 9640
4674 7074
8422 1868
561 2896
757 6200
1010 3362
9002 5677
8803 9209
8929 5064
3499 8006
2265 9530
2738 8556
901 9862
742 4873
153 9160
5152 3764
838 4640
6508 6179
9075 9260
1813 7070
6784 9832
1861 2823
8385 5786
7203 7016
1374 7314
3196 7054
5611 9991
6206 5934
7160 6512
2024 6948
7064 3665
8305 3529
9708 7903
3515 1166
4588 5135
4967 5328
4504 1372
3510 3180
196 9241
6555 7065
4120 7923
7914 6103
2038 9731
2595 4120
7421 5550
9215 972
4501 4485
8740 7521
5039 561
5696 8608
288 9627
999 7015
195 4792
4033 861
7927 6743
4666 6940
3044 2047
8130 2581
3053 1434
6984 7077
8049 474
1312 2551
6424 8902
9463 52
8660 1463
1090 5159
2174 8949
93 2089
2951 2369
5465 479
7419 7230
9277 131
9064 6815
4601 7407
4484 8470
5296 7937
489 8886
7788 6608
3013 3265
4729 3604
8763 8025
3326 5819
4261 7290
6011 3420
251 3564
794 1476
7960 4022
838 71
3830 7024
1846 1791
9729 4666
9904 7143
3751 6570
9835 7693
7649 3116
1142 916
6736 6412
54 4468
4240 7349
913 6066
7542 4491
8514 8059
4482 5502
8879 5704
7495 8312
9330 725
7868 3576
6498 9235
3280 7972
1088 2686
3602 929
3693 8582
9403 338
4039 3748
9814 3643
4487 4952
3011 3708
5563 3001
5057 7493
2157 4442
1519 8904
2481 1488
7075 9388
3712 5331
8017 355
1284 1152
9735 1620
8310 4977
8725 9138
9133 2350
3654 4891
8600 3620
6621 3018
6863 4163
4957 8030
6935 9021
6861 6476
2216 9416
1099 3936
643 5928
7081 9117
7089 1927
3256 6816
2306 5399
4101 8334
3225 1439
5060 4108
7126 8177
8692 8033
6064 3989
9362 1
6478 2999
8767 2575
6511 8694
975 9866
8983 7154
5433 4408
7576 6072
7824 8690
3376 9882
1321 8277
2385 2953
1131 2733
767 9511
9853 6175
6177 3183
6182 9215
1791 9007
4053 4949
4815 4654
8161 5028
5788 151
2575 9946
4988 3364
3246 6751
5029 8364
1318 920
3653 3766
9630 8801
1328 772
3955 9483
5050 7505
2864 137
1438 6841
7848 6918
8298 2606
9109 6009
5955 439
3803 1684
4788 944
5660 7050
4322 9817
9935 6978
2131 7975
5100 9565
9048 3460
7317 9055
5545 4099
7292 182
3452 3335
5941 5140
7501 8102
8541 5050
3087 9809
7105 2345
5747 7875
4044 2765
6096 6421
4396 3979
9897 8227
1687 5848
4904 5297
5748 5357
5539 6801
136 3041
4533 5343
9797 6078
7480 2035
8196 4691
3388 567
8442 5301
8066 5487
1908 2486
2818 4162
2390 6304
8505 2715
8012 429
5786 3409
6562 3761
3154 7677
9372 6698
9128 4039
6074 9170
3861 6609
3528 622
5923 3601
9088 1971
809 342
4504 996
3652 9979
2694 3246
3676 2157
1918 7059
7172 5814
9844 8480
5179 6678
717 9216
8386 659
7268 3144
3766 8599
8552 797
9120 9690
32 7640
8636 6281
6261 888
4135 2289
4446 5307
8718 4163
6329 2717
1197 5890
8920 6173
5390 2728
3388 9638
2782 128
5080 7008
4157 6548
2590 3632
1273 9629
5911 8974
9863 6261
8550 8524
183 350
865 9349
2066 8902
1144 3546
9720 9615
2344 65
9703 1462
1590 2084
5444 2485
5385 3022
6655 9602
5583 4328
3302 4280
6893 7846
6370 9517
9867 1796
1145 6554
1808 7084
631 9563
5530 2952
9369 6703
8165 4226
6310 9072
7909 9755
2778 8107
4061 9647
3975 5785
6417 9644
7491 3629
3147 3310
5106 213
3119 9366
2803 2603
8518 4927
4232 3434
137 4049
8275 3601
9026 8302
4409 938
9045 3287
9286 3539
5676 9458
9102 3261
3243 2093
1756 6593
3159 6390
2108 6862
5818 6278
1206 4911
8345 4336
4737 1790
5391 4834
9488 3013
303 769
4057 3898
3789 5700
5158 3343
2957 9466
7911 612
3558 6200
8942 9667
2882 6717
2995 1050
5962 8700
3036 553
2343 659
1846 7774
7139 4087
4856 1334
1584 3794
5846 8913
8609 5374
1192 7356
7968 1566
4118 5455
5123 1526
4595 3060
4110 4357
3057 7591
4496 72
7084 2445
6571 3192
7279 8930
264 62
3856 2135
7401 1849
3575 6054
3410 2362
3928 1119
6574 1379
9257 8046
1106 8049
2406 3853
7796 1568
1641 1815
4261 2292
1836 8725
4007 7184
7247 9115
7603 4271
2472 7455
3510 5004
7366 2399
3518 3272
1003 7646
2044 6445
4494 261
466 9502
1070 3253
5068 8262
6906 9063
4140 5681
9218 8743
4210 8147
8771 6465
272 1813
6817 1243
9995 134
3407 535
4533 9865
6310 4410
1023 6577
6079 7157
410 1489
6103 7150
6213 1830
3864 9362
8105 6706
4853 3082
5899 2315
481 3624
1220 2523
2658 3650
4186 1215
1080 2417
3179 8719
1649 3743
900 4203
2044 7728
1230 7662
5844 8148
7510 3796
502 9708
9142 1967
634 5355
5332 1393
3917 1115
4766 6552
4119 6575
8992 5304
375 1551
5294 8523
2726 2024
6105 2546
6560 4771
9271 7335
7483 2405
8465 3133
5100 7985
9693 3960
5353 5734
3202 1377
7929 9270
2197 4320
9624 8400
9951 7541
6065 6351
8376 5246
4144 5143
6266 833
4520 705
9462 5537
8670 2004
9989 4279
8239 122
2209 6034
7411 9945
5567 5411
6083 1692
92 7765
5306 2059
8410 6396
7994 1371
6515 3138
3971 2138
9195 2781
4671 8492
6848 8657
9289 9693
9816 3189
9224 3880
3825 8377
3788 2987
1032 9393
3510 6223
8282 1124
3872 8816
6540 6692
9831 1866
4005 9407
8540 154
4998 3200
8210 3211
2905 1846
5036 7499
7731 9073
7450 612
3599 1557
7302 7590
3813 4631
2108 812
5980 8447
5139 5980
4199 2520
1927 1322
7829 8204
7756 468
31 2827
1026 2318
6169 9288
8361 6062
6674 3901
1810 2163
9753 6625
1257 9112
6276 9918
8365 9717
2049 2256
1129 3505
1179 6248
804 9408
9876 9008
8188 8561
7231 6260
5548 9214
1628 3401
7302 3910
6073 8302
1279 9112
4576 2179
2097 2536
8605 7204
9460 463
320 655
3255 6941
6350 7851
6860 4060
8973 2578
8838 1400
614 6204
5957 4387
4649 2242
6896 3259
8723 7074
9253 8175
7064 9651
6855 1351
8166 2021
2676 2668
9609 4838
2689 5932
6344 2311
4890 5901
7301 5317
7873 80
4467 4267
2861 3831
7090 5468
2543 9757
4285 2166
1817 8148
5851 1349
3370 5025
7693 4017
5207 2399
4683 3654
5966 4249
150 1027
2696 7208
7288 3804
4423 569
4400 8108
3576 7285
3394 1491
9 2471
620 7679
5380 8178
3203 6471
6841 8751
7502 7248
7255 2048
2649 2185
9564 9573
6781 2800
2956 2260
2829 421
4881 7379
1016 7230
5073 4810
7281 4411
2090 1434
9612 4253
7077 7471
2574 9168
2768 3918
2318 6428
4965 23
5948 4968
4120 4529
3141 9081
9503 3428
7159 2322
9552 4384
5546 8176
8939 977
2411 2828
3433 7381
1204 8376
7544 510
780 3778
6558 312
6688 3099
4419 1523
2404 2636
1718 4891
8319 5545
7868 7573
8309 1830
6358 3772
1102 3856
6684 5297
2679 3513
8241 6469
6980 3883
4014 5785
2450 7760
7211 572
8448 5490
8126 1630
6521 852
2750 6196
3769 1192
3023 618
742 2079
5935 9381
1031 1844
1710 8971
5440 3710
3945 9951
2089 2420
6533 4311
1236 4539
29 3744
5375 9684
6888 4507
704 8248
5793 9638
6608 825
2904 5168
901 3703
5547 8839
4162 1932
1994 3609
3561 9603
8375 2292
6603 5650
6541 4908
8653 7839
3875 2922
3781 380
4980 764
6754 4485
5311 7125
2293 9715
3418 4567
9759 9547
7831 5317
8927 3921
3524 6178
8470 8840
842 8252
3160 1425
5617 3735
6657 8165
8545 9492
6608 438
1276 9878
7003 9715
9430 2939
7506 5649
5196 9200
4517 7265
7539 9379
5557 9796
4988 1063
5667 4027
1805 5830
9565 8828
6993 7422
3266 2574
3013 1891
8121 9875
9590 641
3580 5124
7125 5372
924 1086
4704 8673
8053 5441
1590 2243
9658 3610
3990 6578
2409 5326
4154 5795
9569 8326
901 7499
5742 2835
9062 266
907 3863
5340 8652
376 4487
5573 8817
7491 1300
3094 277
2520 5544
5506 4684
7614 8531
3857 5848
7995 6375
4702 4363
8214 7564
400 1955
2221 3957
4172 9462
4467 3128
3967 5864
4682 1195
8848 9540
6170 8525
421 1942
2978 5042
3573 5927
1776 6944
3320 3782
8145 9771
3688 4374
6329 6360
6669 440
6254 8550
8030 7193
9410 7073
8269 1997
7889 4092
8969 7117
5411 411
5454 9390
5317 8389
5333 5379
9162 3445
9569 5005
9379 3659
19 3257
49 5708
610 3040
234 6303
3377 4992
6989 9644
88 7998
1467 1231
1642 9057
8447 6878
1619 3448
5180 116
9914 3304
8310 4342
4353 9483
9092 7689
9750 4373
3765 9141
1796 6712
1705 3999
9995 1525
9523 5046
6277 83
5492 990
4220 7920
7720 291
408 5839
9144 2900
3594 322
6157 7454
1495 7948
8673 5249
742 7597
4310 2438
6438 2538
4064 6015
7413 6433
2869 9939
7282 3691
7963 8361
8653 1502
7342 5683
8584 5413
2087 2838
6644 2178
126 8244
9845 8139
5737 5151
7590 587
9477 6399
2414 380
3165 9893
6185 6179
9870 6034
748 3467
4969 7833
9869 9401
1166 8663
7853 8453
631 3253
1497 4497
8989 7110
2261 1342
8281 1078
7477 6203
6583 4110
356 6243
2422 9749
2135 6541
8 2293
6478 2883
8636 1329
6345 6347
1152 9802
3055 550
5048 8136
5246 4552
2246 389
1467 3859
63 6879
990 8944
1539 6646
2747 7698
4239 3961
2606 4883
7766 599
8280 5437
8136 6403
6205 977
1528 9289
7425 9261
165 2928
3317 9023
2882 8764
5643 4784
80 9297
5944 2985
683 1619
1932 5043
9926 1274
1873 891
6328 7693
448 154
7483 4464
3753 3005
8618 9011
1939 7530
6553 8784
7548 5256
6392 5788
5085 9543
8881 2824
795 7381
2425 9564
839 2728
3619 2351
6396 9064
5570 6299
763 6844
9850 3054
2065 869
8399 8468
3604 357
5613 1305
7093 7504
3400 2006
1182 8530
5912 2281
1845 1978
4706 8337
7040 9036
4453 4677
976 3437
6633 23
9429 1739
8960 2835
7656 7847
8204 3712
5017 1260
5117 3817
2175 8462
6992 8517
798 3358
5336 9256
3945 8995
8032 6394
1071 986
775 8837
5212 8399
6490 3760
6596 4642
2489 5451
9163 604
8216 693
862 532
5346 3333
1850 9390
2748 2338
7947 9000
7996 4436
7182 1892
9230 2380
1217 8253
3004 6357
118 6429
7423 9494
4945 3066
3670 9912
6957 460
7344 1886
1572 4172
3562 2690
5029 3422
8775 2662
3450 9328
1220 6771
5503 632
5237 451
6808 3072
9501 8241
7735 3278
6344 3277
9541 9033
5845 6366
4605 6499
7023 3190
5880 6177
5951 585
9599 7261
6589 4726
1497 3049
33 4162
4613 3352
6424 1622
9863 7773
7404 2278
5555 3950
9335 100
2819 5096
7947 5181
4723 7424
3601 4970
1907 603
4217 9552
4279 7858
907 7158
1320 2128
5481 7292
8914 2285
6411 1905
535 5129
5432 3815
267 6090
7539 4767
6300 3086
510 5486
6809 1023
7979 463
16 5068
2927 2196
9354 647
2775 186
7479 7027
9312 4608
2866 2745
7875 5723
5890 3401
5844 3307
8074 6158
9244 3383
5221 727
8102 9755
218 2030
7099 6081
4629 6586
7233 6378
6564 336
7363 6361
7321 395
3141 6675
8751 187
9941 1016
4323 4641
799 5785
9168 8749
5828 44
6151 4389
2772 3931
12 2721
5660 6223
2601 994
1330 9245
5606 5517
5913 5045
8072 9280
5819 9054
6422 6823
1465 5760
7897 745
5846 8616
5012 3417
4159 8027
1958 7515
237 6931
9506 8322
5668 5897
5142 2107
7624 3350
8395 7101
2733 9889
8943 6468
9643 8552
665 5365
2462 7460
6077 8562
8332 4661
2688 1089
8605 2491
5774 998
5672 5194
7443 5280
3739 1341
4691 8937
2390 7715
7605 9439
5907 5123
28 2900
8266 1902
9363 693
9255 7080
8093 5440
2881 7587
6430 7133
8131 7838
9384 2204
3836 156
1497 3179
2117 7575
5291 2540
1979 859
2335 9248
2148 4238
6141 2363
3056 6766
3847 1856
3648 8663
2603 8292
5426 6529
720 9033
1238 9909
65 6456
9636 5074
9002 7914
455 8105
8964 4293
3541 8786
9377 1299
14 2041
8808 1870
3726 3070
1734 9007
7299 7374
255 4337
9722 2725
2635 7327
3784 960
2387 2700
6967 3420
7877 7741
2034 7422
2560 3193
845 1927
320 1937
3807 859
3930 9128
8135 7533
1259 2016
6353 5435
8160 7867
5194 2427
9740 7147
9848 8978
8750 2127
6220 6815
589 2979
6173 4606
6533 9501
1439 7018
7877 3205
2334 1598
5484 8159
175 469
2256 6743
4610 2880
5308 6769
3916 6157
1487 5048
3527 116
3283 6590
9569 9747
4353 3872
3374 5742
9112 7238
443 1165
2763 6990
1501 9129
5951 8247
1343 1677
909 8207
4976 2305
8462 2569
7617 8893
5361 9950
2892 7496
3595 8645
8869 2461
4556 4300
1538 8595
9760 3668
7010 8334
7463 8876
7123 4864
2893 9766
7974 8466
772 3802
6372 9302
8195 5586
1888 341
4190 3557
8554 4780
3594 7785
2086 7423
6019 8150
8170 9976
4662 2131
1007 1533
6397 8478
8244 8131
2949 9290
9444 6218
5521 73
2012 2168
8862 68
9977 3900
8681 3052
7189 8531
2307 8627
6777 9275
5604 8326
457 1299
9184 266
8744 7817
2300 5581
1223 6989
9559 5249
1675 7020
9188 1432
1501 3687
3939 4402
3806 1478
6362 8972
7599 996
6623 8669
3347 728
2028 2227
8846 156
7973 1212
3146 7590
931 273
1875 721
7741 6843
8275 9902
3589 3282
4036 9776
7607 7528
6501 7843
8839 3969
8990 452
1181 5462
4042 2337
8845 3209
773 2888
6830 6819
3444 271
7345 4114
957 5319
5221 1438
4720 9232
5361 5162
9043 5109
2952 2968
3289 1896
2348 8143
9957 8631
7320 3529
3090 3999
3239 6165
2984 216
487 6422
536 2781
8100 7832
5623 7845
7077 9674
1188 6695
1804 8790
1758 231
8479 4756
2899 1399
30 828
709 2857
3208 7350
3516 152
368 2800
9222 2852
5633 7207
1392 6110
3955 86
9760 7015
3710 7384
6175 7300
3884 5515
6623 4285
5685 2363
9543 9523
8732 2067
9418 6605
6757 1940
1092 9286
8490 3477
684 314
6424 4124
562 2076
5443 6731
468 322
3974 9154
1021 2995
7280 7858
222 7644
3519 9317
1385 6117
2722 8603
6896 7155
2793 5831
9308 7988
8303 1283
1759 6345
4773 1079
4163 2321
8995 217
5723 4631
7626 2970
7180 3096
7092 4906
576 3754
9872 612
5567 8313
1820 8946
4778 2463
6804 4613
2248 438
6783 1459
2538 4008
6329 1557
1774 6701
7684 1677
4647 3849
6945 5310
6569 1827
5582 4037
1001 7145
1810 1806
752 6569
5384 3630
8243 1882
2321 2188
9999 6843
851 5456
7013 2538
5591 3533
5210 5139
8988 3276
4938 6209
4388 2285
6323 1507
5004 6322
8128 3676
6597 6814
6796 5233
3467 1982
522 1391
8235 2140
7597 522
9412 9086
8971 4610
6102 1355
4631 4181
6742 5090
3728 5922
7429 1131
3805 51
79 8786
1952 1934
3519 6677
5011 8749
140 6986
9127 5533
2407 4727
166 3076
4038 8171
9527 9137
9671 140
1583 510
6432 6413
3896 5311
1714 3862
9000 7702
5988 1793
8470 952
6053 9507
2845 3481
5367 2546
7273 8324
1400 4126
2298 7439
2929 5439
1931 1825
2335 2600
5365 3514
8825 5120
5334 5614
3316 539
8685 4334
1638 5656
5163 3507
3341 7692
238 4360
2685 5060
9186 3863
1303 437
2228 7836
9661 584
3184 4160
7674 8349
3469 4901
515 2852
9743 5155
9489 183
5839 8428
8288 1127
8819 7354
8067 1629
6689 5409
9273 752
7541 5875
64 6928
7512 9770
282 9725
4426 7048
1949 4308
7160 4247
9402 8817
9000 3256
8036 5243
6371 1192
8546 6324
7953 1542
6952 6613
3717 4642
6870 6225
9505 7611
3733 6934
3011 7017
4065 4015
8323 3790
4389 6014
4831 5484
8740 3792
5387 184
1376 6776
9453 1758
3301 6274
9240 7406
8401 6605
9182 9309
6920 1623
4909 8687
5704 653
4668 4272
4414 6121
2135 9344
4828 8804
8948 3319
3503 9920
3048 4335
6094 1231
7505 8853
6260 5747
8704 6745
2407 1013
8988 7886
2925 9327
6333 3897
4521 4981
1102 1001
345 8936
7740 9589
2908 1525
7797 6688
7375 2763
3994 7198
6051 9821
1920 7852
949 8663
6028 624
4862 3356
9036 5016
5265 7787
9120 5369
2722 6139
5075 222
9812 9420
7297 9167
2207 9072
1836 5095
8645 9582
9404 2182
6386 1048
9712 1324
1949 3688
3396 2092
7109 3163
7303 2432
4153 8726
4865 6423
6646 6876
6296 9940
9107 2810
8234 3593
5040 1314
7249 70
8605 37
1086 6653
4329 1343
1383 7150
9242 2630
5794 4780
7212 6351
5078 3097
5872 7718
4594 6295
2588 8870
1680 7242
7187 1695
9362 9915
6337 2228
2265 2963
9616 1294
8990 9703
6853 297
2928 373
5153 6096
2447 5074
4523 8718
6436 3877
6525 395
9266 7382
4624 9113
7160 7298
3565 1811
391 6522
9485 6255
3901 9009
8712 5453
2103 2891
9617 5566
1662 5031
6457 1122
9840 461
691 980
1375 2628
6362 7216
6329 6993
644 986
9150 3489
6364 4209
6816 5893
4902 2201
4007 718
3609 3615
5533 6110
7493 9578
701 3547
4008 3950
4930 541
9522 1051
8267 2657
6003 5884
3223 948
790 6647
7208 8725
4618 7154
5707 4025
1095 5873
5840 6066
2176 1056
635 1373
4920 9669
9971 1336
8229 5280
6332 4901
3911 7751
9988 4599
1900 9914
2913 9563
8288 2690
6196 6473
6850 9258
5131 8255
4322 7945
9002 971
8696 6498
2520 9637
7325 3616
8897 2491
3745 5554
3306 5229
6180 7656
3922 9646
9209 4432
7122 3187
9660 3849
9459 9670
7926 2863
808 943
1914 2248
5098 6162
2151 6963
579 3970
2814 9476
5031 5828
7409 6559
567 4689
4335 9942
4374 841
4028 9896
3745 7849
7519 40
2903 9556
499 5445
4045 64
6226 8766
5729 5496
9466 4730
4206 2660
8489 2280
5191 9237
278 2250
2192 5758
6599 4613
4509 6567
4416 6979
7020 4606
515 8287
3733 6275
6339 1014
9780 4130
9626 8918
3648 1861
4522 5445
4077 7854
3444 3011
1613 9269
5027 3722
4688 3806
6725 7979
1310 5549
6508 1141
9428 8330
4606 7023
4389 9513
9996 7297
6215 4170
2383 5974
1419 9863
4070 6905
6268 1849
1118 7514
7588 7882
1688 2497
476 8628
4178 8413
5906 8139
6469 7038
4061 1686
1200 7427
4725 8450
8972 7548
3522 940
7156 1356
4613 1294
3143 1226
5092 882
8764 4261
3110 2680
1309 6804
1569 9939
8078 1839
8877 7475
5513 4547
8327 9290
4092 6713
613 9404
344 9417
7125 4136
1782 3852
5078 1738
8972 4925
5538 170
9203 7736
892 8648
8587 512
8703 2461
6288 3017
7565 3932
3222 1802
4867 2244
1648 3666
3083 5481
5969 8344
2197 6560
8299 7751
9028 7275
3798 7271
1360 4566
9566 3001
9865 2252
1066 4506
7523 4920
8852 7354
5508 1440
36 8426
2092 376
5857 1684
29 1528
8088 8178
5929 8578
2205 2739
6363 1309
2227 6003
5356 7723
6327 1793
2651 1573
6493 3745
7452 6527
4319 5345
123 2960
3336 4356
2392 2216
3744 5545
3723 8773
7351 8184
924 6004
7313 9557
1912 7287
1362 9540
7686 7269
5194 4041
7787 6689
3216 1688
3385 5239
8199 3888
4596 3509
2077 7888
3433 6988
5762 2173
357 7157
9513 9465
9022 1281
4920 6827
2719 7287
4556 6282
6676 405
3447 6102
7790 4463
6054 3015
6903 7528
7389 4253
2141 1499
4840 9466
1639 1927
9084 6954
6419 1996
9630 4949
1776 5442
2729 4550
7185 4496
1253 3637
9739 3861
4676 1052
4068 3882
7762 730
1335 7323
5175 5151
4617 9829
1756 15
6969 6256
4604 7192
2141 3388
5182 4234
5137 270
1118 4263
4252 8674
2535 8723
9776 344
4226 3563
4293 3844
1167 8340
3491 1980
1809 6342
2709 8108
716 9917
7109 9678
9419 5320
5907 5603
5873 953
5217 7396
6070 6991
5714 5821
6165 4957
8520 5490
5686 6743
5083 9165
1145 6854
9548 8574
6682 2955
9224 2258
8288 3750
5423 6334
1937 4059
5013 1330
8726 4162
7505 6582
2403 1148
6105 3219
5062 4921
1664 4625
3790 748
3954 6748
5322 4935
4242 9855
2113 8357
2107 3467
6153 6753
7165 7530
5212 4442
4956 2178
5112 290
1438 2461
5680 3867
8788 7543
2168 7094
4195 453
3553 2310
3598 8149
8004 8875
7232 7840
7659 6469
3223 5692
9574 164
4606 388
8918 1139
1429 5914
8375 382
601 9220
6763 4056
7502 5742
2547 5284
7594 1697
9847 6100
4975 1192
5385 4203
673 8560
604 9396
9561 248
6988 178
1317 519
6434 2258
8992 9099
8319 4809
5217 9593
1687 1434
6718 9072
769 4234
334 665
8209 6968
1172 1662
222 3594
9343 8197
4797 7178
7356 8904
5775 8137
6747 5026
477 8561
9723 5739
1684 8796
230 1292
364 3372
7606 3301
3966 1134
8102 4293
5955 2175
2122 5626
175 2529
9707 1465
6721 4972
9461 3415
4793 2496
7410 6208
1947 5270
418 7133
4777 3632
3356 7001
302 5142
6276 7314
1607 620
2795 730
2709 7562
6443 1269
2734 2884
4209 2502
2270 9455
8304 3670
9879 7063
8686 2066
5551 1826
1810 9104
2457 328
5470 5166
2481 2759
3379 8098
5181 440
4355 2527
3796 7890
7126 798
9653 6531
2338 1335
5006 1923
5338 6994
9060 4885
3063 376
5833 4611
4940 1226
2744 8290
1050 6762
4861 5225
2018 781
3308 42
4284 6373
3523 7105
9988 1410
2746 3176
1451 8678
5673 4104
8989 6790
3518 1085
5697 8404
9630 9351
7642 6989
3751 2375
3952 5044
5825 8612
5006 5970
8695 5486
8943 9290
701 2219
5395 5283
3961 9799
3903 6847
9989 5986
7072 9244
7648 3507
9211 9121
6110 3631
2358 6853
8249 9861
4826 2662
4985 426
2264 6184
5475 3680
2251 1207
2842 2528
2327 3999
7198 6804
9142 2582
1826 7187
7046 6214
5335 5826
5809 2609
9462 7797
4011 4519
7182 4063
4490 8837
1373 8519
8551 6754
4314 6848
5728 803
1154 7156
312 8055
6989 8352
1891 9455
5669 8815
4642 8937
1547 7357
5154 6803
1323 7361
1425 9165
4354 4857
3376 2267
9021 5728
8928 8279
5434 3335
6844 4657
9064 6588
4940 7156
6611 6054
4869 6831
2121 8633
5990 5863
2667 20
7381 7496
6662 342
5199 5158
3777 1016
3096 4927
9558 2799
2486 2025
6682 4993
7933 5682
2839 2098
8152 2874
6057 5802
4435 9374
5237 8178
8198 6777
4274 4256
950 1932
3442 7288
4656 6149
7428 7220
6371 7753
6130 6987
1980 5209
892 2812
4910 9913
9139 83
5885 9415
8789 5197
9727 6673
9802 378
987 4278
2562 4076
7716 1937
4439 6004
9576 2373
6478 1867
8854 2299
7509 2608
1772 7186
3452 8401
8484 6682
2449 2591
4140 721
7394 1238
1617 3868
4498 7197
7625 8956
893 7060
9416 1694
4067 5332
3552 8993
1292 6897
9505 2406
5945 5153
3554 1277
4311 9397
1988 8390
9112 6761
4351 2481
2701 2858
6407 2320
1276 7199
4259 4033
2079 2170
3854 3675
9020 6146
9395 7406
6165 6665
1818 8900
6529 2110
1507 5373
115 840
3953 9847
2328 5579
8438 4657
6977 5029
8580 4845
5230 8254
6776 2839
2867 7309
9807 6982
741 1887
8552 5554
4454 6906
9016 6723
8448 7335
4528 6875
6722 8563
4143 8481
3138 5403
6784 8933
130 6468
1074 5365
4556 1713
5374 7850
1184 7423
5663 5182
736 1925
8831 567
7290 1543
8878 4199
1074 5738
4302 3406
8240 4149
5904 4797
82 7730
4198 2688
4405 212
1925 5272
9474 8962
6385 7300
8834 7011
8936 2048
2616 5922
3817 4120
8319 9906
1997 9048
2454 5746
6247 2651
7448 7046
1129 2151
1191 3882
4094 1679
3304 5597
4559 6020
9672 2778
6141 7296
5697 4858
780 5078
9198 8313
4571 950
9998 3869
5967 6568
5571 8804
5851 2214
717 9371
3253 3332
5011 1909
3858 7348
9720 8315
7446 8417
2065 5744
602 3587
8665 7762
2427 7734
8684 4215
4437 6999
9919 5034
3839 404
8971 1843
1214 6042
9374 6040
4301 4468
1816 4385
9053 8159
2928 7888
3632 6499
86 4994
2756 4234
8320 5104
9319 5184
8535 7005
2039 108
6865 4806
6649 2230
8272 2188
8228 7864
8684 3998
4736 2530
689 500
8388 3789
288 3618
4964 2020
2606 374
1830 7720
9256 926
4283 7502
7610 4143
8950 2675
4905 4475
3015 1951
6167 9530
3528 1244
126 4851
1703 8264
2053 7167
785 6443
4815 8693
5420 2101
9822 7421
4700 7250
4752 5430
9574 5335
8010 8715
3190 4876
3179 9268
8798 2558
3802 9347
550 8678
3295 280
7447 8606
5049 1700
394 4585
6686 9865
3638 5814
3064 2860
8291 8338
26 4169
2884 4217
9093 8036
7304 2426
4984 2272
7971 2454
1133 5138
5418 4874
3480 4428
6128 9218
3803 8529
4746 6522
8688 6841
9702 8385
3075 8105
2274 7993
2210 3101
7490 1510
3936 7655
6279 4794
7249 5273
6763 4251
5477 4734
9162 8534
7752 8957
3838 1642
4517 1555
4748 8585
3322 9557
7662 4450
8795 6397
5851 6288
7798 7357
5012 3341
4487 8087
9712 1292
1895 8088
2822 6475
5009 7372
6329 8336
9979 9113
7020 167
5104 848
405 1769
6219 8426
1176 8068
708 5015
2372 7027
6720 4859
2946 3737
5029 7559
5648 9010
1837 3276
648 4822
3159 6847
2312 3329
9848 9490
338 9333
1102 4953
9731 743
5163 7321
8688 907
4286 5872
731 7413
1150 7358
4918 29
9039 2531
5807 6918
1740 876
4075 2807
6136 4899
4389 6388
5721 2336
3641 4727
1823 3175
496 3373
632 6986
9210 5537
2950 4919
8629 9941
9970 4100
6631 3547
465 5361
2590 8790
1597 2206
3457 3017
5757 4085
6421 7847
8926 7830
1005 63
3436 749
4088 7854
3391 4068
5339 3298
9592 6341
6793 3969
3868 5914
1276 3424
2214 4334
2892 218
9587 163
4248 6349
548 1697
9527 669
7084 5827
6576 6885
4739 6872
941 7016
315 4482
7175 2632
2953 9907
5821 3968
7392 6822
7508 3449
19 5958
6121 6752
9453 9607
1304 6721
3742 2
5829 7183
4068 827
7699 8757
5774 5159
9641 4992
7625 2441
8700 3168
7136 6930
3752 873
4323 880
6838 7612
4364 694
301 9311
6032 3818
3820 7957
5141 9775
6954 6001
4758 5561
7073 4653
9646 6884
5677 3066
6235 3623
553 4377
5251 3371
4252 658
8270 5926
6620 7442
6754 8987
2805 3274
7583 9138
5265 2977
8978 9076
4638 2219
3225 88
3325 8063
1129 9223
9198 9002
3380 7364
7088 6103
6761 4983
7261 1340
8782 1384
371 233
3507 1888
7379 3176
6153 7443
6519 8996
1216 1483
7923 7509
5572 793
16 1248
251 3054
418 9214
5317 9983
1318 7506
5198 8431
9815 8579
8812 333
8573 6538
6066 8672
6115 5952
4949 2219
54 2634
6496 2517
9662 7977
9226 2068
5122 9678
5244 5829
2164 1893
5751 6913
5344 3482
2061 7302
7635 1511
4401 873
5897 6208
8513 467
9038 2012
999 3462
2331 9092
3422 7495
5915 1993
8023 9000
4829 1038
9283 3267
6532 6993
6827 1386
8688 1877
9740 8888
6113 6323
8884 4142
4609 2011
375 7397
7211 3648
9092 1374
8869 5894
7887 2514
7866 4785
2175 5910
5529 9047
2392 1458
2844 2061
290 9219
8107 7885
4208 6383
525 573
8936 9444
6841 1486
1486 9311
686 404
6298 6931
9445 9555
692 4185
6447 3664
2711 2867
677 8328
390 5104
4323 9874
7759 7032
3415 8783
9356 8319
7764 292
1779 8292
3955 957
1362 9617
6548 4641
549 4012
8198 2346
6010 1241
461 997
9326 8721
3825 7490
3716 6068
3100 4501
3284 1475
6147 2868
3160 8992
3636 263
1220 1291
909 7591
2233 8934
2947 3809
6155 9134
375 7497
4846 8517
3591 7188
4679 4172
6592 3768
8269 8395
6223 6045
8913 1553
545 8722
8985 2073
3365 4181
8125 6557
1844 626
4435 358
5844 1143
4992 6943
5460 6219
9760 9838
363 5403
9172 791
9186 6955
3000 7441
5347 1761
6835 8265
339 5892
6426 2172
5082 56
682 4551
1261 6926
4421 1469
8412 7105
9676 9413
5603 225
5628 5788
6579 5966
9274 4800
2242 2118
231 8626
6892 3941
9833 7067
9239 3583
3639 2611
3514 4321
7599 4321
2142 1127
4584 2020
1433 555
780 613
6401 7037
9355 2760
7561 2981
1451 4981
3608 6155
96 1682
8749 6852
435 6281
5245 7989
2310 426
4747 8759
9887 9910
8282 6889
3796 4471
5084 6068
9457 928
3689 7838
819 8812
3794 7602
109 2270
3952 3754
606 205
2838 9054
7043 7393
7819 8083
3195 5705
1967 8918
2159 3082
3905 250
2670 5956
3236 5342
3180 2127
7291 6925
4527 351
8973 7437
1191 4636
1193 9277
8331 8149
1894 384
8467 5374
7432 9713
4983 1662
1096 5751
6001 7143
9451 1354
6696 5023
7150 2687
5965 6228
6579 4442
1879 6844
1481 1904
1181 9423
3924 9026
9410 9513
1239 5819
1884 4230
2244 8671
4423 6868
4011 9693
1047 6776
1800 9814
2501 4095
6675 5302
9744 4818
1663 3254
5158 7976
3751 9496
8522 2691
2204 7675
3494 4285
4867 3444
8467 1731
8599 3463
3156 9242
2371 8962
8776 555
4650 523
5825 7629
2448 1325
931 1922
6250 463
9959 2441
5133 1
4028 4833
5470 3689
3485 3875
5606 337
3801 8305
7547 4205
3167 6957
3865 6270
6793 8295
2276 8515
6193 8971
7245 4724
5187 3476
5918 9847
9848 1498
6332 7403
1092 228
4103 1802
8492 930
9235 9709
266 2293
5602 3134
9405 9785
4432 9467
4335 2550
7873 6709
1433 6880
356 5118
4965 2973
4471 2626
29 1165
1394 7155
8958 7474
4756 1849
7911 7450
6095 3991
3477 8177
4315 8049
7517 9234
1785 8747
5456 8204
5084 6010
7481 3242
2567 1792
4419 8798
9964 7038
546 800
8274 7710
5911 9504
3306 3030
3373 3822
8352 5753
3802 6851
6085 2667
7766 7671
5875 4222
6585 3223
2817 7311
9104 4066
2864 5384
2422 9875
675 9180
6890 2968
8824 8950
8332 9154
2976 8482
4235 8058
4909 1328
347 8038
2061 7346
7921 8114
7689 4289
1600 4506
8572 506
5890 7056
6931 7788
6969 4664
3985 3959
2909 3859
3013 9161
7644 7593
5651 2342
22 1879
6269 6912
611 6722
4836 8331
8972 4884
9390 8877
9383 572
3981 4314
2102 1625
6289 7264
1223 5423
9283 274
9436 484
4430 8648
7342 3432
1663 81
3346 7365
4087 4285
8968 309
5193 5275
4152 7940
8512 935
1601 9887
1512 8845
6110 55
5479 4153
780 3685
4170 1114
6114 6568
0 8600
5033 3457
7174 8015
2300 4731
5040 7613
2888 1268
9208 233
7520 3392
9631 4073
2918 9121
9177 7495
8000 5380
9066 1008
2122 8780
1700 9588
8188 8236
1693 1700
6068 9573
4305 8867
2832 8368
5989 9345
5931 5720
5464 5197
5622 9803
8925 1447
8942 4893
273 4454
5462 6943
2075 5691
5279 7584
2172 3776
1828 9819
5745 3866
9085 7896
2617 50
5747 1918
3990 8606
155 8030
7834 5807
7254 5778
671 6759
7565 2549
5844 7296
2988 9379
6963 7919
1695 4619
791 9135
9353 3524
7772 6536
2938 4791
3061 389
5347 5037
3068 3403
9210 5503
1281 902
4013 2817
1718 8304
5600 1578
957 7562
5481 4940
5912 4272
9759 3529
3405 3055
5943 5465
256 1177
7919 8881
3918 9669
3072 3266
8769 6986
4240 8635
7804 6402
4706 8253
9831 9522
7084 6659
1599 7140
1412 8917
2446 3863
6918 7524
2989 5851
3381 2861
8094 9597
5618 1300
4566 2013
5351 8690
3677 9688
6090 9592
7845 7833
7355 797
3808 4029
1169 791
6061 1759
5623 8934
2810 4859
7063 8893
1755 2151
1748 444
8096 6201
8214 7366
2408 2662
8702 9918
9510 2438
271 4793
1942 3707
7736 3979
4770 5750
7509 5258
544 7183
2043 9484
4730 3354
5505 9106
9550 6485
9038 3605
7323 3998
3012 7253
3523 9731
8521 1715
6508 3033
3092 8793
2772 4802
6904 829
2439 3894
1078 765
250 2983
2689 3121
2227 4980
7817 4546
4503 8129
2127 6855
460 1826
7909 5139
3206 335
9720 6431
1576 6066
868 2813
9994 4348
8242 7772
8538 2433
1768 9320
8793 5140
6472 809
1707 7372
5501 641
3848 6210
4388 3980
5472 661
996 8649
5080 5030
1097 717
9882 3008
7356 1965
6090 9876
2309 1951
7623 980
2472 429
1238 2769
141 8944
5937 2945
5507 1995
2327 9785
6798 9895
8544 7799
2830 7795
4864 9977
2985 279
8596 4746
974 6694
4997 4686
2018 3283
64 2620
5389 4490
3434 7654
6951 5531
3878 5723
5509 2458
2353 6205
4005 8659
2806 7249
7226 3187
9818 7670
8768 6564
9610 8414
3101 9742
9377 4607
7227 5119
5962 9441
7095 8969
852 5748
1472 4046
2856 4730
935 3333
1992 1561
8811 1292
831 4799
8821 2389
8953 649
9064 7590
3684 4915
9522 8517
9988 3062
8855 6750
2071 5950
1699 2303
6349 2923
4005 3171
2856 5558
7119 4940
2585 4848
5999 5930
4672 3416
418 4821
8763 9977
4893 9482
4351 2447
5509 4415
7517 4339
6642 4365
6668 9588
8863 8341
7864 9369
4927 2868
4161 7072
1920 2047
4329 6746
6514 7920
9093 9001
5331 6932
2766 7856
303 224
4639 7117
7809 2165
6530 2157
8097 4451
9144 9550
5271 6961
6181 3360
432 6551
4950 6694
3440 2352
6624 9279
4633 6307
3239 2069
9925 9964
188 6006
9475 229
2394 1179
9688 7284
1735 5276
1178 7786
1099 7231
591 6449
3000 7280
3975 1023
9728 7950
3582 3767
74 2704
4774 4567
883 9666
5672 4699
1280 1071
8602 1499
8784 26
5302 8291
6077 6871
4103 6480
9282 7176
808 4694
2070 2282
6585 1135
1255 8150
854 6519
1086 1329
7347 1980
3032 1969
9392 9371
871 4312
4339 7994
2637 9655
6526 5993
2474 5066
8594 6981
1676 1756
390 9403
6890 98
8248 6975
9846 8145
5827 5454
7435 932
9253 3174
8898 6819
1131 8645
2992 9769
9424 1822
7816 1981
7048 2302
9284 6642
4750 5642
5045 7312
7410 5140
8468 8288
6433 2010
3816 8314
5599 8612
8139 1251
4422 4852
9850 7037
6806 5554
3728 9194
1175 2582
1236 7896
4538 8223
3866 6872
4184 9288
781 5263
9903 7946
6308 5601
3915 6337
1301 125
7728 9514
719 9440
6477 2151
4057 569
9763 9635
8569 7785
2034 7290
5514 9806
6678 6572
2213 5732
7347 7215
1513 9346
4947 7251
9940 7822
4299 8862
4729 1241
7034 2027
4178 5448
2369 3511
9499 4587
2373 8484
5774 8068
7874 4407
7331 7640
3372 905
8120 5896
5242 720
4323 5985
3807 6541
1756 4263
1856 8106
134 6485
8285 8890
2402 664
5252 654
5490 1901
6321 3977
4736 1264
8905 4196
1453 8419
668 8629
5701 5925
1910 2262
8804 24
4287 5718
176 560
3397 6144
5034 6662
3679 1682
8688 3788
2041 8931
9260 4178
1794 8363
8911 3996
8767 699
9329 364
6289 9435
1698 5030
5055 8199
269 502
7414 5694
8190 446
3460 811
2493 9577
3365 7139
2422 7533
1711 1759
122 1682
2030 3505
557 5385
2101 798
6585 6238
1268 8390
2941 8283
5137 2675
4722 9563
6361 2551
3362 2912
8841 9821
3313 2207
9740 2207
3966 5735
3770 7803
7661 440
5825 5800
2950 8218
4456 4278
2668 9536
4171 2076
1104 1961
1524 5661
8212 5826
5090 4237
4059 7927
6486 3932
2491 7372
9459 6227
382 2809
3249 3229
9030 8043
6261 5426
9704 8332
4220 7069
9146 8724
7037 4744
405 250
2428 4914
9151 4969
9248 7518
7802 9562
3286 5735
8314 293
3102 2746
5975 8696
6740 2703
8129 1357
9690 9353
6423 4185
2909 262
5006 1921
8523 6299
1213 1763
6733 951
4821 364
9927 5981
8068 2624
2917 3213
2311 6382
5079 2372
5075 8287
5996 1819
7524 3205
3742 2038
2301 3947
5868 3004
9303 3659
5423 743
1694 516
7232 8508
4489 2868
5492 7159
6725 8910
5292 4761
7133 9036
3675 371
8542 8561
8118 9672
1710 6067
6366 1860
4864 363
4023 8587
9330 4167
1035 5798
4306 7377
245 8268
1779 5147
4057 5737
6850 4856
3893 9350
6073 3984
2545 3920
3592 968
7035 663
8875 1655
8370 3401
8340 3740
4259 8745
4543 7671
5048 1647
9915 8849
3997 5293
7382 8046
2903 4406
108 4232
4568 3148
7068 6182
7150 3465
4128 7013
8668 537
290 9356
3096 3390
2136 8631
2654 3707
5354 6679
1881 7702
9347 1621
6020 2230
6636 6729
961 8923
2071 6745
9279 1882
5347 9139
6152 2781
9670 5828
5184 1172
4563 9960
4943 4632
8339 6699
9730 7597
1651 46
8019 1611
3841 998
4079 4039
2962 6830
9927 1393
3275 1385
6877 9206
8339 8622
4450 9381
6906 8009
7969 5986
618 1469
4520 9265
6862 5310
1708 602
8566 4866
5864 9727
3767 8759
5589 9944
7689 3081
819 5516
1074 964
9586 7696
3429 9413
3774 389
6375 335
8156 8096
7361 3346
8656 2676
9631 575
5441 6716
6443 8197
6956 1306
7602 6562
5996 8898
766 5291
2607 6815
863 1841
7606 8545
5286 4292
4628 7733
5829 8014
1360 2784
1813 3190
3765 6368
3084 1444
5993 9207
6865 5879
2442 2949
1847 819
2462 4790
1605 2614
807 5069
9966 2468
3112 4765
2498 5253
3267 7740
6877 8327
7869 4627
7347 8690
6486 1635
7194 431
6310 2479
1780 411
7582 5104
9894 3628
2594 6396
7817 7851
6671 3401
4518 7783
3036 9784
3876 7017
1696 6303
930 7105
2147 9566
7553 4629
5060 8633
7464 4747
1510 7723
9179 9245
9225 5444
1840 5426
3277 1819
1572 9657
7440 6301
2437 6090
3107 477
3132 6313
3419 4804
722 415
5044 5566
552 8275
9374 6457
4180 8016
3613 884
2680 9711
5137 2838
1009 4520
529 4767
7420 2581
8672 7969
4798 9857
2522 8131
9287 7931
4698 5941
7860 9
8284 9742
6199 4764
9132 7658
4894 6731
6443 2746
1936 7574
8446 7932
9051 2946
5527 8975
3297 6471
6328 551
5035 4447
8730 8851
1144 4322
684 3428
3171 5356
120 8968
2979 9370
2454 9253
1999 4225
8152 8897
3181 287
3233 6598
1926 2233
8704 5113
5664 5223
6022 1385
236 699
1374 4753
8181 1380
6737 2058
7378 1352
7075 3209
2462 6709
935 9529
4778 813
1101 5439
8389 4311
6544 4334
5799 315
1890 1601
2986 1464
8515 7913
2666 3222
954 9889
8299 847
8552 4043
3605 5678
2387 1979
1508 6067
3233 9674
5113 2638
6949 4334
5020 3503
170 9846
1447 820
8636 2061
6326 4433
4007 7151
3393 8992
6191 1313
1709 1692
7370 4743
3074 5314
1381 6110
2136 4582
3572 966
1652 3602
7105 6874
6720 3025
3845 3627
2040 8167
8952 8833
2336 8366
3710 9311
624 5729
7422 9902
997 2333
7647 4792
7254 4072
5006 5381
6347 9391
2993 4931
1805 8000
1025 6450
6429 8525
3044 1222
55 8470
6836 1996
7659 2391
4473 547
6801 8283
617 1895
3039 7798
8222 4616
9997 294
6037 9581
4512 6345
697 5382
8184 6317
1194 1722
2944 4613
3083 4238
2586 9351
8094 9920
6819 245
4880 2567
814 3620
7770 5497
6466 3854
500 5993
1926 6463
9160 6537
8271 6438
2755 9857
7931 6455
1068 301
891 7227
2930 4152
424 3477
74 1025
9944 7243
7215 4954
6804 759
4613 4985
7330 9622
2437 1465
4354 9256
5694 1598
7807 2625
9080 4801
5102 2091
9318 148
4300 2345
5822 2249
9626 1076
8319 2248
3555 9570
6681 5534
6872 6711
2685 7646
9111 4202
9811 5122
6720 3465
2442 1857
6659 880
2971 1522
1671 8113
459 8641
890 2323
3400 2633
1234 6868
2791 8071
9958 1141
4204 9472
3471 3182
3736 6889
2011 8934
2400 3547
5405 8732
5964 1194
2717 8416
2881 8935
3928 740
9415 9692
8678 4819
8039 9167
7239 9912
1053 830
6655 3549
6731 5257
2146 126
9060 467
367 509
5593 7812
9007 5772
540 1557
6844 8076
8816 3421
9466 773
1944 8231
3751 8144
8056 9983
7166 990
891 5461
7070 3821
299 3974
793 5568
6077 9359
3524 1160
3284 1671
9580 8883
6959 3824
3598 6425
7198 2127
6710 3064
1208 5494
5477 461
7803 5616
1077 2643
2816 8694
9020 4499
67 3115
2475 9814
974 2496
4167 2351
1234 4259
4435 3748
6525 4545
6672 8033
7449 75
5569 3382
3844 5009
625 7398
6394 7999
6694 8054
8905 9210
2326 5714
5528 8972
7821 1153
3504 2855
7114 1988
2088 1090
5635 7901
2287 8613
5040 8659
8393 9736
1098 609
8008 8589
6589 8075
2482 4402
3612 9635
1701 1387
6712 2290
3443 3582
6437 4533
2873 3299
741 9903
7804 1314
6279 2728
7739 6443
6180 1320
1929 6133
4722 3630
1705 6289
691 7663
7298 4187
1927 656
9298 9000
2582 8639
9524 9094
8745 5371
1626 2397
3711 9487
8567 9430
5874 9991
7663 6307
2440 8406
8388 9592
2234 3514
1178 93
633 2925
9933 4828
3828 2560
7551 9232
4678 2762
4485 7075
5824 3423
2910 6111
1894 5888
2231 1478
4137 4120
8878 9894
5838 6577
6443 7266
3711 8072
7350 7621
2450 4344
3256 7283
2867 2630
1745 7159
4234 3897
7321 2582
8694 6411
2299 6583
4413 588
1060 4530
776 8550
1479 9938
7204 6614
4687 7923
1896 7267
7964 2037
5672 698
9681 1220
4732 4892
8789 1426
4008 8966
1729 6110
2694 9054
5994 4028
4910 7107
2010 7054
3344 5686
8653 3489
7764 548
4168 3340
1729 9661
6711 2132
3352 3753
8645 6392
4170 8084
3403 7435
9897 4531
9937 1484
1865 8943
2403 5932
9338 6775
8814 4413
7902 2683
9583 7467
7159 5667
1680 3751
5883 5240
8993 8391
1136 5588
24 3991
7778 1658
6189 9779
1264 7675
6619 6127
8411 3129
6256 5374
9787 7749
432 1422
8889 4041
6060 16
119 2400
3992 7740
2484 6003
7943 2986
3329 9972
1630 7967
4099 1107
8782 7820
299 5363
4844 1753
7127 5062
2811 1100
2523 6914
7308 9596
5964 7764
6517 3368
1109 6083
8438 509
9847 9945
9917 6381
701 3176
635 1547
5719 1152
6515 9418
7523 2370
7432 7711
5163 1003
4269 6596
6192 4038
1803 1577
4946 2156
4591 4672
1533 2407
2352 9382
2115 7733
7261 2269
168 2816
3968 7897
3667 5888
4610 6835
898 1190
2193 2043
8639 6062
100 6463
4392 4831
3339 8255
2927 9338
1745 4282
3664 813
8546 449
9070 5780
4948 5807
56 9239
1479 5269
8456 3723
1266 6089
8132 9355
5417 9811
2626 3123
4306 5517
3773 7019
6357 3997
8280 6700
7513 4455
1256 1944
4076 2411
4571 327
5918 9025
646 4627
8351 7397
9838 9102
8457 9617
5780 4323
7446 3874
5744 8407
5426 8105
2102 9517
2569 8135
8942 382
8679 6435
8846 199
526 9107
4484 3417
4397 2796
193 5130
585 2748
8717 6383
706 9042
9269 849
9256 4505
2610 5013
882 4682
9170 1064
7799 3451
6238 8112
8311 6478
1937 1437
4854 5189
7985 6422
7904 5603
4703 4530
7266 8489
7532 9772
622 7972
8829 3153
8166 9878
913 7791
8856 9048
8851 83
4547 6655
9485 5090
6527 9211
4400 7774
4196 7733
3337 8738
9620 2101
6942 8040
4165 6886
1211 826
3979 4787
4665 6392
4184 8497
7545 1930
8365 9392
2399 2749
7839 2913
2124 1884
9658 718
4803 2876
7966 207
8660 4492
8885 7587
825 5602
2781 3050
7837 2036
8429 6760
5258 8854
785 8965
8357 9155
8256 5502
8415 756
8992 6095
3165 539
9768 8650
5209 7969
2461 7734
1673 3869
5824 1346
748 2499
4535 8605
1717 8585
3792 9316
8281 6975
2483 929
6431 6638
7394 739
3187 4847
1738 6386
1389 2704
7025 1506
5593 2950
3172 9487
7185 7266
9765 8996
3953 7934
2871 653
9969 5670
8998 6663
7592 4603
1241 7833
8572 4024
5223 4988
7726 8111
816 6961
4820 5467
8418 7841
3680 413
4031 1590
6938 7218
1504 3797
802 891
2913 4375
7391 7123
1726 1911
6096 4983
5359 9320
4308 4669
9132 582
3896 8386
3854 9948
4142 8716
5481 8624
214 7822
1392 9512
9661 7152
4395 2896
7272 6815
3939 7308
5572 4663
5998 5665
4985 1668
2689 1358
1940 5645
4032 1822
8122 5836
904 4238
2862 2264
6439 6385
2250 3076
6580 7831
728 8263
5079 975
4635 4352
9015 9018
1035 207
1876 5013
2723 6021
8018 917
2739 1016
3204 8402
2640 7214
5830 4109
6846 5502
4930 2269
6453 5448
3712 7862
8837 7181
1533 5143
4161 3473
32 6900
8265 5196
7569 8260
9178 989
8357 5588
3990 8269
5483 1561
5670 2983
4837 1314
9935 8869
669 9768
7630 6388
9921 4381
9524 2820
2645 7806
1058 37
1586 2677
7290 9324
6665 5507
7447 2820
1089 5022
6583 7790
773 2925
591 8606
3827 5610
1730 526
3267 4496
5230 5713
8533 9540
7347 1106
1144 7530
6559 8405
4081 9082
4589 3849
6669 7098
2120 2037
9827 4111
7036 5056
14 600
2562 7627
4505 3841
4689 4293
6 4124
3665 9919
1026 4891
2421 1012
5769 8522
7604 5332
9182 6203
3301 2193
582 2203
6314 1774
6830 409
7361 3350
7329 6844
7037 6276
569 8187
2311 1726
1646 6927
8170 2328
9692 9024
7546 6943
2275 5462
8017 5150
3695 1457
3661 1318
3092 4278
1039 6327
6030 6274
3118 4753
1029 3359
7898 6507
8234 7950
4877 6562
8890 6232
5256 9399
6342 8583
397 9154
4304 8617
6427 8414
6084 7999
8629 6440
2767 5529
1803 9669
4422 8797
8509 1274
7781 5451
9753 6407
2969 6015
8599 4630
381 8212
6795 207
9361 6723
5340 3544
8310 3665
8017 8119
4559 4394
9923 2998
2667 7327
2476 8079
9353 3441
5244 985
7393 7134
9502 4997
5979 6714
4926 8101
8309 6360
9435 8073
1617 4022
7688 4776
9247 9927
674 2057
5055 3807
7486 6949
5028 4075
3868 9962
948 4381
1516 9113
462 4693
1407 7370
5471 2794
9154 2686
759 132
4155 8590
9718 2377
8656 8195
252 8965
9124 9330
6280 1659
2086 6610
6573 7660
2042 5955
1420 7521
8566 9910
7280 8234
1028 9973
2659 9103
9236 6535
1477 9771
2148 9743
7938 1195
6512 7156
6487 4542
2553 5637
8599 9119
6779 4640
6947 5172
9045 5173
5083 4719
2953 7611
3937 2363
1467 334
6869 2948
2719 7055
6798 8346
5893 4867
2024 1088
1982 8757
746 4863
334 4535
5527 9346
870 3465
8639 8826
3545 9916
3879 3722
2438 2851
3185 7816
765 257
7312 54
4752 9836
4704 462
1550 6997
5754 3080
4295 9884
771 2853
2199 981
4446 2651
1477 3069
9337 3085
3160 1375
4226 9569
7385 5598
2207 7411
3817 4502
4339 9519
6333 4921
1918 5395
4827 7883
4119 4024
6877 5474
6455 4890
7541 9076
8498 901
339 9019
6746 4187
3756 3499
5449 972
4735 1142
1996 4008
3527 8552
3473 2687
8082 9860
4095 1743
5767 9261
4735 8214
9456 2645
8073 1190
8444 3350
2369 6571
759 8783
8634 5467
6439 4515
2009 435
4443 1174
6078 358
3045 4322
534 5903
7646 7480
6741 4629
9195 3413
2410 7829
5371 5003
8353 484
7055 3815
8950 7074
2541 4166
5034 3936
723 8980
6506 3395
3753 5166
9488 2584
8487 3151
631 6374
1003 2485
5899 3724
7905 6550
1554 4661
5145 3277
3444 9907
6982 8553
2719 8747
2683 9523
4856 7753
1149 3407
4925 1362
299 1254
4405 766
7140 5138
7624 5036
5113 8144
1046 9875
4536 3018
2647 2600
8860 9682
8235 6092
4839 2194
8069 7306
5060 7522
7281 2925
640 2561
167 2207
2973 939
2429 4573
5961 113
4609 53
9928 1074
445 5656
4608 817
499 3092
5536 3468
5662 5086
2392 375
4250 84
3009 3804
2717 7883
90 1
7292 2885
7458 9415
5881 9722
9775 9771
7198 490
2498 6056
6873 7643
7087 7107
6927 7372
8810 2624
9351 8942
9026 1202
5007 9953
7837 2035
8389 7724
6961 4279
47 5681
5403 4419
4191 5928
6418 5179
7587 7741
5384 8917
2376 4460
8184 8823
7799 9303
8245 6994
4548 7151
3456 7271
5659 9555
3632 7645
8277 4048
6081 593
1365 8324
4252 1485
3016 1908
9649 670
5939 603
1415 1385
208 4667
3971 9599
2945 4360
1511 8568
2192 7493
7049 1319
8965 7851
8251 7033
3978 7242
5566 4332
2169 5343
3603 6170
3192 5185
5788 3252
989 9132
3799 3555
3154 7550
1910 4122
9043 6099
3593 9773
1092 1235
5438 6994
379 6409
3651 41
4373 4357
6053 5569
1739 2895
8080 9656
9261 1284
416 221
3776 6602
4152 567
1042 3283
9382 6062
5835 85
1320 9327
2673 3280
9689 6758
6799 3052
3762 9693
1614 7524
419 6167
2175 9706
990 4852
5073 1436
8039 7758
8325 5201
8484 8543
4606 5719
5804 4219
3546 6793
73 3476
6586 2572
1976 6115
5808 9737
3614 5738
1905 3774
3480 385
5237 4081
1869 4470
8580 6662
1864 6260
4804 6906
8977 6700
919 5762
2555 1134
4610 818
3390 8981
1448 1197
7286 5366
1105 3608
7382 900
1286 9362
9795 863
1685 2875
9538 8017
4277 266
3524 7754
4454 5433
7547 8853
9987 1726
2544 6455
5436 4598
2147 5934
1300 6884
6844 9433
6686 8757
4472 4226
1441 4324
7199 619
8636 9479
9745 6737
843 9266
4699 9621
8474 5298
3376 2247
5054 8462
9412 5920
1854 490
3726 7911
7344 9506
4616 570
1148 382
4706 9088
6059 2590
2069 1906
4995 4696
314 8166
7787 2191
3841 1365
3612 2613
7427 7217
3137 8666
5508 6839
1102 1343
849 5586
2508 8447
5181 1817
7257 3657
2599 6240
8146 3317
4365 4668
2834 9493
1684 4679
6044 6973
5938 5525
9094 6009
1027 3366
6557 2231
3574 2888
8474 7660
2459 776
2593 7335
992 3992
232 6203
9520 9943
4611 8378
4224 3885
4916 3797
7122 2260
4138 960
6969 3060
2778 3232
5464 7997
885 5688
3348 5390
2518 5711
3046 2159
6151 5112
1315 390
333 6384
1114 7187
7424 1296
1445 5338
3951 2340
3300 8567
7980 8089
7673 6622
4619 7110
2798 9489
4880 1856
3919 6146
4657 7398
8862 3318
60 809
7193 6529
3716 6746
8042 8307
9998 1140
9832 5840
759 301
4742 3133
9755 5091
2202 2415
1905 726
8934 5000
7499 3137
535 9205
2523 2156
2965 5750
2279 2584
9330 6510
1170 2348
9840 3724
9564 7520
7821 9673
9158 6676
1767 2563
1330 5265
2343 3969
8970 3235
2724 1277
6834 2821
4977 3260
5362 9358
1942 4295
7157 3993
6341 7624
1348 4679
2199 2534
8559 7265
3941 6372
5287 7717
9334 5708
6030 6618
6205 1677
9306 1352
4173 8930
8542 6140
1850 5502
6149 3904
7897 3792
7768 3307
7986 591
9477 5469
9086 6538
2910 8036
2105 3027
5087 8198
4816 7791
9468 7469
8821 7373
6303 5126
7618 2994
8497 4845
5101 9469
9613 998
4305 9351
6294 7382
9203 8644
5182 5771
159 8289
1316 4444
2642 8616
6407 2755
225 3810
7536 2227
3705 9046
8393 3839
5037 1323
792 3242
4240 138
9489 6758
4140 4898
3542 5783
7906 3343
1632 5076
9520 8065
3033 9300
8407 8515
8677 5792
8019 8632
4031 6213
6405 8076
9400 2424
2018 1442
1580 6544
3302 6258
1156 7422
9557 3794
7137 1050
2478 7464
1881 5121
4421 8351
6866 1267
7059 9181
7813 1895
4461 5079
3155 8196
6972 866
8660 8907
5452 8990
1601 6592
4014 5106
8901 9109
160 9924
3740 6038
7512 2638
989 5621
6888 8285
7466 4207
2455 300
5379 1632
9828 6916
4134 4886
146 6801
5791 9146
5738 1950
7056 3744
2854 6105
6029 5957
8348 3014
2004 9769
1742 5860
4145 9346
9905 4983
5283 1612
3244 2360
5628 7014
8252 9424
6225 9762
8908 8398
348 8369
2113 999
7104 3757
9714 4967
4333 9485
5606 8062
274 2690
2036 3700
5035 772
2384 8293
654 6670
36 1980
7756 2634
2397 8289
3039 3982
8703 7657
5008 9740
3497 816
2136 2112
7949 9563
3978 2821
5511 3555
3608 4252
1376 3899
2193 8643
5314 112
2092 9199
1833 5350
9991 9849
183 582
4592 9383
9123 8886
6054 9600
8065 8972
4887 4542
7364 6014
5922 8865
9470 9227
3127 9530
8173 846
959 1672
871 9839
1542 9403
5604 9056
9639 1533
916 2139
7377 4231
3831 6391
1715 3432
4326 1896
4263 6603
1820 8042
7270 185
9715 1290
8489 6749
8421 4240
432 5800
1555 5644
4700 1974
3507 7160
5651 691
4922 776
3519 3029
2813 5106
3354 5235
8190 7139
5182 3969
4154 10
7653 8804
5553 221
814 2494
4646 3974
5970 1246
3220 6201
9713 670
7714 3079
207 5365
8394 8988
4094 3727
5314 1207
4698 3801
4122 9856
9866 6232
5036 8277
4850 3871
2717 589
915 5664
6910 7363
3565 6885
3908 6482
9562 3278
4995 1622
6962 9769
9848 3389
948 7409
1210 5162
5018 1999
8231 5332
9961 1237
1460 9620
209 1164
6828 4178
7893 7477
714 91
6573 1458
1089 974
8948 6135
2257 6084
5826 5911
3320 2105
3620 3126
1477 882
2566 8638
6227 6061
5681 2528
44 4040
8218 2242
9719 6872
3315 6111
3922 6786
7760 9889
2376 1363
7447 6709
8972 4633
3091 9625
9104 2292
3174 6711
1701 581
6642 5740
4620 7929
1969 8675
918 4664
7889 6539
9002 6989
3775 1204
7445 2924
4287 7888
949 6174
807 8087
4064 9921
8565 3898
6961 3168
102 8091
183 8663
6592 3096
8124 1156
2172 4913
1452 9042
2383 61
7618 454
9731 6159
399 1415
7589 370
8457 1348
7621 4749
8647 8874
8394 2538
629 1961
624 4848
7945 812
8320 3568
8481 2421
1463 493
554 6285
3091 3846
6357 4524
5940 2822
9545 3108
808 9881
4630 4354
3228 8429
7319 9630
1591 1623
6471 4300
5113 2215
5783 768
3189 9785
278 616
6901 1004
4851 7185
1709 6344
5519 7560
669 4001
3883 5064
9418 1477
6259 4865
4495 2647
622 9930
4231 6086
4653 7093
4214 5696
5481 6788
7404 7403
4760 5760
2945 657
7002 5963
3523 1006
1360 8873
3937 544
8374 1595
6460 9707
2354 985
915 7308
3394 9328
6422 5146
842 4400
1188 6988
4391 2676
8436 4945
1954 9151
1466 7733
8739 8956
4181 4990
1886 6451
8046 8118
7826 260
1245 4507
1815 6532
5861 8513
3659 1561
2313 8635
5623 854
3530 3502
4799 6366
1870 8318
6051 6753
2062 3336
4678 1142
7594 6243
714 6565
3177 1992
2851 4892
1424 4423
2936 1018
2580 3637
8624 2947
153 1245
1099 4247
6966 35
8353 5898
9004 5188
4876 756
8251 1066
3661 9555
2472 2197
4189 4375
9267 5649
72 7041
8059 7044
7033 9360
8660 6991
8237 5658
6257 5165
5201 5688
1587 3223
4763 9906
7015 591
8009 9640
9195 5266
7463 1670
2398 1667
7316 8004
5045 1665
5061 3741
9453 9457
6448 2095
7753 4465
9631 1037
6726 4010
3586 4832
1090 4665
5256 8349
4341 8105
9723 9617
1287 9888
1555 3538
1543 3685
1703 5224
5317 6588
6045 6764
8859 1122
5588 8846
6235 2964
3327 5219
6403 2961
7626 6913
1614 3845
8303 9234
8851 5956
5844 8026
1565 6491
6528 3752
5328 3108
6048 4583
1348 6997
8119 8446
7292 6559
5876 3707
5278 3527
2841 9203
2468 8033
8231 467
6054 4082
6390 6534
4560 1257
4100 8587
8691 6125
5585 629
1564 4019
1016 1634
6432 9264
2176 5487
9195 76
3603 8052
7255 825
5211 2796
9616 9723
157 3442
6328 5670
3279 6548
1487 888
3366 7380
4361 178
549 5303
3289 5925
5190 1565
7052 9721
9797 3718
1770 2599
9777 9753
2549 9025
5100 1340
4782 8517
539 5257
8157 7462
8350 3819
1199 9644
6174 8068
9724 1912
4189 6723
8288 3013
2735 5731
9449 1693
644 8884
4989 1219
6596 6773
8113 3891
2408 1696
3306 9247
6709 2948
6767 1463
7460 1412
9480 4318
2582 3634
358 5556
8570 6771
2503 4998
3043 7657
2893 1952
3172 40
6813 7883
1774 9768
7817 4927
4174 534
9834 1123
8938 884
2296 2953
7271 6398
6385 8128
3685 9853
2977 3095
8093 8607
6264 5480
7432 7489
7529 9157
3392 6956
3077 4342
9269 1518
2053 894
8369 3444
680 1887
4841 7307
58 9328
3808 8464
4670 2795
5890 7493
2452 7647
3127 3983
7824 8716
4226 6911
3868 5353
9696 3970
5489 6945
4191 5317
5113 7542
5781 2560
6219 5793
1473 622
9087 2629
5424 5282
9127 109
7756 1314
1650 1580
6648 883
4146 9474
1180 7226
1197 8014
1311 7228
2545 6686
580 5502
8062 4011
9804 6361
6984 634
3263 7630
2912 2423
8884 8688
6354 2039
9971 6640
3875 8004
3831 2972
198 8021
6036 5011
2239 1395
4433 7347
9202 1136
5147 5013
1375 7264
4250 1304
8934 4711
3486 7514
2554 8198
6589 2370
5362 8908
3265 6561
9533 9237
7258 7096
8459 6083
3831 9646
3346 7050
4538 8264
9630 2548
6164 9686
7342 7357
8420 415
4281 2628
826 1906
628 3187
8447 3767
6680 5990
1579 1712
5160 6213
8649 8837
4836 3619
7021 2480
7096 8182
7082 1560
7598 6726
435 3246
13 4940
3920 8855
761 4294
3833 1098
4865 7741
83 2281
345 1546
4111 1662
6852 5506
5477 2760
1592 1688
6222 2499
411 8689
1767 3304
2902 8009
9301 2203
1058 2916
3562 3221
4319 8172
2265 3748
6029 5536
7082 2349
363 6374
8232 7546
306 7215
5255 3710
2561 8251
3292 7829
7485 9324
7333 5059
3614 388
9656 6634
6207 1025
5549 9570
3318 6878
2414 7814
6515 5699
8426 9497
7043 6879
446 6658
6720 3701
8304 5702
9883 5633
4957 1596
6656 7369
4109 2290
5276 6622
7647 117
9687 7835
4713 3196
7363 9358
5057 7128
2977 3878
7109 9835
6494 6372
73 7556
3258 3214
5200 4730
6326 9493
6862 157
8800 9334
5957 7323
7440 428
8264 9956
9505 3480
9190 2977
6457 6868
746 599
435 9434
5806 7856
1764 6929
6495 2232
6962 1374
867 1695
1853 3288
2623 7730
1405 653
7433 4932
4888 8846
8678 5697
8675 4393
7613 7868
8467 5132
919 4712
8920 8902
5831 6725
5309 684
2058 8679
374 2271
1912 2925
7007 8579
5584 887
2171 8413
7259 3018
8715 7059
7805 5937
157 3742
5227 5418
130 8624
7527 6146
9223 9050
9734 9710
8389 4533
3156 8144
1070 8764
7343 1420
2307 8077
2842 9280
2298 4478
7890 101
2390 1013
1108 2047
3817 2547
7524 6335
2481 3948
9350 5051
4761 1704
6237 5437
3581 3151
8267 5746
7166 4651
9081 1962
1242 9474
304 1923
8377 3540
906 4546
2945 7119
6019 2014
8349 6763
7063 3543
8594 7182
8886 6413
8202 9707
9210 1476
7222 1784
2787 7477
9440 740
214 8220
144 7034
6927 6871
7769 4873
8344 7833
6199 715
7478 4363
4258 900
8082 4541
7306 9204
8912 3320
1148 5509
7293 4474
1952 8370
9111 6432
4653 7744
1130 5677
8900 1149
2374 8057
2242 3022
3737 718
1434 8441
9341 7567
8460 2044
1249 3775
7096 5766
7627 6513
987 8244
2967 1272
7705 9291
3387 8430
459 8710
9859 4518
2575 5712
8734 8585
5655 4818
9611 8823
6390 7089
9134 5305
9080 4850
6968 6735
9600 2528
773 4596
5868 587
6231 92
8522 3573
8635 9618
488 5333
1045 4846
3431 3064
4234 9779
8602 9087
2528 197
5502 1344
2546 8014
4749 4583
7111 9515
4111 4349
1289 4236
680 6331
6257 3872
3490 5554
888 4892
9739 3979
3395 8285
4417 3170
8609 3981
530 9371
716 1138
5504 6033
6968 3262
9129 254
955 431
1020 9592
5924 8596
2468 1700
7255 2181
7073 2311
2642 4495
2780 6812
6335 6037
6370 7197
6569 4944
2434 6900
9285 3637
3251 7939
4545 2605
3037 2381
1973 1852
449 409
2109 7897
6430 9269
1580 5716
211 3504
6668 574
2963 2992
6541 3003
4300 9333
2586 9462
9451 6734
1025 8223
829 2703
1436 5570
7423 3866
4275 3409
7659 4224
9845 2736
8453 4089
3945 7778
8352 8664
8008 614
9969 1316
7001 902
6716 4269
7356 5939
4163 6168
5223 4733
304 4992
5210 6659
6420 4079
4655 5837
8573 431
873 4500
2278 7026
2043 4818
1784 631
8299 6403
3657 1754
2375 5300
1240 374
6542 6083
817 1755
6747 1765
4776 1121
1552 1957
7794 1196
1628 6207
707 2719
6098 2501
3671 2986
9969 8141
896 5456
3562 8268
9920 4554
4928 5937
2021 7512
9267 7822
9587 9190
6663 6014
4323 715
8263 8215
4422 8469
1189 9891
8744 1481
819 7287
1780 8768
4224 788
5408 2676
3582 4138
75 5329
2841 8510
6332 8448
3990 8461
827 2271
9338 653
8868 5151
9972 7602
3845 9642
1124 7513
4800 2590
7710 8295
9084 2932
1961 8286
2424 4492
6173 5543
406 8851
3652 5367
3828 3090
5362 7642
8296 4655
6158 4700
8654 7164
3159 6131
9996 2500
1442 635
8930 1149
4081 9152
7438 8014
8859 2394
7938 9862
5065 1384
6751 4696
7786 8717
6360 6931
7939 9500
4201 4656
8172 4097
6580 9207
1707 1331
1966 6577
7726 3149
2301 897
5263 8159
554 6091
2305 474
1859 4844
9540 7371
6088 4962
1894 7326
6827 2448
3456 6185
282 7380
6587 1629
9312 3215
9792 8295
1444 7631
4880 3870
2029 98
2541 143
6970 8935
3779 4847
2218 8829
143 3319
6998 4658
3459 8389
4574 3825
1205 6915
4896 1209
4424 4144
2439 561
8192 568
4438 236
6686 3072
9567 2819
1755 9227
426 6537
1718 1886
1558 2644
3655 1862
6603 8556
8733 7114
381 7530
8739 9938
434 1630
2191 3163
3731 9226
9462 383
9807 4521
7340 2500
8079 9374
5912 5447
7334 8506
7502 7630
5844 5244
3800 1157
4623 8800
6330 2533
8823 5005
2987 5069
8232 5609
4835 5178
1913 8315
2836 649
3149 1720
1094 176
1976 7581
6087 7006
989 5662
906 3589
1099 3185
1985 1058
3591 5722
7079 8315
9736 8766
4375 66
5244 4320
2635 5563
6212 7157
5229 5471
2000 9362
6943 6324
9682 3976
9638 9382
9323 7023
209 6896
7954 422
2497 8546
3214 7897
3015 9576
5995 9302
3623 7390
9305 7591
1101 6258
8082 5518
1232 6330
2654 6434
6762 4527
3909 8689
5712 2752
9648 3232
7 2273
7172 7602
5499 2504
8432 386
9688 4866
8608 4427
2019 9663
5922 7914
3432 3120
9450 356
3142 4664
9191 8457
7146 9904
2656 9452
2684 2858
1484 2304
6258 2691
1547 8656
5394 8109
2975 9980
4407 5082
1098 1583
9497 6426
5898 7020
3728 9281
3945 5349
158 6870
3126 9488
8940 7304
6514 5782
4438 1625
668 7998
3006 7048
5157 2216
2196 8400
9835 4484
2419 2955
9382 933
4305 1917
1198 1632
6981 8033
1255 1496
984 7139
795 4381
6515 9925
7902 7310
1660 953
8001 8570
7138 1019
9419 9510
346 5686
8642 5606
6539 2765
1034 4376
6008 844
5229 8585
81 9342
2833 2836
3569 1065
7342 3629
7291 84
1037 5244
167 5303
6322 5390
1252 3657
9344 2094
7700 7950
716 4338
8714 592
7788 1750
335 1074
416 9370
2206 6768
4186 9602
3231 5776
5860 1528
3125 6874
2177 3250
4992 9644
3301 4852
6946 2597
547 8997
9687 998
1590 7615
9366 8401
5828 9379
8749 6053
2822 6244
2198 7307
3083 7008
4888 5429
8655 5296
4898 4365
4009 7185
2037 6242
5191 3663
9012 5335
6333 2091
9706 8700
3453 4276
7 5424
1478 9281
1878 8756
2415 652
4012 4076
5858 5499
7147 8900
9618 4513
1698 8397
991 3627
3642 87
5422 2535
4626 2655
7707 8108
8736 4332
9757 1160
6794 8743
3851 7587
8239 8672
9100 6266
8117 2251
7503 4958
5824 1616
6365 7121
7101 7522
3962 7357
9892 743
9750 5736
196 4518
5202 7457
8618 8932
4027 4959
2546 5412
436 7878
497 785
9388 9536
847 8614
231 6892
365 6671
545 6596
305 7466
8210 859
6596 197
1067 7960
1770 6792
2077 6270
7581 6740
8504 2456
335 6480
3617 8940
4828 832
5798 3006
6250 2027
8698 2381
8978 6615
4082 5596
6455 5635
5833 8644
2956 9403
2548 3252
5874 4726
1466 4625
7081 9808
6288 6322
5262 3768
952 9905
9263 6443
8470 3103
5484 1865
4833 3521
5469 4462
6450 8915
3911 1924
7680 8635
1887 3219
7946 228
1205 4114
3922 5764
8439 4638
8407 6562
2819 53
6496 5711
8814 8435
300 1319
1192 651
1465 5133
400 6661
4937 7915
6550 663
3883 2617
2845 8438
8904 1829
3945 4050
8689 2826
5740 2384
2438 3448
5511 8559
6994 5286
6605 678
1329 3647
8780 7797
810 2794
710 5533
6196 5748
8365 3612
8402 79
8260 7563
7965 7306
6484 8558
942 6654
6454 2224
7136 9732
1371 8318
5348 482
4129 4328
2126 6677
5823 9262
4795 9288
5036 2885
6498 991
7423 9754
7317 1252
8559 5683
4241 5282
8289 5043
3620 1536
1268 1095
5765 7108
7590 2639
6968 1113
4142 1720
982 5446
4734 6318
9203 2129
9472 6123
5877 2053
3306 6895
2579 9546
4828 8217
9612 6820
8356 9469
565 3232
6692 5977
4968 6330
7444 4283
2355 8288
3734 7938
4256 3337
1818 4821
7296 3460
1865 1290
8186 3173
2719 1523
9740 765
3937 3899
3369 5705
5289 8646
4623 286
2968 1982
6265 9591
7880 6764
4703 8620
8309 7966
9139 8959
8771 127
7769 6435
9608 6989
8512 5955
3072 8679
8931 4605
310 7010
5656 8652
8938 5599
3933 6631
6222 1906
8671 198
5170 454
8421 3374
2333 3479
9958 7560
3996 7457
4446 7728
35 9956
4988 2958
3915 3108
6470 3919
2571 577
2529 8478
5109 7861
9767 6462
6661 1331
8138 4790
8164 8183
1663 6559
471 6850
4307 7973
5701 819
7128 5105
4415 2089
5197 2116
2387 8331
8908 1667
145 1310
5523 1437
4252 1606
9289 5290
81 913
9096 7427
3986 4597
7799 7111
5085 810
1629 8458
3563 7138
9227 8757
7225 7979
2662 776
8795 5964
7274 7922
5712 5292
6898 2797
4440 9964
7229 6188
3615 873
1822 2677
9789 3954
4764 9622
8080 1226
4716 2745
1503 7996
2327 296
1072 5080
1045 4989
9263 6220
1512 4671
3821 4975
4939 8411
951 8261
5486 8520
1198 918
4872 7308
6930 7339
8565 5988
5086 1363
9359 9633
9929 2941
8021 1686
3027 7354
3574 9066
90 2290
7266 5086
9849 3911
8524 8557
3430 800
8071 4010
7670 4628
1967 9295
5284 4601
2316 6884
6517 370
3311 1675
9713 6447
3801 7684
3103 2740
5030 7375
8813 3193
3456 8648
3558 8663
5815 1980
2342 6988
1616 238
9534 12
965 9935
6819 1170
7892 9633
1308 9688
6135 7555
5239 7373
113 6288
15 4694
7887 1496
6496 5181
196 7695
9675 54
3394 2363
2602 8369
4734 1362
1297 2136
3306 2051
1685 4468
4157 1198
5105 2993
6719 6644
2933 344
5039 6832
4680 9300
833 9278
6974 1177
7583 1029
3393 3001
7723 978
2340 5995
4483 2457
4508 3638
8106 7789
5339 6193
5539 2263
5260 444
7140 2258
5442 8193
3845 2179
7810 123
1300 4679
5708 4784
4137 8883
9861 5453
1448 1860
4317 8554
2192 5931
72 8826
1371 6650
5266 1763
8559 6910
9168 526
5071 5700
4231 4611
1086 5268
6299 8393
3177 2386
7621 8360
3813 3667
5527 3835
2389 1614
3897 6197
1375 933
3935 3970
2085 2746
6009 5553
6079 645
2697 5177
6140 7502
9123 3280
1674 3578
5964 5422
3782 1203
4870 9938
125 7596
9210 398
2947 2514
9799 9459
3429 4322
7068 86
5640 1867
8864 3077
4607 8071
5574 1561
4841 7099
678 4697
6471 2867
4071 2994
9284 254
4202 8941
5691 9409
8275 9764
9223 8638
2960 8074
4513 9005
872 6381
5810 153
8224 9736
7649 417
3869 150
1199 8842
1710 899
3893 7671
7925 5781
1074 3178
8939 8479
8243 6766
5404 7215
1641 7466
6471 4717
1098 6154
2659 7343
3431 6908
3678 7236
7386 7432
6275 3899
4798 4938
2609 7985
118 5043
4573 6886
5365 1192
7958 3513
7080 3608
7426 9715
784 8721
4876 3898
7593 1882
5142 3887
1123 1025
4809 5172
5423 8510
9800 1084
5421 6573
1617 2409
5647 5539
3084 2542
6055 7364
7324 7394
3461 3135
8209 4750
8648 4245
2479 9437
3324 2594
9971 7622
9146 4448
9310 4780
5865 4570
7495 9110
7871 1286
3178 9112
1655 9870
7234 2614
8 4062
3550 910
5660 9822
4067 8111
7548 661
3255 6547
521 872
1672 3226
8006 6019
6941 7334
6444 223
7862 4437
3549 667
537 7392
6 1556
1971 4123
5033 6366
6188 1873
9984 7046
7707 6608
3155 3884
4756 7314
6892 28
6047 2781
115 1250
1474 2989
7426 2912
3579 9336
6728 7327
5236 469
4592 3086
5804 7207
5432 5978
9376 8345
4953 5416
9300 3435
749 4460
4488 408
9541 3993
5243 6887
6228 9657
2569 6717
2405 3654
7334 2500
2969 5485
8571 2570
6129 3914
6244 4376
2721 1561
3329 5620
5407 4026
8486 2629
9389 2508
6501 9326
2565 8931
4940 1744
4814 8794
2448 3861
6361 7219
2705 6134
8704 5683
5949 7628
8356 4833
2746 2193
4165 7429
1455 6075
5056 5924
8432 6293
5619 4446
9729 4933
3029 8185
6979 4669
8530 7843
1415 5779
1914 1243
6926 472
4452 6970
8156 9227
7772 2809
6590 902
6978 1937
4213 8046
4339 2034
6480 2645
3930 6311
848 2561
7230 6960
1155 4179
6310 2112
3356 8922
9394 4576
1547 6634
5862 3847
3008 9703
605 3634
1924 9598
3996 7583
5970 6137
5135 4688
999 2450
5012 9065
2377 8199
2378 8594
707 3533
2455 8688
3265 415
7049 8202
8401 1164
867 9263
2898 7761
3711 7824
1760 1174
3663 7708
2396 7730
6532 8798
7864 9747
7946 1544
6491 241
126 324
9012 7198
3965 8934
3488 8629
9793 1014
6630 8241
6002 7012
4837 9528
7054 9713
7421 2949
679 717
9516 6169
5916 7211
5108 3732
325 3862
4186 1599
5149 452
5738 9551
8180 5466
2832 9226
7467 4326
7690 9462
8990 9821
9534 8879
1828 6044
6762 3308
9477 2507
6071 2630
6362 5394
9256 7531
5482 6687
3491 9795
9346 6983
2449 9229
4807 3878
4556 5281
4744 8626
8447 2247
1126 86
2483 7982
7642 2955
1814 5597
8227 7119
8865 4237
1768 4589
7628 8122
4269 3602
585 1120
6701 3615
3845 3034
4668 7861
6487 8402
649 9412
5850 4935
9269 8127
7434 8333
3930 6911
382 9249
9838 2157
3098 9248
3722 7959
1561 7079
4551 7991
7958 2147
1533 1252
5465 1803
205 2553
8317 1953
3240 7206
5334 4168
2501 2509
5772 2768
8369 2784
1293 2506
1754 4560
2519 4392
7823 1828
9819 4080
2579 2374
9978 7777
5933 465
3018 5444
3749 2490
9697 1336
1856 6989
5850 1383
503 4357
3493 7974
480 5225
9785 4787
5531 8587
415 2304
6384 3354
2080 235
4364 5316
5781 2058
3854 297
2788 8799
135 7603
944 8837
6572 1991
2701 3146
1120 7075
2300 2546
7333 7953
6540 2085
741 2864
2570 6955
3542 7126
8794 4650
3061 7907
4556 4575
3374 6915
871 3696
2533 9862
8205 8167
1314 9105
2533 7258
9805 8786
6739 4833
3271 7138
6355 9631
6587 4012
7490 8925
9928 6481
740 2636
7211 2989
6256 5297
5345 586
448 3479
7999 7879
3336 5005
2264 5665
4451 2221
3407 2069
5559 7543
7174 6678
7042 1914
7192 113
6595 885
3521 7120
6461 7335
8984 733
7671 9069
2549 4330
8561 4471
9476 548
2565 8249
471 8092
161 7016
911 3878
6908 2073
339 8086
4551 302
1187 7531
1003 7498
1186 1061
8146 3816
2886 170
852 5817
6640 1787
8687 5765
4015 2468
561 1252
4620 4486
4716 7074
9147 5532
9970 1624
1926 9487
3370 4521
2020 9466
6879 726
4542 3206
9728 5025
7194 3780
1919 581
6346 186
2654 6958
8210 6713
7551 3215
290 9183
4715 2267
243 5789
5276 4685
5558 2170
7988 4999
5725 3930
3488 4867
6244 6619
6752 3217
150 3438
3624 8671
5630 2848
5914 6278
5846 192
9375 3465
5733 6136
1925 442
1479 2328
850 3554
8553 3390
7320 8838
3705 630
3601 809
378 9949
9739 353
5377 6880
9728 9715
2346 7359
3903 1994
5460 8192
680 9631
73 7545
9873 2605
2511 7905
1295 724
5914 7416
4398 8615
5776 9620
5921 8000
4705 2506
9386 2013
1728 6434
3793 5467
7461 426
8618 4049
3680 2921
6818 9298
8256 3753
8010 6692
3768 767
8184 9305
4273 9682
5654 2582
6934 49
2556 7928
9941 1640
4426 8294
3761 8021
8448 8220
2269 1223
496 3418
9069 2301
2406 7315
359 7325
8092 417
9722 4127
161 2628
1563 3995
397 5816
3744 4849
2841 9305
7599 37
4410 7268
1840 1361
8936 9210
2629 461
2762 5784
3099 1698
5375 5168
5585 3458
3937 3467
2448 1660
2007 4099
9915 363
5212 2404
8061 11
6400 4406
1674 5661
3374 810
21 3514
327 2310
8094 9002
7052 3089
4609 7546
7356 2427
2246 6547
8207 1294
1745 1046
1409 6566
8971 8012
8023 2974
7380 3384
9045 4423
1585 9054
8920 2419
1081 1606
6960 9247
8688 5528
9426 4012
6439 3297
9844 6782
4428 5038
6084 4403
970 6173
537 7494
6820 6293
9677 8560
9335 4200
9606 8723
7494 921
8879 8526
4125 4928
6808 2192
6204 9165
2462 6234
3016 8996
386 8659
3062 3797
6322 6470
316 4032
6677 6860
1772 7136
1336 6355
5078 1108
8381 942
5820 8924
3852 3612
5804 6297
5462 660
3246 8361
3709 4277
2936 2615
6412 4095
565 2350
2735 2734
5946 7234
4370 9412
5767 7719
5179 5707
3001 7197
2474 9912
3524 5174
7823 6326
3339 5681
394 9638
3915 6585
9200 4103
4550 3203
1905 1964
4699 1467
8701 4640
405 645
4716 3072
5131 2524
9722 9895
9807 4484
6010 2196
4874 9684
5365 3834
3472 4565
1151 2111
6214 3739
3294 6703
8668 764
8583 5199
6192 9719
364 7285
6709 2949
5473 1433
1328 1840
2676 1547
95 1136
7172 8687
8873 4970
5887 2537
4648 8697
8788 7038
94 7214
4330 2082
3633 8762
8481 2913
6550 6177
9126 5197
6630 3259
1451 952
2499 4311
1799 4128
9167 2595
3917 8971
7860 4392
3089 9804
3195 8860
6074 1877
3959 3289
8403 6756
6021 3944
122 6884
8433 2572
2183 5600
6552 1416
5727 3635
4115 5404
4351 7526
6497 9634
4026 8268
4424 709
9569 7115
8992 7619
7260 1995
8751 9303
9599 5663
8899 4772
3696 9721
1674 7333
8749 5880
5867 4578
9982 828
8354 9982
9616 4333
8953 1203
1912 3642
7109 3378
7349 7833
9828 2453
8108 4610
6625 8579
9703 7707
3781 5525
9210 3400
9280 5455
33 4311
5139 1499
1481 6368
701 9845
7400 7449
7443 9655
9385 9312
3497 4552
3357 6734
7696 3325
1904 1465
9172 4322
9847 1607
1359 2953
4760 9057
3368 6991
8490 1146
7514 4859
4704 6323
3772 8215
4222 2104
7768 7567
2119 3607
342 1265
4590 5476
3293 8038
2360 2846
805 2466
1771 8559
3968 2165
9156 6532
7678 3688
8547 3999
322 5192
9759 9603
1707 447
8014 3982
7589 5827
7092 6486
8314 4283
2322 8034
880 1608
4074 1034
5946 1686
203 5845
2377 6266
9955 5711
9710 6407
1599 4854
4458 6385
6832 1359
1693 2517
8345 4846
1332 9282
